id,year,school_key,school_name,dept_name,origin_dept,exam_no,name,status,dest_school,dest_dept,category,offers_count,offers
CAND_0001,115,nutc_tax,國立臺中科技大學,財政稅務系(商管群),國立臺中科技大學 財政稅務系(商管群),69090076,顏*妤,正取,國立雲林科技大學,國立雲林科技大學會計系,其他學校錄取,6,"國立臺中科技大學財政稅務系(正取); 國立雲林科技大學會計系(正取,分發); 國立臺北科技大學經營管理系(備取); 國立高雄科技大學財政稅務系(正取); 國立臺北商業大學財政稅務系(臺北校區)(備取); 國立臺北商業大學企業管理系(臺北校區)(正取)"
CAND_0002,115,nutc_tax,國立臺中科技大學,財政稅務系(商管群),國立臺中科技大學 財政稅務系(商管群),67090098,吳*,正取,國立高雄科技大學,國立高雄科技大學財務管理系,其他學校錄取,5,"國立臺中科技大學財政稅務系(正取); 國立高雄科技大學財務管理系(正取,分發); 國立高雄科技大學會計資訊系(正取); 國立高雄科技大學財政稅務系(正取); 國立屏東大學財務金融學系(通過)"
CAND_0003,115,nutc_tax,國立臺中科技大學,財政稅務系(商管群),國立臺中科技大學 財政稅務系(商管群),70090017,蘇*,正取,國立高雄科技大學,國立高雄科技大學財政稅務系,其他學校錄取,2,"國立臺中科技大學財政稅務系(正取); 國立高雄科技大學財政稅務系(正取,分發)"
CAND_0004,115,nutc_tax,國立臺中科技大學,財政稅務系(商管群),國立臺中科技大學 財政稅務系(商管群),59090151,*凱,正取,國立臺中科技大學,國立臺中科技大學財政稅務系,原校系/本校留任,2,"國立臺中科技大學財政稅務系(正取,分發); 國立虎尾科技大學財務金融系(正取)"
CAND_0005,115,nutc_tax,國立臺中科技大學,財政稅務系(商管群),國立臺中科技大學 財政稅務系(商管群),57090401,賴*妮,正取,國立臺中科技大學,國立臺中科技大學財政稅務系,原校系/本校留任,4,"國立臺中科技大學財政稅務系(正取,分發); 國立雲林科技大學文化資產維護系(通過); 國立勤益科技大學企業管理系(通過); 中原大學會計學系(備取)"
CAND_0006,115,nutc_tax,國立臺中科技大學,財政稅務系(商管群),國立臺中科技大學 財政稅務系(商管群),56090235,游*瑜,正取,國立臺北護理健康大學,國立臺北護理健康大學健康事業管理系,其他學校錄取,5,"國立臺中科技大學財政稅務系(正取); 國立高雄科技大學行銷與流通管理系(通過); 國立高雄科技大學航運管理系(備取); 國立勤益科技大學企業管理系(通過); 國立臺北護理健康大學健康事業管理系(正取,分發)"
CAND_0007,115,nutc_tax,國立臺中科技大學,財政稅務系(商管群),國立臺中科技大學 財政稅務系(商管群),52090053,朱*心,正取,中原大學,中原大學國際經營與貿易學系,其他學校錄取,3,"國立臺中科技大學財政稅務系(正取); 中原大學國際經營與貿易學系(正取,分發); 中原大學會計學系(備取)"
CAND_0008,115,nutc_tax,國立臺中科技大學,財政稅務系(商管群),國立臺中科技大學 財政稅務系(商管群),68090289,許*茹,正取,國立高雄科技大學,國立高雄科技大學航運管理系,其他學校錄取,4,"國立臺中科技大學財政稅務系(正取); 國立高雄科技大學運籌管理系(正取); 國立高雄科技大學航運管理系(正取,分發); 國立虎尾科技大學企業管理系(正取)"
CAND_0009,115,nutc_tax,國立臺中科技大學,財政稅務系(商管群),國立臺中科技大學 財政稅務系(商管群),59090163,游*,正取,國立臺中科技大學,國立臺中科技大學財政稅務系,原校系/本校留任,2,"國立臺中科技大學財政稅務系(正取,分發); 國立高雄科技大學財政稅務系(通過)"
CAND_0010,115,nutc_tax,國立臺中科技大學,財政稅務系(商管群),國立臺中科技大學 財政稅務系(商管群),56090045,邱*綺,正取,國立臺中科技大學,國立臺中科技大學財政稅務系,原校系/本校留任,2,"國立臺中科技大學財政稅務系(正取,分發); 國立勤益科技大學企業管理系(正取)"
CAND_0011,115,nutc_tax,國立臺中科技大學,財政稅務系(商管群),國立臺中科技大學 財政稅務系(商管群),57090149,陳*葳,正取,中原大學,中原大學會計學系,其他學校錄取,4,"國立臺中科技大學財政稅務系(正取); 國立高雄科技大學行銷與流通管理系(正取); 國立高雄科技大學風險管理與保險系(正取); 中原大學會計學系(備取,分發)"
CAND_0012,115,nutc_tax,國立臺中科技大學,財政稅務系(商管群),國立臺中科技大學 財政稅務系(商管群),58090214,吳*芦,正取,國立臺中科技大學,國立臺中科技大學財政稅務系,原校系/本校留任,2,"國立臺中科技大學財政稅務系(正取,分發); 國立虎尾科技大學財務金融系(正取)"
CAND_0013,115,nutc_tax,國立臺中科技大學,財政稅務系(商管群),國立臺中科技大學 財政稅務系(商管群),64090517,彭*珊,正取,國立臺中科技大學,國立臺中科技大學財政稅務系,原校系/本校留任,3,"國立臺中科技大學財政稅務系(正取,分發); 國立高雄科技大學行銷與流通管理系(通過); 國立高雄科技大學財政稅務系(通過)"
CAND_0014,115,nutc_tax,國立臺中科技大學,財政稅務系(商管群),國立臺中科技大學 財政稅務系(商管群),61090184,*婷,正取,逢甲大學,逢甲大學財稅學系,其他學校錄取,4,"國立臺中科技大學財政稅務系(正取); 中原大學會計學系(備取); 逢甲大學會計學系(備取); 逢甲大學財稅學系(正取,分發)"
CAND_0015,115,nutc_tax,國立臺中科技大學,財政稅務系(商管群),國立臺中科技大學 財政稅務系(商管群),61090441,張*璇,正取,國立臺中科技大學,國立臺中科技大學財政稅務系,原校系/本校留任,3,"國立臺中科技大學財政稅務系(正取,分發); 國立勤益科技大學企業管理系(通過); 國立臺中教育大學國際企業學系(通過)"
CAND_0016,115,nutc_tax,國立臺中科技大學,財政稅務系(商管群),國立臺中科技大學 財政稅務系(商管群),57090787,張*晴,正取,國立臺中科技大學,國立臺中科技大學財政稅務系,原校系/本校留任,2,"國立臺中科技大學財政稅務系(正取,分發); 國立勤益科技大學企業管理系(正取)"
CAND_0017,115,nutc_tax,國立臺中科技大學,財政稅務系(商管群),國立臺中科技大學 財政稅務系(商管群),61090071,*妤,正取,—,—,未分發或放棄,1,國立臺中科技大學財政稅務系(正取)
CAND_0018,115,nutc_tax,國立臺中科技大學,財政稅務系(商管群),國立臺中科技大學 財政稅務系(商管群),52090206,蘇*祐,正取,國立臺中科技大學,國立臺中科技大學財政稅務系,原校系/本校留任,3,"國立臺中科技大學財政稅務系(正取,分發); 中原大學會計學系(備取); 銘傳大學會計學系(台北校區)(通過)"
CAND_0019,115,nutc_tax,國立臺中科技大學,財政稅務系(商管群),國立臺中科技大學 財政稅務系(商管群),61090091,陳*妤,正取,國立臺中科技大學,國立臺中科技大學財政稅務系,原校系/本校留任,2,"國立臺中科技大學財政稅務系(正取,分發); 靜宜大學財務金融學系(正取)"
CAND_0020,115,nutc_tax,國立臺中科技大學,財政稅務系(商管群),國立臺中科技大學 財政稅務系(商管群),68530034,陳*豪,正取,國立高雄科技大學,國立高雄科技大學運籌管理系,其他學校錄取,3,"國立臺中科技大學財政稅務系(正取); 國立高雄科技大學運籌管理系(正取,分發); 國立勤益科技大學行銷與流通管理系(通過)"
CAND_0021,115,nutc_tax,國立臺中科技大學,財政稅務系(商管群),國立臺中科技大學 財政稅務系(商管群),61090051,許*欣,正取,國立臺中科技大學,國立臺中科技大學財政稅務系,原校系/本校留任,3,"國立臺中科技大學財政稅務系(正取,分發); 國立勤益科技大學企業管理系(通過); 朝陽科技大學財務金融系(通過)"
CAND_0022,115,nutc_tax,國立臺中科技大學,財政稅務系(商管群),國立臺中科技大學 財政稅務系(商管群),57091047,維*銓,正取,國立臺中科技大學,國立臺中科技大學財政稅務系,原校系/本校留任,3,"國立臺中科技大學財政稅務系(正取,分發); 國立高雄科技大學金融系(備取); 國立高雄科技大學財政稅務系(備取)"
CAND_0023,115,nutc_tax,國立臺中科技大學,財政稅務系(商管群),國立臺中科技大學 財政稅務系(商管群),61090869,陳*,正取,逢甲大學,逢甲大學財稅學系,其他學校錄取,2,"國立臺中科技大學財政稅務系(正取); 逢甲大學財稅學系(備取,分發)"
CAND_0024,115,nutc_tax,國立臺中科技大學,財政稅務系(商管群),國立臺中科技大學 財政稅務系(商管群),54090398,陳*,正取,國立虎尾科技大學,國立虎尾科技大學工業管理系,其他學校錄取,4,"國立臺中科技大學財政稅務系(正取); 國立虎尾科技大學工業管理系(正取,分發); 國立虎尾科技大學企業管理系(備取); 國立臺北護理健康大學生死與健康心理諮商系(通過)"
CAND_0025,115,nutc_tax,國立臺中科技大學,財政稅務系(商管群),國立臺中科技大學 財政稅務系(商管群),52090303,陳*茜,正取,國立臺中科技大學,國立臺中科技大學財政稅務系,原校系/本校留任,2,"國立臺中科技大學財政稅務系(正取,分發); 國立勤益科技大學資訊管理系(正取)"
CAND_0026,115,nutc_tax,國立臺中科技大學,財政稅務系(商管群),國立臺中科技大學 財政稅務系(商管群),70090053,林*欣,正取,—,—,未分發或放棄,2,國立臺中科技大學財政稅務系(正取); 國立勤益科技大學行銷與流通管理系(正取)
CAND_0027,115,nutc_tax,國立臺中科技大學,財政稅務系(商管群),國立臺中科技大學 財政稅務系(商管群),64090528,陳*綸,正取,國立臺中科技大學,國立臺中科技大學財政稅務系,原校系/本校留任,2,"國立臺中科技大學財政稅務系(正取,分發); 逢甲大學合作經濟暨社會事業經營學系(通過)"
CAND_0028,115,nutc_tax,國立臺中科技大學,財政稅務系(商管群),國立臺中科技大學 財政稅務系(商管群),70090886,維*,正取,國立高雄科技大學,國立高雄科技大學財政稅務系,其他學校錄取,6,"國立臺中科技大學財政稅務系(正取); 國立雲林科技大學企業管理系(正取); 國立高雄科技大學運籌管理系(通過); 國立高雄科技大學金融系(備取); 國立高雄科技大學財政稅務系(備取,分發); 國立勤益科技大學工業工程與管理系(通過)"
CAND_0029,115,nutc_tax,國立臺中科技大學,財政稅務系(商管群),國立臺中科技大學 財政稅務系(商管群),61091022,*筑,正取,逢甲大學,逢甲大學會計學系,其他學校錄取,6,"國立臺中科技大學財政稅務系(正取); 國立雲林科技大學會計系(備取); 國立高雄科技大學財政稅務系(通過); 國立臺北商業大學財政稅務系(臺北校區)(備取); 逢甲大學會計學系(正取,分發); 逢甲大學財稅學系(通過)"
CAND_0030,115,nutc_tax,國立臺中科技大學,財政稅務系(商管群),國立臺中科技大學 財政稅務系(商管群),70090551,柯*緹,正取,國立臺中科技大學,國立臺中科技大學財政稅務系,原校系/本校留任,1,"國立臺中科技大學財政稅務系(正取,分發)"
CAND_0031,115,nutc_tax,國立臺中科技大學,財政稅務系(商管群),國立臺中科技大學 財政稅務系(商管群),61090665,顏*,正取,逢甲大學,逢甲大學財稅學系,其他學校錄取,4,"國立臺中科技大學財政稅務系(正取); 國立高雄科技大學會計資訊系(正取); 國立高雄科技大學財政稅務系(正取); 逢甲大學財稅學系(正取,分發)"
CAND_0032,115,nutc_tax,國立臺中科技大學,財政稅務系(商管群),國立臺中科技大學 財政稅務系(商管群),64090044,蕭*,正取,國立臺中科技大學,國立臺中科技大學財政稅務系,原校系/本校留任,3,"國立臺中科技大學財政稅務系(正取,分發); 國立高雄科技大學金融系(通過); 國立高雄科技大學財政稅務系(通過)"
CAND_0033,115,nutc_tax,國立臺中科技大學,財政稅務系(商管群),國立臺中科技大學 財政稅務系(商管群),56090111,F*霆,正取,國立臺中科技大學,國立臺中科技大學財政稅務系,原校系/本校留任,2,"國立臺中科技大學財政稅務系(正取,分發); 國立勤益科技大學企業管理系(正取)"
CAND_0034,115,nutc_tax,國立臺中科技大學,財政稅務系(商管群),國立臺中科技大學 財政稅務系(商管群),61090169,李*,正取,國立臺中科技大學,國立臺中科技大學財政稅務系,原校系/本校留任,2,"國立臺中科技大學財政稅務系(正取,分發); 國立屏東科技大學財務金融國際學士學位學程(正取)"
CAND_0035,115,nutc_tax,國立臺中科技大學,財政稅務系(商管群),國立臺中科技大學 財政稅務系(商管群),57090789,維*筑,正取,國立臺中科技大學,國立臺中科技大學財政稅務系,原校系/本校留任,3,"國立臺中科技大學財政稅務系(正取,分發); 國立勤益科技大學行銷與流通管理系(通過); 逢甲大學會計學系(通過)"
CAND_0036,115,nutc_tax,國立臺中科技大學,財政稅務系(商管群),國立臺中科技大學 財政稅務系(商管群),52090608,陳*庭,正取,國立臺北護理健康大學,國立臺北護理健康大學資訊管理系,其他學校錄取,4,"國立臺中科技大學財政稅務系(正取); 國立臺北護理健康大學健康事業管理系(通過); 國立臺北護理健康大學資訊管理系(備取,分發); 國立臺北商業大學會計資訊系(臺北校區)(備取)"
CAND_0037,115,nutc_tax,國立臺中科技大學,財政稅務系(商管群),國立臺中科技大學 財政稅務系(商管群),51090018,徐*軒,正取,中原大學,中原大學國際經營與貿易學系,其他學校錄取,3,"國立臺中科技大學財政稅務系(正取); 國立高雄科技大學財政稅務系(正取); 中原大學國際經營與貿易學系(正取,分發)"
CAND_0038,115,nutc_tax,國立臺中科技大學,財政稅務系(商管群),國立臺中科技大學 財政稅務系(商管群),61090785,—,正取,國立臺中科技大學,國立臺中科技大學財政稅務系,原校系/本校留任,2,"國立臺中科技大學財政稅務系(正取,分發); 國立高雄科技大學智慧商務系(通過)"
CAND_0039,115,nutc_tax,國立臺中科技大學,財政稅務系(商管群),國立臺中科技大學 財政稅務系(商管群),64090544,*庭,正取,國立高雄科技大學,國立高雄科技大學商務資訊應用系,其他學校錄取,4,"國立臺中科技大學財政稅務系(正取); 國立高雄科技大學運籌管理系(通過); 國立高雄科技大學商務資訊應用系(正取,分發); 亞洲大學會計與資訊學系(通過)"
CAND_0040,115,nutc_tax,國立臺中科技大學,財政稅務系(商管群),國立臺中科技大學 財政稅務系(商管群),58090545,吳*,正取,國立臺中科技大學,國立臺中科技大學財政稅務系,原校系/本校留任,2,"國立臺中科技大學財政稅務系(正取,分發); 國立高雄科技大學財政稅務系(通過)"
CAND_0041,115,nutc_tax,國立臺中科技大學,財政稅務系(商管群),國立臺中科技大學 財政稅務系(商管群),56090011,陳*佑,正取,國立虎尾科技大學,國立虎尾科技大學財務金融系,其他學校錄取,4,"國立臺中科技大學財政稅務系(正取); 國立高雄科技大學會計資訊系(通過); 國立虎尾科技大學財務金融系(備取,分發); 國立勤益科技大學行銷與流通管理系(通過)"
CAND_0042,115,nutc_tax,國立臺中科技大學,財政稅務系(商管群),國立臺中科技大學 財政稅務系(商管群),68530094,陳*玟,正取,國立高雄科技大學,國立高雄科技大學供應鏈管理系,其他學校錄取,2,"國立臺中科技大學財政稅務系(正取); 國立高雄科技大學供應鏈管理系(正取,分發)"
CAND_0043,115,nutc_tax,國立臺中科技大學,財政稅務系(商管群),國立臺中科技大學 財政稅務系(商管群),61091054,許*瑜,正取,靜宜大學,靜宜大學財務金融學系,其他學校錄取,4,"國立臺中科技大學財政稅務系(正取); 朝陽科技大學財務金融系(通過); 僑光科技大學財務金融系(通過); 靜宜大學財務金融學系(正取,分發)"
CAND_0044,115,nutc_tax,國立臺中科技大學,財政稅務系(商管群),國立臺中科技大學 財政稅務系(商管群),68090436,*妤,正取,國立臺中科技大學,國立臺中科技大學財政稅務系,原校系/本校留任,5,"國立臺中科技大學財政稅務系(正取,分發); 國立高雄科技大學金融系(備取); 國立高雄科技大學財政稅務系(通過); 國立高雄科技大學航運管理系(通過); 國立臺北商業大學商業設計管理系(桃園校區)(通過)"
CAND_0045,115,nutc_tax,國立臺中科技大學,財政稅務系(商管群),國立臺中科技大學 財政稅務系(商管群),58090033,*和,正取,國立臺中教育大學,國立臺中教育大學國際企業學系,其他學校錄取,4,"國立臺中科技大學財政稅務系(正取); 國立雲林科技大學文化資產維護系(通過); 國立臺中教育大學國際企業學系(正取,分發); 逢甲大學財稅學系(備取)"
CAND_0046,115,nutc_tax,國立臺中科技大學,財政稅務系(商管群),國立臺中科技大學 財政稅務系(商管群),68090491,薛*,正取,國立臺中科技大學,國立臺中科技大學財政稅務系,原校系/本校留任,3,"國立臺中科技大學財政稅務系(正取,分發); 國立高雄科技大學會計資訊系(備取); 國立臺北商業大學商業設計管理系(桃園校區)(備取)"
CAND_0047,115,nutc_tax,國立臺中科技大學,財政稅務系(商管群),國立臺中科技大學 財政稅務系(商管群),59090318,何*,正取,國立臺中科技大學,國立臺中科技大學財政稅務系,原校系/本校留任,3,"國立臺中科技大學財政稅務系(正取,分發); 國立勤益科技大學工業工程與管理系(正取); 逢甲大學會計學系(備取)"
CAND_0048,115,nutc_tax,國立臺中科技大學,財政稅務系(商管群),國立臺中科技大學 財政稅務系(商管群),57090295,陳*,正取,國立臺中科技大學,國立臺中科技大學財政稅務系,原校系/本校留任,1,"國立臺中科技大學財政稅務系(正取,分發)"
CAND_0049,115,nutc_tax,國立臺中科技大學,財政稅務系(商管群),國立臺中科技大學 財政稅務系(商管群),57090217,陳*琳,正取,國立臺中科技大學,國立臺中科技大學財政稅務系,原校系/本校留任,4,"國立臺中科技大學財政稅務系(正取,分發); 國立高雄科技大學運籌管理系(備取); 朝陽科技大學財務金融系(正取); 致理科技大學財務金融系(備取)"
CAND_0050,115,nutc_tax,國立臺中科技大學,財政稅務系(商管群),國立臺中科技大學 財政稅務系(商管群),68090277,柯*,正取,國立臺中科技大學,國立臺中科技大學財政稅務系,原校系/本校留任,1,"國立臺中科技大學財政稅務系(正取,分發)"
CAND_0051,115,nutc_tax,國立臺中科技大學,財政稅務系(商管群),國立臺中科技大學 財政稅務系(商管群),64090518,*綺,正取,國立臺中科技大學,國立臺中科技大學財政稅務系,原校系/本校留任,2,"國立臺中科技大學財政稅務系(正取,分發); 逢甲大學會計學系(備取)"
CAND_0052,115,nutc_tax,國立臺中科技大學,財政稅務系(商管群),國立臺中科技大學 財政稅務系(商管群),67090302,林*純,正取,國立臺中科技大學,國立臺中科技大學財政稅務系,原校系/本校留任,6,"國立臺中科技大學財政稅務系(正取,分發); 國立高雄科技大學行銷與流通管理系(通過); 國立高雄科技大學會計資訊系(正取); 國立高雄科技大學財政稅務系(正取); 國立勤益科技大學人工智慧應用工程系(通過); 國立臺北商業大學財政稅務系(臺北校區)(通過)"
CAND_0053,115,nutc_tax,國立臺中科技大學,財政稅務系(商管群),國立臺中科技大學 財政稅務系(商管群),61090514,林*融,正取,國立臺中科技大學,國立臺中科技大學財政稅務系,原校系/本校留任,5,"國立臺中科技大學財政稅務系(正取,分發); 國立高雄科技大學會計資訊系(通過); 國立高雄科技大學財政稅務系(備取); 國立虎尾科技大學工業管理系(通過); 國立高雄餐旅大學航空暨運輸服務管理系(通過)"
CAND_0054,115,nutc_tax,國立臺中科技大學,財政稅務系(商管群),國立臺中科技大學 財政稅務系(商管群),61090518,張*妡,備取,逢甲大學,逢甲大學會計學系,其他學校錄取,4,"國立臺中科技大學財政稅務系(備取); 國立高雄科技大學會計資訊系(備取); 國立高雄科技大學財政稅務系(備取); 逢甲大學會計學系(備取,分發)"
CAND_0055,115,nutc_tax,國立臺中科技大學,財政稅務系(商管群),國立臺中科技大學 財政稅務系(商管群),57090086,陳*璇,備取,國立臺中科技大學,國立臺中科技大學財政稅務系,原校系/本校留任,4,"國立臺中科技大學財政稅務系(備取,分發); 國立勤益科技大學行銷與流通管理系(正取); 逢甲大學合作經濟暨社會事業經營學系(正取); 銘傳大學會計學系(台北校區)(備取)"
CAND_0056,115,nutc_tax,國立臺中科技大學,財政稅務系(商管群),國立臺中科技大學 財政稅務系(商管群),62090009,*畇,備取,—,—,未分發或放棄,1,國立臺中科技大學財政稅務系(備取)
CAND_0057,115,nutc_tax,國立臺中科技大學,財政稅務系(商管群),國立臺中科技大學 財政稅務系(商管群),59090232,徐*,備取,國立臺中科技大學,國立臺中科技大學財政稅務系,原校系/本校留任,2,"國立臺中科技大學財政稅務系(備取,分發); 逢甲大學會計學系(通過)"
CAND_0058,115,nutc_tax,國立臺中科技大學,財政稅務系(商管群),國立臺中科技大學 財政稅務系(商管群),52090466,鄭*,備取,國立臺中科技大學,國立臺中科技大學財政稅務系,原校系/本校留任,4,"國立臺中科技大學財政稅務系(備取,分發); 國立高雄科技大學金融系(備取); 國立高雄科技大學財政稅務系(備取); 國立虎尾科技大學工業管理系(通過)"
CAND_0059,115,nutc_tax,國立臺中科技大學,財政稅務系(商管群),國立臺中科技大學 財政稅務系(商管群),58090548,吳*諠,備取,國立臺中科技大學,國立臺中科技大學財政稅務系,原校系/本校留任,1,"國立臺中科技大學財政稅務系(備取,分發)"
CAND_0060,115,nutc_tax,國立臺中科技大學,財政稅務系(商管群),國立臺中科技大學 財政稅務系(商管群),55090291,陳*淇,備取,國立臺中科技大學,國立臺中科技大學財政稅務系,原校系/本校留任,2,"國立臺中科技大學財政稅務系(備取,分發); 實踐大學財務金融學系(臺北校區)(備取)"
CAND_0061,115,nutc_tax,國立臺中科技大學,財政稅務系(商管群),國立臺中科技大學 財政稅務系(商管群),59090050,*V,備取,國立臺中科技大學,國立臺中科技大學財政稅務系,原校系/本校留任,1,"國立臺中科技大學財政稅務系(備取,分發)"
CAND_0062,115,nutc_tax,國立臺中科技大學,財政稅務系(商管群),國立臺中科技大學 財政稅務系(商管群),56090064,*晉,備取,國立臺中科技大學,國立臺中科技大學財政稅務系,原校系/本校留任,1,"國立臺中科技大學財政稅務系(備取,分發)"
CAND_0063,115,nutc_tax,國立臺中科技大學,財政稅務系(商管群),國立臺中科技大學 財政稅務系(商管群),70090045,陳*淇,備取,國立臺中科技大學,國立臺中科技大學財政稅務系,原校系/本校留任,1,"國立臺中科技大學財政稅務系(備取,分發)"
CAND_0064,115,nutc_tax,國立臺中科技大學,財政稅務系(商管群),國立臺中科技大學 財政稅務系(商管群),61090506,張*喬,備取,逢甲大學,逢甲大學財稅學系,其他學校錄取,4,"國立臺中科技大學財政稅務系(備取); 國立高雄科技大學會計資訊系(正取); 朝陽科技大學財務金融系(正取); 逢甲大學財稅學系(備取,分發)"
CAND_0065,115,nutc_tax,國立臺中科技大學,財政稅務系(商管群),國立臺中科技大學 財政稅務系(商管群),61090409,邱*菘,備取,國立臺中科技大學,國立臺中科技大學財政稅務系,原校系/本校留任,1,"國立臺中科技大學財政稅務系(備取,分發)"
CAND_0066,115,nutc_tax,國立臺中科技大學,財政稅務系(商管群),國立臺中科技大學 財政稅務系(商管群),68090360,—,備取,國立臺中科技大學,國立臺中科技大學財政稅務系,原校系/本校留任,2,"國立臺中科技大學財政稅務系(備取,分發); 國立高雄科技大學風險管理與保險系(備取)"
CAND_0067,115,nutc_tax,國立臺中科技大學,財政稅務系(商管群),國立臺中科技大學 財政稅務系(商管群),68090321,林*米,備取,國立臺中科技大學,國立臺中科技大學財政稅務系,原校系/本校留任,2,"國立臺中科技大學財政稅務系(備取,分發); 國立高雄科技大學航運管理系(備取)"
CAND_0068,115,nutc_tax,國立臺中科技大學,財政稅務系(商管群),國立臺中科技大學 財政稅務系(商管群),52090194,吳*楷,備取,國立臺中科技大學,國立臺中科技大學財政稅務系,原校系/本校留任,3,"國立臺中科技大學財政稅務系(備取,分發); 國立屏東大學會計學系(正取); 銘傳大學會計學系(台北校區)(備取)"
CAND_0069,115,nutc_tax,國立臺中科技大學,財政稅務系(商管群),國立臺中科技大學 財政稅務系(商管群),52090330,黄*瑜,備取,國立臺中科技大學,國立臺中科技大學財政稅務系,原校系/本校留任,1,"國立臺中科技大學財政稅務系(備取,分發)"
CAND_0070,115,nutc_tax,國立臺中科技大學,財政稅務系(商管群),國立臺中科技大學 財政稅務系(商管群),61091170,郭*恩,備取,國立臺中科技大學,國立臺中科技大學財政稅務系,原校系/本校留任,3,"國立臺中科技大學財政稅務系(備取,分發); 國立虎尾科技大學企業管理系(正取); 國立勤益科技大學企業管理系(正取)"
CAND_0071,115,nutc_tax,國立臺中科技大學,財政稅務系(商管群),國立臺中科技大學 財政稅務系(商管群),64090193,*真,備取,國立臺中科技大學,國立臺中科技大學財政稅務系,原校系/本校留任,2,"國立臺中科技大學財政稅務系(備取,分發); 國立高雄科技大學風險管理與保險系(備取)"
CAND_0072,115,nutc_tax,國立臺中科技大學,財政稅務系(商管群),國立臺中科技大學 財政稅務系(商管群),66090058,江*,備取,國立臺中科技大學,國立臺中科技大學財政稅務系,原校系/本校留任,2,"國立臺中科技大學財政稅務系(備取,分發); 國立屏東科技大學資訊管理系(通過)"
CAND_0073,115,nutc_tax,國立臺中科技大學,財政稅務系(商管群),國立臺中科技大學 財政稅務系(商管群),58090523,F*欣,備取,國立臺中科技大學,國立臺中科技大學財政稅務系,原校系/本校留任,1,"國立臺中科技大學財政稅務系(備取,分發)"
CAND_0074,115,nutc_tax,國立臺中科技大學,財政稅務系(商管群),國立臺中科技大學 財政稅務系(商管群),52090394,郭*宗,備取,國立虎尾科技大學,國立虎尾科技大學工業管理系,其他學校錄取,2,"國立臺中科技大學財政稅務系(備取); 國立虎尾科技大學工業管理系(正取,分發)"
CAND_0075,115,nutc_tax,國立臺中科技大學,財政稅務系(商管群),國立臺中科技大學 財政稅務系(商管群),76090057,彭*,備取,實踐大學,實踐大學財務金融學系(臺北校區),其他學校錄取,4,"國立臺中科技大學財政稅務系(備取); 致理科技大學財務金融系(通過); 銘傳大學國際企業學系(台北校區)(備取); 實踐大學財務金融學系(臺北校區)(正取,分發)"
CAND_0076,115,nutc_tax,國立臺中科技大學,財政稅務系(商管群),國立臺中科技大學 財政稅務系(商管群),52090524,*渝,備取,國立臺北護理健康大學,國立臺北護理健康大學健康事業管理系,其他學校錄取,4,"國立臺中科技大學財政稅務系(備取); 國立臺北護理健康大學高齡健康照護系(正取); 國立臺北護理健康大學健康事業管理系(正取,分發); 國立臺北護理健康大學休閒產業與健康促進系(備取)"
CAND_0077,115,nutc_tax,國立臺中科技大學,財政稅務系(商管群),國立臺中科技大學 財政稅務系(商管群),64090057,吳*,備取,國立臺中科技大學,國立臺中科技大學財政稅務系,原校系/本校留任,1,"國立臺中科技大學財政稅務系(備取,分發)"
CAND_0078,115,nutc_tax,國立臺中科技大學,財政稅務系(商管群),國立臺中科技大學 財政稅務系(商管群),61090082,維*永,備取,國立臺中科技大學,國立臺中科技大學財政稅務系,原校系/本校留任,3,"國立臺中科技大學財政稅務系(備取,分發); 朝陽科技大學企業管理系(通過); 亞洲大學財務金融學系(正取)"
CAND_0079,115,nutc_tax,國立臺中科技大學,財政稅務系(商管群),國立臺中科技大學 財政稅務系(商管群),68090569,葵*大,備取,國立高雄科技大學,國立高雄科技大學運籌管理系,其他學校錄取,4,"國立臺中科技大學財政稅務系(備取); 國立屏東科技大學工業管理系(通過); 國立高雄科技大學運籌管理系(備取,分發); 國立虎尾科技大學工業管理系(正取)"
CAND_0080,115,nutc_tax,國立臺中科技大學,財政稅務系(商管群),國立臺中科技大學 財政稅務系(商管群),65090216,許*榛,備取,國立臺中科技大學,國立臺中科技大學財政稅務系,原校系/本校留任,1,"國立臺中科技大學財政稅務系(備取,分發)"
CAND_0081,115,nutc_tax,國立臺中科技大學,財政稅務系(商管群),國立臺中科技大學 財政稅務系(商管群),68090502,黄*媛,備取,—,—,未分發或放棄,4,國立臺中科技大學財政稅務系(備取); 國立屏東科技大學資訊管理系(通過); 國立高雄科技大學航運管理系(備取); 國立虎尾科技大學工業管理系(正取)
CAND_0082,115,nutc_tax,國立臺中科技大學,財政稅務系(商管群),國立臺中科技大學 財政稅務系(商管群),70090724,—,備取,國立高雄科技大學,國立高雄科技大學運籌管理系,其他學校錄取,4,"國立臺中科技大學財政稅務系(備取); 國立高雄科技大學運籌管理系(備取,分發); 國立勤益科技大學工業工程與管理系(備取); 國立屏東大學資訊管理學系(正取)"
CAND_0083,115,nutc_tax,國立臺中科技大學,財政稅務系(商管群),國立臺中科技大學 財政稅務系(商管群),58090056,宋*緯,備取,—,—,未分發或放棄,1,國立臺中科技大學財政稅務系(備取)
CAND_0084,115,nutc_tax,國立臺中科技大學,財政稅務系(商管群),國立臺中科技大學 財政稅務系(商管群),57090783,祝*婷,備取,—,—,未分發或放棄,1,國立臺中科技大學財政稅務系(備取)
CAND_0085,115,nutc_tax,國立臺中科技大學,財政稅務系(商管群),國立臺中科技大學 財政稅務系(商管群),57090705,張*瑄,備取,—,—,未分發或放棄,2,國立臺中科技大學財政稅務系(備取); 逢甲大學會計學系(備取)
CAND_0086,115,nutc_tax,國立臺中科技大學,財政稅務系(商管群),國立臺中科技大學 財政稅務系(商管群),61090525,紀*劭,備取,—,—,未分發或放棄,1,國立臺中科技大學財政稅務系(備取)
CAND_0087,115,nutc_tax,國立臺中科技大學,財政稅務系(商管群),國立臺中科技大學 財政稅務系(商管群),64090169,葉*妤,備取,—,—,未分發或放棄,3,國立臺中科技大學財政稅務系(備取); 國立虎尾科技大學工業管理系(通過); 國立臺北護理健康大學健康事業管理系(正取)
CAND_0088,115,nutc_tax,國立臺中科技大學,財政稅務系(商管群),國立臺中科技大學 財政稅務系(商管群),70090754,許*錦,備取,國立高雄科技大學,國立高雄科技大學行銷與流通管理系,其他學校錄取,2,"國立臺中科技大學財政稅務系(備取); 國立高雄科技大學行銷與流通管理系(正取,分發)"
CAND_0089,115,nutc_tax,國立臺中科技大學,財政稅務系(商管群),國立臺中科技大學 財政稅務系(商管群),70090651,李*霏,備取,—,—,未分發或放棄,1,國立臺中科技大學財政稅務系(備取)
CAND_0090,115,nutc_tax,國立臺中科技大學,財政稅務系(商管群),國立臺中科技大學 財政稅務系(商管群),65090055,*慈,備取,國立高雄科技大學,國立高雄科技大學資訊管理系,其他學校錄取,2,"國立臺中科技大學財政稅務系(備取); 國立高雄科技大學資訊管理系(備取,分發)"
CAND_0091,115,nutc_tax,國立臺中科技大學,財政稅務系(商管群),國立臺中科技大學 財政稅務系(商管群),64090238,林*程,備取,—,—,未分發或放棄,4,國立臺中科技大學財政稅務系(備取); 國立高雄科技大學運籌管理系(通過); 國立高雄科技大學行銷與流通管理系(通過); 國立虎尾科技大學工業管理系(通過)
CAND_0092,115,nutc_tax,國立臺中科技大學,財政稅務系(商管群),國立臺中科技大學 財政稅務系(商管群),59090181,何*岑,備取,國立虎尾科技大學,國立虎尾科技大學工業管理系,其他學校錄取,2,"國立臺中科技大學財政稅務系(備取); 國立虎尾科技大學工業管理系(正取,分發)"
CAND_0093,115,nutc_tax,國立臺中科技大學,財政稅務系(商管群),國立臺中科技大學 財政稅務系(商管群),69090045,鄭*,備取,—,—,未分發或放棄,3,國立臺中科技大學財政稅務系(備取); 國立屏東大學國際經營與貿易學系(通過); 國立屏東大學資訊管理學系(通過)
CAND_0094,115,nutc_tax,國立臺中科技大學,財政稅務系(商管群),國立臺中科技大學 財政稅務系(商管群),70090706,F*,備取,—,—,未分發或放棄,3,國立臺中科技大學財政稅務系(備取); 南臺科技大學財務金融系(通過); 台南應用科技大學財務金融系(通過)
CAND_0095,115,nutc_tax,國立臺中科技大學,財政稅務系(商管群),國立臺中科技大學 財政稅務系(商管群),59090051,*舫,備取,國立勤益科技大學,國立勤益科技大學工業工程與管理系,其他學校錄取,3,"國立臺中科技大學財政稅務系(備取); 國立虎尾科技大學工業管理系(正取); 國立勤益科技大學工業工程與管理系(備取,分發)"
CAND_0096,115,nutc_tax,國立臺中科技大學,財政稅務系(商管群),國立臺中科技大學 財政稅務系(商管群),70090077,朱*,備取,—,—,未分發或放棄,1,國立臺中科技大學財政稅務系(備取)
CAND_0097,115,nutc_tax,國立臺中科技大學,財政稅務系(商管群),國立臺中科技大學 財政稅務系(商管群),58090393,*鈞,備取,國立屏東大學,國立屏東大學會計學系,其他學校錄取,2,"國立臺中科技大學財政稅務系(備取); 國立屏東大學會計學系(正取,分發)"
CAND_0098,115,nutc_tax,國立臺中科技大學,財政稅務系(商管群),國立臺中科技大學 財政稅務系(商管群),67090274,李*妤,備取,國立臺中科技大學,國立臺中科技大學財政稅務系,原校系/本校留任,2,"國立臺中科技大學財政稅務系(備取,分發); 樹德科技大學金融管理系(通過)"
CAND_0099,115,nutc_tax,國立臺中科技大學,財政稅務系(商管群),國立臺中科技大學 財政稅務系(商管群),52090318,馮*閔,備取,國立臺北護理健康大學,國立臺北護理健康大學護理系,其他學校錄取,3,"國立臺中科技大學財政稅務系(通過); 國立臺北護理健康大學護理系(通過,分發); 實踐大學企業管理學系(臺北校區)(備取)"
CAND_0100,115,nutc_tax,國立臺中科技大學,財政稅務系(商管群),國立臺中科技大學 財政稅務系(商管群),52090358,徐*真,備取,銘傳大學,銘傳大學會計學系(台北校區),其他學校錄取,4,"國立臺中科技大學財政稅務系(通過); 國立高雄科技大學財政稅務系(通過); 逢甲大學財稅學系(通過); 銘傳大學會計學系(台北校區)(正取,分發)"
CAND_0101,115,nutc_tax,國立臺中科技大學,財政稅務系(商管群),國立臺中科技大學 財政稅務系(商管群),53090165,曹*庭,備取,—,—,未分發或放棄,2,國立臺中科技大學財政稅務系(通過); 實踐大學企業管理學系(臺北校區)(通過)
CAND_0102,115,nutc_tax,國立臺中科技大學,財政稅務系(商管群),國立臺中科技大學 財政稅務系(商管群),54090382,姜*桾,備取,—,—,未分發或放棄,2,國立臺中科技大學財政稅務系(通過); 國立高雄科技大學運籌管理系(通過)
CAND_0103,115,nutc_tax,國立臺中科技大學,財政稅務系(商管群),國立臺中科技大學 財政稅務系(商管群),55090151,—,備取,國立高雄科技大學,國立高雄科技大學財務管理系,其他學校錄取,6,"國立臺中科技大學財政稅務系(通過); 國立高雄科技大學財務管理系(正取,分發); 國立高雄科技大學財政稅務系(備取); 國立虎尾科技大學企業管理系(備取); 國立勤益科技大學企業管理系(通過); 中原大學會計學系(通過)"
CAND_0104,115,nutc_tax,國立臺中科技大學,財政稅務系(商管群),國立臺中科技大學 財政稅務系(商管群),55090231,張*妤,備取,實踐大學,實踐大學會計學系(臺北校區),其他學校錄取,3,"國立臺中科技大學財政稅務系(通過); 朝陽科技大學會計系(通過); 實踐大學會計學系(臺北校區)(備取,分發)"
CAND_0105,115,nutc_tax,國立臺中科技大學,財政稅務系(商管群),國立臺中科技大學 財政稅務系(商管群),56090015,吳*羽,備取,國立高雄科技大學,國立高雄科技大學行銷與流通管理系,其他學校錄取,6,"國立臺中科技大學財政稅務系(通過); 國立高雄科技大學行銷與流通管理系(備取,分發); 國立高雄科技大學會計資訊系(正取); 國立高雄科技大學財政稅務系(通過); 國立虎尾科技大學企業管理系(通過); 國立勤益科技大學行銷與流通管理系(正取)"
CAND_0106,115,nutc_tax,國立臺中科技大學,財政稅務系(商管群),國立臺中科技大學 財政稅務系(商管群),56090084,*榛,備取,致理科技大學,致理科技大學財務金融系,其他學校錄取,3,"國立臺中科技大學財政稅務系(通過); 致理科技大學財務金融系(正取,分發); 亞東科技大學醫務管理系(通過)"
CAND_0107,115,nutc_tax,國立臺中科技大學,財政稅務系(商管群),國立臺中科技大學 財政稅務系(商管群),56090093,李*,備取,國立高雄科技大學,國立高雄科技大學行銷與流通管理系,其他學校錄取,5,"國立臺中科技大學財政稅務系(通過); 國立高雄科技大學運籌管理系(正取); 國立高雄科技大學行銷與流通管理系(正取,分發); 國立虎尾科技大學財務金融系(通過); 國立勤益科技大學企業管理系(通過)"
CAND_0108,115,nutc_tax,國立臺中科技大學,財政稅務系(商管群),國立臺中科技大學 財政稅務系(商管群),56090350,林*穎,備取,國立虎尾科技大學,國立虎尾科技大學財務金融系,其他學校錄取,3,"國立臺中科技大學財政稅務系(通過); 國立虎尾科技大學財務金融系(正取,分發); 致理科技大學財務金融系(通過)"
CAND_0109,115,nutc_tax,國立臺中科技大學,財政稅務系(商管群),國立臺中科技大學 財政稅務系(商管群),57090283,吳*誠,備取,逢甲大學,逢甲大學財稅學系,其他學校錄取,3,"國立臺中科技大學財政稅務系(通過); 中原大學會計學系(備取); 逢甲大學財稅學系(備取,分發)"
CAND_0110,115,nutc_tax,國立臺中科技大學,財政稅務系(商管群),國立臺中科技大學 財政稅務系(商管群),57090474,管*慈,備取,國立高雄科技大學,國立高雄科技大學金融系,其他學校錄取,3,"國立臺中科技大學財政稅務系(通過); 國立高雄科技大學金融系(正取,分發); 國立高雄科技大學財政稅務系(通過)"
CAND_0111,115,nutc_tax,國立臺中科技大學,財政稅務系(商管群),國立臺中科技大學 財政稅務系(商管群),57090619,蘇*澔,備取,國立高雄科技大學,國立高雄科技大學財務管理系,其他學校錄取,4,"國立臺中科技大學財政稅務系(通過); 國立雲林科技大學文化資產維護系(通過); 國立高雄科技大學財務管理系(備取,分發); 國立高雄科技大學會計資訊系(通過)"
CAND_0112,115,nutc_tax,國立臺中科技大學,財政稅務系(商管群),國立臺中科技大學 財政稅務系(商管群),57090906,黄*,備取,中原大學,中原大學會計學系,其他學校錄取,2,"國立臺中科技大學財政稅務系(通過); 中原大學會計學系(正取,分發)"
CAND_0113,115,nutc_tax,國立臺中科技大學,財政稅務系(商管群),國立臺中科技大學 財政稅務系(商管群),58090025,*愷,備取,—,—,未分發或放棄,1,國立臺中科技大學財政稅務系(通過)
CAND_0114,115,nutc_tax,國立臺中科技大學,財政稅務系(商管群),國立臺中科技大學 財政稅務系(商管群),59090004,方*佑,備取,—,—,未分發或放棄,1,國立臺中科技大學財政稅務系(通過)
CAND_0115,115,nutc_tax,國立臺中科技大學,財政稅務系(商管群),國立臺中科技大學 財政稅務系(商管群),59090134,徐*永,備取,—,—,未分發或放棄,2,國立臺中科技大學財政稅務系(通過); 國立虎尾科技大學企業管理系(通過)
CAND_0116,115,nutc_tax,國立臺中科技大學,財政稅務系(商管群),國立臺中科技大學 財政稅務系(商管群),59090350,F*,備取,—,—,未分發或放棄,1,國立臺中科技大學財政稅務系(通過)
CAND_0117,115,nutc_tax,國立臺中科技大學,財政稅務系(商管群),國立臺中科技大學 財政稅務系(商管群),61090001,徐*臻,備取,—,—,未分發或放棄,1,國立臺中科技大學財政稅務系(通過)
CAND_0118,115,nutc_tax,國立臺中科技大學,財政稅務系(商管群),國立臺中科技大學 財政稅務系(商管群),61090010,張*翔,備取,—,—,未分發或放棄,3,國立臺中科技大學財政稅務系(通過); 國立高雄科技大學運籌管理系(通過); 國立高雄科技大學金融系(通過)
CAND_0119,115,nutc_tax,國立臺中科技大學,財政稅務系(商管群),國立臺中科技大學 財政稅務系(商管群),61090097,林*倩,備取,國立高雄科技大學,國立高雄科技大學行銷與流通管理系,其他學校錄取,2,"國立臺中科技大學財政稅務系(通過); 國立高雄科技大學行銷與流通管理系(正取,分發)"
CAND_0120,115,nutc_tax,國立臺中科技大學,財政稅務系(商管群),國立臺中科技大學 財政稅務系(商管群),61090120,顏*真,備取,實踐大學,實踐大學財務金融學系(臺北校區),其他學校錄取,3,"國立臺中科技大學財政稅務系(通過); 致理科技大學財務金融系(正取); 實踐大學財務金融學系(臺北校區)(備取,分發)"
CAND_0121,115,nutc_tax,國立臺中科技大學,財政稅務系(商管群),國立臺中科技大學 財政稅務系(商管群),61090181,林*,備取,—,—,未分發或放棄,1,國立臺中科技大學財政稅務系(通過)
CAND_0122,115,nutc_tax,國立臺中科技大學,財政稅務系(商管群),國立臺中科技大學 財政稅務系(商管群),61090261,翁*,備取,國立高雄科技大學,國立高雄科技大學財政稅務系,其他學校錄取,6,"國立臺中科技大學財政稅務系(通過); 國立屏東科技大學企業管理系(通過); 國立高雄科技大學行銷與流通管理系(通過); 國立高雄科技大學會計資訊系(通過); 國立高雄科技大學財政稅務系(正取,分發); 國立屏東大學會計學系(通過)"
CAND_0123,115,nutc_tax,國立臺中科技大學,財政稅務系(商管群),國立臺中科技大學 財政稅務系(商管群),61090313,女*,備取,逢甲大學,逢甲大學財稅學系,其他學校錄取,6,"國立臺中科技大學財政稅務系(通過); 國立雲林科技大學工業工程與管理系(正取); 國立高雄科技大學財政稅務系(通過); 國立臺北商業大學財政稅務系(臺北校區)(備取); 逢甲大學財稅學系(正取,分發); 逢甲大學風險管理與保險學系(通過)"
CAND_0124,115,nutc_tax,國立臺中科技大學,財政稅務系(商管群),國立臺中科技大學 財政稅務系(商管群),61090340,許*皓,備取,國立勤益科技大學,國立勤益科技大學企業管理系,其他學校錄取,2,"國立臺中科技大學財政稅務系(通過); 國立勤益科技大學企業管理系(備取,分發)"
CAND_0125,115,nutc_tax,國立臺中科技大學,財政稅務系(商管群),國立臺中科技大學 財政稅務系(商管群),61090401,陳*琪,備取,—,—,未分發或放棄,3,國立臺中科技大學財政稅務系(通過); 逢甲大學國際經營與貿易學系(通過); 逢甲大學財稅學系(通過)
CAND_0126,115,nutc_tax,國立臺中科技大學,財政稅務系(商管群),國立臺中科技大學 財政稅務系(商管群),61090429,蘇*威,備取,—,—,未分發或放棄,3,國立臺中科技大學財政稅務系(通過); 國立高雄科技大學國際企業系(通過); 國立高雄科技大學航運管理系(通過)
CAND_0127,115,nutc_tax,國立臺中科技大學,財政稅務系(商管群),國立臺中科技大學 財政稅務系(商管群),61090490,賴*,備取,國立高雄科技大學,國立高雄科技大學航運管理系,其他學校錄取,4,"國立臺中科技大學財政稅務系(通過); 國立高雄科技大學人力資源發展系(通過); 國立高雄科技大學財政稅務系(正取); 國立高雄科技大學航運管理系(備取,分發)"
CAND_0128,115,nutc_tax,國立臺中科技大學,財政稅務系(商管群),國立臺中科技大學 財政稅務系(商管群),61090693,楊*茗,備取,國立高雄科技大學,國立高雄科技大學運籌管理系,其他學校錄取,3,"國立臺中科技大學財政稅務系(通過); 國立高雄科技大學運籌管理系(備取,分發); 國立高雄科技大學行銷與流通管理系(通過)"
CAND_0129,115,nutc_tax,國立臺中科技大學,財政稅務系(商管群),國立臺中科技大學 財政稅務系(商管群),61090713,*妤,備取,國立高雄科技大學,國立高雄科技大學財政稅務系,其他學校錄取,3,"國立臺中科技大學財政稅務系(通過); 國立高雄科技大學會計資訊系(正取); 國立高雄科技大學財政稅務系(正取,分發)"
CAND_0130,115,nutc_tax,國立臺中科技大學,財政稅務系(商管群),國立臺中科技大學 財政稅務系(商管群),61091122,張*,備取,—,—,未分發或放棄,3,國立臺中科技大學財政稅務系(通過); 國立高雄科技大學行銷與流通管理系(通過); 國立勤益科技大學企業管理系(通過)
CAND_0131,115,nutc_tax,國立臺中科技大學,財政稅務系(商管群),國立臺中科技大學 財政稅務系(商管群),61091145,*瑜,備取,—,—,未分發或放棄,2,國立臺中科技大學財政稅務系(通過); 國立高雄科技大學金融系(備取)
CAND_0132,115,nutc_tax,國立臺中科技大學,財政稅務系(商管群),國立臺中科技大學 財政稅務系(商管群),62090113,黄*木,備取,—,—,未分發或放棄,2,國立臺中科技大學財政稅務系(通過); 朝陽科技大學企業管理系(通過)
CAND_0133,115,nutc_tax,國立臺中科技大學,財政稅務系(商管群),國立臺中科技大學 財政稅務系(商管群),64090072,*婕,備取,—,—,未分發或放棄,3,國立臺中科技大學財政稅務系(通過); 國立虎尾科技大學財務金融系(通過); 國立高雄餐旅大學航空暨運輸服務管理系(通過)
CAND_0134,115,nutc_tax,國立臺中科技大學,財政稅務系(商管群),國立臺中科技大學 財政稅務系(商管群),64090108,葵*軒,備取,國立高雄科技大學,國立高雄科技大學運籌管理系,其他學校錄取,3,"國立臺中科技大學財政稅務系(通過); 國立高雄科技大學運籌管理系(正取,分發); 國立虎尾科技大學應用外語系(正取)"
CAND_0135,115,nutc_tax,國立臺中科技大學,財政稅務系(商管群),國立臺中科技大學 財政稅務系(商管群),64090145,高*庭,備取,國立高雄科技大學,國立高雄科技大學金融系,其他學校錄取,4,"國立臺中科技大學財政稅務系(通過); 國立高雄科技大學運籌管理系(通過); 國立高雄科技大學風險管理與保險系(正取); 國立高雄科技大學金融系(備取,分發)"
CAND_0136,115,nutc_tax,國立臺中科技大學,財政稅務系(商管群),國立臺中科技大學 財政稅務系(商管群),64090177,林*綺,備取,逢甲大學,逢甲大學國際經營與貿易學系,其他學校錄取,3,"國立臺中科技大學財政稅務系(通過); 逢甲大學國際經營與貿易學系(正取,分發); 逢甲大學財稅學系(通過)"
CAND_0137,115,nutc_tax,國立臺中科技大學,財政稅務系(商管群),國立臺中科技大學 財政稅務系(商管群),64090205,A*橞,備取,—,—,未分發或放棄,3,國立臺中科技大學財政稅務系(通過); 國立高雄科技大學運籌管理系(通過); 國立高雄科技大學行銷與流通管理系(通過)
CAND_0138,115,nutc_tax,國立臺中科技大學,財政稅務系(商管群),國立臺中科技大學 財政稅務系(商管群),64090474,楊*永,備取,—,—,未分發或放棄,2,國立臺中科技大學財政稅務系(通過); 國立高雄科技大學行銷與流通管理系(通過)
CAND_0139,115,nutc_tax,國立臺中科技大學,財政稅務系(商管群),國立臺中科技大學 財政稅務系(商管群),64090516,*婷,備取,—,—,未分發或放棄,3,國立臺中科技大學財政稅務系(通過); 國立高雄科技大學企業管理系(通過); 國立虎尾科技大學財務金融系(通過)
CAND_0140,115,nutc_tax,國立臺中科技大學,財政稅務系(商管群),國立臺中科技大學 財政稅務系(商管群),64090531,張*諄,備取,國立虎尾科技大學,國立虎尾科技大學財務金融系,其他學校錄取,4,"國立臺中科技大學財政稅務系(通過); 國立屏東科技大學工業管理系(通過); 國立屏東科技大學企業管理系(通過); 國立虎尾科技大學財務金融系(備取,分發)"
CAND_0141,115,nutc_tax,國立臺中科技大學,財政稅務系(商管群),國立臺中科技大學 財政稅務系(商管群),65090018,張*恩,備取,—,—,未分發或放棄,2,國立臺中科技大學財政稅務系(通過); 國立高雄科技大學航運管理系(備取)
CAND_0142,115,nutc_tax,國立臺中科技大學,財政稅務系(商管群),國立臺中科技大學 財政稅務系(商管群),65090200,黄*玲,備取,—,—,未分發或放棄,4,國立臺中科技大學財政稅務系(通過); 國立高雄科技大學金融系(備取); 國立虎尾科技大學財務金融系(通過); 國立勤益科技大學企業管理系(通過)
CAND_0143,115,nutc_tax,國立臺中科技大學,財政稅務系(商管群),國立臺中科技大學 財政稅務系(商管群),65090369,黄*,備取,—,—,未分發或放棄,3,國立臺中科技大學財政稅務系(通過); 國立高雄科技大學會計資訊系(通過); 國立高雄科技大學財政稅務系(通過)
CAND_0144,115,nutc_tax,國立臺中科技大學,財政稅務系(商管群),國立臺中科技大學 財政稅務系(商管群),66090114,*妤,備取,國立虎尾科技大學,國立虎尾科技大學工業管理系,其他學校錄取,5,"國立臺中科技大學財政稅務系(通過); 國立高雄科技大學人力資源發展系(通過); 國立虎尾科技大學工業管理系(備取,分發); 國立虎尾科技大學應用外語系(備取); 國立勤益科技大學企業管理系(通過)"
CAND_0145,115,nutc_tax,國立臺中科技大學,財政稅務系(商管群),國立臺中科技大學 財政稅務系(商管群),66090221,陳*廷,備取,逢甲大學,逢甲大學合作經濟暨社會事業經營學系,其他學校錄取,3,"國立臺中科技大學財政稅務系(通過); 逢甲大學會計學系(備取); 逢甲大學合作經濟暨社會事業經營學系(備取,分發)"
CAND_0146,115,nutc_tax,國立臺中科技大學,財政稅務系(商管群),國立臺中科技大學 財政稅務系(商管群),67090073,簡*女,備取,—,—,未分發或放棄,1,國立臺中科技大學財政稅務系(通過)
CAND_0147,115,nutc_tax,國立臺中科技大學,財政稅務系(商管群),國立臺中科技大學 財政稅務系(商管群),67090266,徐*潔,備取,國立高雄科技大學,國立高雄科技大學資訊管理系,其他學校錄取,4,"國立臺中科技大學財政稅務系(通過); 國立高雄科技大學資訊管理系(正取,分發); 國立高雄科技大學商務資訊應用系(通過); 國立臺北商業大學國際商務系(臺北校區)(正取)"
CAND_0148,115,nutc_tax,國立臺中科技大學,財政稅務系(商管群),國立臺中科技大學 財政稅務系(商管群),68090017,*昇,備取,國立高雄科技大學,國立高雄科技大學運籌管理系,其他學校錄取,2,"國立臺中科技大學財政稅務系(通過); 國立高雄科技大學運籌管理系(正取,分發)"
CAND_0149,115,nutc_tax,國立臺中科技大學,財政稅務系(商管群),國立臺中科技大學 財政稅務系(商管群),68090117,*絜,備取,國立高雄科技大學,國立高雄科技大學運籌管理系,其他學校錄取,3,"國立臺中科技大學財政稅務系(通過); 國立雲林科技大學文化資產維護系(通過); 國立高雄科技大學運籌管理系(備取,分發)"
CAND_0150,115,nutc_tax,國立臺中科技大學,財政稅務系(商管群),國立臺中科技大學 財政稅務系(商管群),68090418,吳*純,備取,國立高雄科技大學,國立高雄科技大學行銷與流通管理系,其他學校錄取,5,"國立臺中科技大學財政稅務系(通過); 國立高雄科技大學運籌管理系(通過); 國立高雄科技大學行銷與流通管理系(正取,分發); 國立虎尾科技大學財務金融系(通過); 國立勤益科技大學企業管理系(通過)"
CAND_0151,115,nutc_tax,國立臺中科技大學,財政稅務系(商管群),國立臺中科技大學 財政稅務系(商管群),68090548,郭*婷,備取,—,—,未分發或放棄,2,國立臺中科技大學財政稅務系(通過); 國立虎尾科技大學財務金融系(通過)
CAND_0152,115,nutc_tax,國立臺中科技大學,財政稅務系(商管群),國立臺中科技大學 財政稅務系(商管群),68530070,黄*有,備取,—,—,未分發或放棄,4,國立臺中科技大學財政稅務系(通過); 國立高雄科技大學企業管理系(正取); 國立勤益科技大學行銷與流通管理系(通過); 國立臺北商業大學商業設計管理系(桃園校區)(通過)
CAND_0153,115,nutc_tax,國立臺中科技大學,財政稅務系(商管群),國立臺中科技大學 財政稅務系(商管群),70090294,潘*承,備取,—,—,未分發或放棄,1,國立臺中科技大學財政稅務系(通過)
CAND_0154,115,nutc_tax,國立臺中科技大學,財政稅務系(商管群),國立臺中科技大學 財政稅務系(商管群),70090618,—,備取,國立高雄科技大學,國立高雄科技大學運籌管理系,其他學校錄取,3,"國立臺中科技大學財政稅務系(通過); 國立屏東科技大學財務金融國際學士學位學程(通過); 國立高雄科技大學運籌管理系(正取,分發)"
CAND_0155,115,nutc_tax,國立臺中科技大學,財政稅務系(商管群),國立臺中科技大學 財政稅務系(商管群),70090694,*妮,備取,國立臺北護理健康大學,國立臺北護理健康大學生死與健康心理諮商系,其他學校錄取,4,"國立臺中科技大學財政稅務系(通過); 國立高雄科技大學財政稅務系(通過); 國立臺北護理健康大學生死與健康心理諮商系(正取,分發); 銘傳大學會計學系(台北校區)(通過)"
CAND_0156,115,nutc_tax,國立臺中科技大學,財政稅務系(商管群),國立臺中科技大學 財政稅務系(商管群),71090129,—,備取,—,—,未分發或放棄,1,國立臺中科技大學財政稅務系(通過)
CAND_0157,115,nutc_tax,國立臺中科技大學,財政稅務系(英語類),國立臺中科技大學 財政稅務系(英語類),57530049,黄*,正取,國立勤益科技大學,國立勤益科技大學人工智慧應用工程系,其他學校錄取,6,"國立臺中科技大學財政稅務系(正取); 國立高雄科技大學智慧商務系(正取); 國立勤益科技大學人工智慧應用工程系(正取,分發); 國立臺北商業大學國際商務系(臺北校區)(正取); 國立屏東大學商業大數據學系(正取); 國立屏東大學資訊管理學系(正取)"
CAND_0158,115,nutc_tax,國立臺中科技大學,財政稅務系(英語類),國立臺中科技大學 財政稅務系(英語類),57150036,張*程,正取,國立臺北科技大學,國立臺北科技大學文化事業發展系,其他學校錄取,3,"國立臺中科技大學財政稅務系(正取); 國立臺北科技大學文化事業發展系(備取,分發); 國立高雄科技大學行銷與流通管理系(正取)"
CAND_0159,115,nutc_tax,國立臺中科技大學,財政稅務系(英語類),國立臺中科技大學 財政稅務系(英語類),56150032,許*銓,備取,—,—,未分發或放棄,5,國立臺中科技大學財政稅務系(通過); 國立高雄科技大學運籌管理系(通過); 國立高雄科技大學行銷與流通管理系(通過); 國立高雄科技大學航運管理系(通過); 國立臺北護理健康大學生死與健康心理諮商系(通過)
CAND_0160,115,nutc_tax,國立臺中科技大學,財政稅務系(英語類),國立臺中科技大學 財政稅務系(英語類),58150059,范*晴,備取,—,—,未分發或放棄,1,國立臺中科技大學財政稅務系(通過)
CAND_0161,115,nutc_tax,國立臺中科技大學,財政稅務系(英語類),國立臺中科技大學 財政稅務系(英語類),61150045,*美,備取,國立臺北護理健康大學,國立臺北護理健康大學運動保健系,其他學校錄取,3,"國立臺中科技大學財政稅務系(通過); 國立臺北護理健康大學健康事業管理系(通過); 國立臺北護理健康大學運動保健系(正取,分發)"
CAND_0162,115,nutc_tax,國立臺中科技大學,財政稅務系(英語類),國立臺中科技大學 財政稅務系(英語類),61150238,賴*淳,備取,—,—,未分發或放棄,1,國立臺中科技大學財政稅務系(通過)
CAND_0163,115,nutc_tax,國立臺中科技大學,財政稅務系(日語類),國立臺中科技大學 財政稅務系(日語類),61540011,邱*梅,正取,國立臺中科技大學,國立臺中科技大學財政稅務系,原校系/本校留任,3,"國立臺中科技大學財政稅務系(正取,分發); 國立勤益科技大學人工智慧應用工程系(通過); 國立高雄餐旅大學旅運管理系(通過)"
CAND_0164,115,nutc_tax,國立臺中科技大學,財政稅務系(日語類),國立臺中科技大學 財政稅務系(日語類),58540024,*潔,正取,國立臺中科技大學,國立臺中科技大學財政稅務系,原校系/本校留任,3,"國立臺中科技大學財政稅務系(正取,分發); 國立高雄餐旅大學餐旅暨會展行銷管理系(通過); 銘傳大學財務金融學系(台北校區)(正取)"
CAND_0165,115,nutc_tax,國立臺中科技大學,財政稅務系(日語類),國立臺中科技大學 財政稅務系(日語類),57160025,姜*奇,備取,銘傳大學,銘傳大學財務金融學系(台北校區),其他學校錄取,4,"國立臺中科技大學財政稅務系(備取); 致理科技大學應用日語系(通過); 銘傳大學財務金融學系(台北校區)(正取,分發); 銘傳大學資訊應用與金融保險學系(台北校區)(通過)"
CAND_0166,115,nutc_tax,國立臺中科技大學,財政稅務系(日語類),國立臺中科技大學 財政稅務系(日語類),56540001,葉*宇,備取,國立屏東大學,國立屏東大學應用日語學系,其他學校錄取,2,"國立臺中科技大學財政稅務系(備取); 國立屏東大學應用日語學系(備取,分發)"
CAND_0167,115,nutc_tax,國立臺中科技大學,財政稅務系(日語類),國立臺中科技大學 財政稅務系(日語類),58540012,*永,備取,—,—,未分發或放棄,1,國立臺中科技大學財政稅務系(備取)
CAND_0168,115,nutc_tax,國立臺中科技大學,財政稅務系(日語類),國立臺中科技大學 財政稅務系(日語類),58540014,林*,備取,—,—,未分發或放棄,5,國立臺中科技大學財政稅務系(通過); 國立高雄科技大學國際企業系(通過); 國立高雄科技大學行銷與流通管理系(通過); 國立高雄科技大學觀光管理系(通過); 國立高雄餐旅大學應用日語系(通過)
CAND_0169,114,nutc_tax,國立臺中科技大學,財政稅務系(商管群),國立臺中科技大學 財政稅務系(商管群),70090754,蘇*喆,正取,國立雲林科技大學,國立雲林科技大學會計系,其他學校錄取,3,"國立臺中科技大學財政稅務系(正取); 國立雲林科技大學會計系(正取,分發); 國立臺北商業大學財政稅務系(臺北校區)(正取)"
CAND_0170,114,nutc_tax,國立臺中科技大學,財政稅務系(商管群),國立臺中科技大學 財政稅務系(商管群),68090085,*緣,正取,國立臺中科技大學,國立臺中科技大學財政稅務系,原校系/本校留任,3,"國立臺中科技大學財政稅務系(正取,分發); 國立高雄科技大學運籌管理系(通過); 國立高雄科技大學財政稅務系(正取)"
CAND_0171,114,nutc_tax,國立臺中科技大學,財政稅務系(商管群),國立臺中科技大學 財政稅務系(商管群),64090418,粘*翎,正取,國立臺中科技大學,國立臺中科技大學財政稅務系,原校系/本校留任,2,"國立臺中科技大學財政稅務系(正取,分發); 國立高雄科技大學財政稅務系(通過)"
CAND_0172,114,nutc_tax,國立臺中科技大學,財政稅務系(商管群),國立臺中科技大學 財政稅務系(商管群),55090059,李*諺,正取,國立臺中科技大學,國立臺中科技大學財政稅務系,原校系/本校留任,2,"國立臺中科技大學財政稅務系(正取,分發); 國立高雄科技大學財政稅務系(通過)"
CAND_0173,114,nutc_tax,國立臺中科技大學,財政稅務系(商管群),國立臺中科技大學 財政稅務系(商管群),63090309,*喬,正取,國立臺中科技大學,國立臺中科技大學財政稅務系,原校系/本校留任,3,"國立臺中科技大學財政稅務系(正取,分發); 朝陽科技大學財務金融系(正取); 逢甲大學會計學系(通過)"
CAND_0174,114,nutc_tax,國立臺中科技大學,財政稅務系(商管群),國立臺中科技大學 財政稅務系(商管群),70090317,李*忻,正取,國立臺北商業大學,國立臺北商業大學財政稅務系(臺北校區),其他學校錄取,2,"國立臺中科技大學財政稅務系(正取); 國立臺北商業大學財政稅務系(臺北校區)(備取,分發)"
CAND_0175,114,nutc_tax,國立臺中科技大學,財政稅務系(商管群),國立臺中科技大學 財政稅務系(商管群),52090749,*惠,正取,國立臺中科技大學,國立臺中科技大學財政稅務系,原校系/本校留任,3,"國立臺中科技大學財政稅務系(正取,分發); 國立高雄科技大學觀光管理系(通過); 國立高雄科技大學商務資訊應用系(通過)"
CAND_0176,114,nutc_tax,國立臺中科技大學,財政稅務系(商管群),國立臺中科技大學 財政稅務系(商管群),65090316,林*,正取,國立臺中科技大學,國立臺中科技大學財政稅務系,原校系/本校留任,4,"國立臺中科技大學財政稅務系(正取,分發); 國立高雄科技大學運籌管理系(通過); 國立虎尾科技大學財務金融系(備取); 國立虎尾科技大學應用外語系(通過)"
CAND_0177,114,nutc_tax,國立臺中科技大學,財政稅務系(商管群),國立臺中科技大學 財政稅務系(商管群),57090534,陳*恩,正取,國立臺中科技大學,國立臺中科技大學財政稅務系,原校系/本校留任,1,"國立臺中科技大學財政稅務系(正取,分發)"
CAND_0178,114,nutc_tax,國立臺中科技大學,財政稅務系(商管群),國立臺中科技大學 財政稅務系(商管群),68090185,陳*欣,正取,國立臺中科技大學,國立臺中科技大學財政稅務系,原校系/本校留任,2,"國立臺中科技大學財政稅務系(正取,分發); 逢甲大學國際經營與貿易學系(通過)"
CAND_0179,114,nutc_tax,國立臺中科技大學,財政稅務系(商管群),國立臺中科技大學 財政稅務系(商管群),61090793,林*婷,正取,國立高雄科技大學,國立高雄科技大學會計資訊系,其他學校錄取,2,"國立臺中科技大學財政稅務系(正取); 國立高雄科技大學會計資訊系(備取,分發)"
CAND_0180,114,nutc_tax,國立臺中科技大學,財政稅務系(商管群),國立臺中科技大學 財政稅務系(商管群),61090190,邱*筑,正取,國立虎尾科技大學,國立虎尾科技大學財務金融系,其他學校錄取,2,"國立臺中科技大學財政稅務系(正取); 國立虎尾科技大學財務金融系(備取,分發)"
CAND_0181,114,nutc_tax,國立臺中科技大學,財政稅務系(商管群),國立臺中科技大學 財政稅務系(商管群),67090370,李*,正取,國立臺中科技大學,國立臺中科技大學財政稅務系,原校系/本校留任,1,"國立臺中科技大學財政稅務系(正取,分發)"
CAND_0182,114,nutc_tax,國立臺中科技大學,財政稅務系(商管群),國立臺中科技大學 財政稅務系(商管群),67090246,維*育,正取,國立臺北商業大學,國立臺北商業大學財政稅務系(臺北校區),其他學校錄取,6,"國立臺中科技大學財政稅務系(正取); 國立雲林科技大學財務金融系(通過); 國立雲林科技大學會計系(正取); 國立高雄科技大學會計資訊系(通過); 國立高雄科技大學財政稅務系(通過); 國立臺北商業大學財政稅務系(臺北校區)(正取,分發)"
CAND_0183,114,nutc_tax,國立臺中科技大學,財政稅務系(商管群),國立臺中科技大學 財政稅務系(商管群),65090034,黄*淇,正取,國立臺中科技大學,國立臺中科技大學財政稅務系,原校系/本校留任,2,"國立臺中科技大學財政稅務系(正取,分發); 中原大學會計學系(備取)"
CAND_0184,114,nutc_tax,國立臺中科技大學,財政稅務系(商管群),國立臺中科技大學 財政稅務系(商管群),55090146,陳*妤,正取,國立臺中科技大學,國立臺中科技大學財政稅務系,原校系/本校留任,1,"國立臺中科技大學財政稅務系(正取,分發)"
CAND_0185,114,nutc_tax,國立臺中科技大學,財政稅務系(商管群),國立臺中科技大學 財政稅務系(商管群),56090292,楊*語,正取,國立臺中科技大學,國立臺中科技大學財政稅務系,原校系/本校留任,3,"國立臺中科技大學財政稅務系(正取,分發); 國立高雄科技大學行銷與流通管理系(正取); 國立高雄科技大學財政稅務系(備取)"
CAND_0186,114,nutc_tax,國立臺中科技大學,財政稅務系(商管群),國立臺中科技大學 財政稅務系(商管群),68090038,林*亭,正取,國立高雄科技大學,國立高雄科技大學財政稅務系,其他學校錄取,2,"國立臺中科技大學財政稅務系(正取); 國立高雄科技大學財政稅務系(正取,分發)"
CAND_0187,114,nutc_tax,國立臺中科技大學,財政稅務系(商管群),國立臺中科技大學 財政稅務系(商管群),56090204,黄*敬,正取,中原大學,中原大學會計學系,其他學校錄取,4,"國立臺中科技大學財政稅務系(正取); 國立高雄科技大學會計資訊系(正取); 國立高雄科技大學財政稅務系(正取); 中原大學會計學系(正取,分發)"
CAND_0188,114,nutc_tax,國立臺中科技大學,財政稅務系(商管群),國立臺中科技大學 財政稅務系(商管群),70090958,潘*婕,正取,國立臺中科技大學,國立臺中科技大學財政稅務系,原校系/本校留任,2,"國立臺中科技大學財政稅務系(正取,分發); 國立臺北商業大學財政稅務系(臺北校區)(備取)"
CAND_0189,114,nutc_tax,國立臺中科技大學,財政稅務系(商管群),國立臺中科技大學 財政稅務系(商管群),64090439,謝*,正取,國立臺中科技大學,國立臺中科技大學財政稅務系,原校系/本校留任,2,"國立臺中科技大學財政稅務系(正取,分發); 國立高雄科技大學行銷與流通管理系(正取)"
CAND_0190,114,nutc_tax,國立臺中科技大學,財政稅務系(商管群),國立臺中科技大學 財政稅務系(商管群),60090163,張*,正取,國立臺中科技大學,國立臺中科技大學財政稅務系,原校系/本校留任,2,"國立臺中科技大學財政稅務系(正取,分發); 國立高雄科技大學企業管理系(正取)"
CAND_0191,114,nutc_tax,國立臺中科技大學,財政稅務系(商管群),國立臺中科技大學 財政稅務系(商管群),68090230,張*,正取,國立高雄科技大學,國立高雄科技大學工業工程與管理系,其他學校錄取,4,"國立臺中科技大學財政稅務系(正取); 國立高雄科技大學工業工程與管理系(正取,分發); 國立高雄科技大學行銷與流通管理系(正取); 國立臺北商業大學國際商務系(臺北校區)(備取)"
CAND_0192,114,nutc_tax,國立臺中科技大學,財政稅務系(商管群),國立臺中科技大學 財政稅務系(商管群),68530055,*妏,正取,國立高雄科技大學,國立高雄科技大學金融系,其他學校錄取,4,"國立臺中科技大學財政稅務系(正取); 國立高雄科技大學金融系(備取,分發); 國立高雄科技大學財政稅務系(正取); 國立虎尾科技大學財務金融系(通過)"
CAND_0193,114,nutc_tax,國立臺中科技大學,財政稅務系(商管群),國立臺中科技大學 財政稅務系(商管群),70090261,黄*哲,正取,國立臺中科技大學,國立臺中科技大學財政稅務系,原校系/本校留任,3,"國立臺中科技大學財政稅務系(正取,分發); 國立高雄科技大學智慧商務系(通過); 國立臺北商業大學國際商務系(臺北校區)(備取)"
CAND_0194,114,nutc_tax,國立臺中科技大學,財政稅務系(商管群),國立臺中科技大學 財政稅務系(商管群),64090511,維*軒,正取,逢甲大學,逢甲大學財稅學系,其他學校錄取,2,"國立臺中科技大學財政稅務系(正取); 逢甲大學財稅學系(正取,分發)"
CAND_0195,114,nutc_tax,國立臺中科技大學,財政稅務系(商管群),國立臺中科技大學 財政稅務系(商管群),68090141,陳*瑀,正取,國立臺中科技大學,國立臺中科技大學財政稅務系,原校系/本校留任,2,"國立臺中科技大學財政稅務系(正取,分發); 國立虎尾科技大學財務金融系(正取)"
CAND_0196,114,nutc_tax,國立臺中科技大學,財政稅務系(商管群),國立臺中科技大學 財政稅務系(商管群),68090073,葉*妮,正取,—,—,未分發或放棄,1,國立臺中科技大學財政稅務系(正取)
CAND_0197,114,nutc_tax,國立臺中科技大學,財政稅務系(商管群),國立臺中科技大學 財政稅務系(商管群),57090110,林*,正取,國立臺中科技大學,國立臺中科技大學財政稅務系,原校系/本校留任,2,"國立臺中科技大學財政稅務系(正取,分發); 國立勤益科技大學人工智慧應用工程系(通過)"
CAND_0198,114,nutc_tax,國立臺中科技大學,財政稅務系(商管群),國立臺中科技大學 財政稅務系(商管群),58090005,*家,正取,國立臺中科技大學,國立臺中科技大學財政稅務系,原校系/本校留任,3,"國立臺中科技大學財政稅務系(正取,分發); 國立雲林科技大學文化資產維護系(通過); 國立高雄科技大學財政稅務系(備取)"
CAND_0199,114,nutc_tax,國立臺中科技大學,財政稅務系(商管群),國立臺中科技大學 財政稅務系(商管群),70090713,顏*君,正取,國立高雄科技大學,國立高雄科技大學運籌管理系,其他學校錄取,4,"國立臺中科技大學財政稅務系(正取); 國立高雄科技大學運籌管理系(正取,分發); 國立虎尾科技大學財務金融系(正取); 國立屏東大學企業管理學系(通過)"
CAND_0200,114,nutc_tax,國立臺中科技大學,財政稅務系(商管群),國立臺中科技大學 財政稅務系(商管群),62090001,李*臻,正取,國立臺中科技大學,國立臺中科技大學財政稅務系,原校系/本校留任,2,"國立臺中科技大學財政稅務系(正取,分發); 國立澎湖科技大學資訊管理系(正取)"
CAND_0201,114,nutc_tax,國立臺中科技大學,財政稅務系(商管群),國立臺中科技大學 財政稅務系(商管群),70090181,陳*瑜,正取,—,—,未分發或放棄,3,國立臺中科技大學財政稅務系(正取); 國立高雄科技大學會計資訊系(正取); 國立勤益科技大學行銷與流通管理系(通過)
CAND_0202,114,nutc_tax,國立臺中科技大學,財政稅務系(商管群),國立臺中科技大學 財政稅務系(商管群),67090210,張*,正取,國立臺中科技大學,國立臺中科技大學財政稅務系,原校系/本校留任,1,"國立臺中科技大學財政稅務系(正取,分發)"
CAND_0203,114,nutc_tax,國立臺中科技大學,財政稅務系(商管群),國立臺中科技大學 財政稅務系(商管群),64090419,張*,正取,國立高雄科技大學,國立高雄科技大學金融系,其他學校錄取,3,"國立臺中科技大學財政稅務系(正取); 國立高雄科技大學金融系(備取,分發); 國立高雄科技大學財政稅務系(正取)"
CAND_0204,114,nutc_tax,國立臺中科技大學,財政稅務系(商管群),國立臺中科技大學 財政稅務系(商管群),55090241,簡*威,正取,國立臺中科技大學,國立臺中科技大學財政稅務系,原校系/本校留任,2,"國立臺中科技大學財政稅務系(正取,分發); 銘傳大學國際企業學系(台北校區)(通過)"
CAND_0205,114,nutc_tax,國立臺中科技大學,財政稅務系(商管群),國立臺中科技大學 財政稅務系(商管群),61090745,湯*,正取,國立臺中科技大學,國立臺中科技大學財政稅務系,原校系/本校留任,1,"國立臺中科技大學財政稅務系(正取,分發)"
CAND_0206,114,nutc_tax,國立臺中科技大學,財政稅務系(商管群),國立臺中科技大學 財政稅務系(商管群),64090302,林*岑,正取,國立臺中科技大學,國立臺中科技大學財政稅務系,原校系/本校留任,2,"國立臺中科技大學財政稅務系(正取,分發); 國立虎尾科技大學企業管理系(通過)"
CAND_0207,114,nutc_tax,國立臺中科技大學,財政稅務系(商管群),國立臺中科技大學 財政稅務系(商管群),65090342,*盲,正取,國立臺中科技大學,國立臺中科技大學財政稅務系,原校系/本校留任,3,"國立臺中科技大學財政稅務系(正取,分發); 國立高雄科技大學應用日語系(正取); 國立高雄餐旅大學航空暨運輸服務管理系(通過)"
CAND_0208,114,nutc_tax,國立臺中科技大學,財政稅務系(商管群),國立臺中科技大學 財政稅務系(商管群),51090032,邵*學,正取,國立臺中科技大學,國立臺中科技大學財政稅務系,原校系/本校留任,4,"國立臺中科技大學財政稅務系(正取,分發); 國立雲林科技大學工業工程與管理系(備取); 國立高雄科技大學財政稅務系(備取); 國立臺北護理健康大學資訊管理系(通過)"
CAND_0209,114,nutc_tax,國立臺中科技大學,財政稅務系(商管群),國立臺中科技大學 財政稅務系(商管群),64090347,蘇*甯,正取,國立臺中科技大學,國立臺中科技大學財政稅務系,原校系/本校留任,3,"國立臺中科技大學財政稅務系(正取,分發); 國立高雄科技大學運籌管理系(通過); 國立虎尾科技大學工業管理系(通過)"
CAND_0210,114,nutc_tax,國立臺中科技大學,財政稅務系(商管群),國立臺中科技大學 財政稅務系(商管群),61090272,翁*瑄,正取,國立臺中科技大學,國立臺中科技大學財政稅務系,原校系/本校留任,1,"國立臺中科技大學財政稅務系(正取,分發)"
CAND_0211,114,nutc_tax,國立臺中科技大學,財政稅務系(商管群),國立臺中科技大學 財政稅務系(商管群),70091037,潘*芳,正取,國立臺中科技大學,國立臺中科技大學財政稅務系,原校系/本校留任,2,"國立臺中科技大學財政稅務系(正取,分發); 中信科技大學企業管理系(通過)"
CAND_0212,114,nutc_tax,國立臺中科技大學,財政稅務系(商管群),國立臺中科技大學 財政稅務系(商管群),57090891,邱*晴,正取,國立臺中科技大學,國立臺中科技大學財政稅務系,原校系/本校留任,1,"國立臺中科技大學財政稅務系(正取,分發)"
CAND_0213,114,nutc_tax,國立臺中科技大學,財政稅務系(商管群),國立臺中科技大學 財政稅務系(商管群),57090201,陳*軒,正取,逢甲大學,逢甲大學國際經營與貿易學系,其他學校錄取,3,"國立臺中科技大學財政稅務系(正取); 國立勤益科技大學企業管理系(正取); 逢甲大學國際經營與貿易學系(正取,分發)"
CAND_0214,114,nutc_tax,國立臺中科技大學,財政稅務系(商管群),國立臺中科技大學 財政稅務系(商管群),61091289,彭*婕,正取,國立臺中科技大學,國立臺中科技大學財政稅務系,原校系/本校留任,2,"國立臺中科技大學財政稅務系(正取,分發); 國立高雄科技大學行銷與流通管理系(通過)"
CAND_0215,114,nutc_tax,國立臺中科技大學,財政稅務系(商管群),國立臺中科技大學 財政稅務系(商管群),67090314,葵*㚬,正取,國立臺中科技大學,國立臺中科技大學財政稅務系,原校系/本校留任,4,"國立臺中科技大學財政稅務系(正取,分發); 國立高雄科技大學財政稅務系(通過); 國立虎尾科技大學財務金融系(通過); 國立勤益科技大學企業管理系(通過)"
CAND_0216,114,nutc_tax,國立臺中科技大學,財政稅務系(商管群),國立臺中科技大學 財政稅務系(商管群),61091101,許*瑄,正取,國立臺中科技大學,國立臺中科技大學財政稅務系,原校系/本校留任,3,"國立臺中科技大學財政稅務系(正取,分發); 朝陽科技大學財務金融系(正取); 弘光科技大學護理系(正取)"
CAND_0217,114,nutc_tax,國立臺中科技大學,財政稅務系(商管群),國立臺中科技大學 財政稅務系(商管群),57090154,—,正取,國立臺北商業大學,國立臺北商業大學商業設計管理系(桃園校區),其他學校錄取,2,"國立臺中科技大學財政稅務系(正取); 國立臺北商業大學商業設計管理系(桃園校區)(正取,分發)"
CAND_0218,114,nutc_tax,國立臺中科技大學,財政稅務系(商管群),國立臺中科技大學 財政稅務系(商管群),64090319,葵*錚,正取,國立臺中科技大學,國立臺中科技大學財政稅務系,原校系/本校留任,3,"國立臺中科技大學財政稅務系(正取,分發); 逢甲大學國際經營與貿易學系(通過); 逢甲大學財稅學系(備取)"
CAND_0219,114,nutc_tax,國立臺中科技大學,財政稅務系(商管群),國立臺中科技大學 財政稅務系(商管群),60090130,葉*,正取,國立臺中科技大學,國立臺中科技大學財政稅務系,原校系/本校留任,3,"國立臺中科技大學財政稅務系(正取,分發); 國立屏東大學國際經營與貿易學系(正取); 國立屏東大學會計學系(正取)"
CAND_0220,114,nutc_tax,國立臺中科技大學,財政稅務系(商管群),國立臺中科技大學 財政稅務系(商管群),68090262,楊*蓉,正取,國立高雄科技大學,國立高雄科技大學財政稅務系,其他學校錄取,6,"國立臺中科技大學財政稅務系(正取); 國立高雄科技大學金融系(正取); 國立高雄科技大學財政稅務系(正取,分發); 國立高雄科技大學航運管理系(通過); 國立勤益科技大學企業管理系(備取); 國立屏東大學財務金融學系(正取)"
CAND_0221,114,nutc_tax,國立臺中科技大學,財政稅務系(商管群),國立臺中科技大學 財政稅務系(商管群),65090269,吳*庭,正取,國立臺中科技大學,國立臺中科技大學財政稅務系,原校系/本校留任,3,"國立臺中科技大學財政稅務系(正取,分發); 國立高雄科技大學行銷與流通管理系(通過); 國立虎尾科技大學財務金融系(通過)"
CAND_0222,114,nutc_tax,國立臺中科技大學,財政稅務系(商管群),國立臺中科技大學 財政稅務系(商管群),57090710,賴*妤,備取,國立臺中科技大學,國立臺中科技大學財政稅務系,原校系/本校留任,1,"國立臺中科技大學財政稅務系(備取,分發)"
CAND_0223,114,nutc_tax,國立臺中科技大學,財政稅務系(商管群),國立臺中科技大學 財政稅務系(商管群),64090303,林*女,備取,國立高雄科技大學,國立高雄科技大學金融資訊系,其他學校錄取,2,"國立臺中科技大學財政稅務系(備取); 國立高雄科技大學金融資訊系(正取,分發)"
CAND_0224,114,nutc_tax,國立臺中科技大學,財政稅務系(商管群),國立臺中科技大學 財政稅務系(商管群),59090073,胡*𢁅,備取,國立臺中科技大學,國立臺中科技大學財政稅務系,原校系/本校留任,2,"國立臺中科技大學財政稅務系(備取,分發); 國立虎尾科技大學財務金融系(通過)"
CAND_0225,114,nutc_tax,國立臺中科技大學,財政稅務系(商管群),國立臺中科技大學 財政稅務系(商管群),67090138,邱*豪,備取,國立臺中科技大學,國立臺中科技大學財政稅務系,原校系/本校留任,1,"國立臺中科技大學財政稅務系(備取,分發)"
CAND_0226,114,nutc_tax,國立臺中科技大學,財政稅務系(商管群),國立臺中科技大學 財政稅務系(商管群),58090513,*均,備取,國立臺中科技大學,國立臺中科技大學財政稅務系,原校系/本校留任,2,"國立臺中科技大學財政稅務系(備取,分發); 國立高雄科技大學風險管理與保險系(通過)"
CAND_0227,114,nutc_tax,國立臺中科技大學,財政稅務系(商管群),國立臺中科技大學 財政稅務系(商管群),61091231,張*,備取,國立臺中科技大學,國立臺中科技大學財政稅務系,原校系/本校留任,3,"國立臺中科技大學財政稅務系(備取,分發); 國立虎尾科技大學工業管理系(通過); 國立勤益科技大學工業工程與管理系(正取)"
CAND_0228,114,nutc_tax,國立臺中科技大學,財政稅務系(商管群),國立臺中科技大學 財政稅務系(商管群),61090699,*欣,備取,國立臺中科技大學,國立臺中科技大學財政稅務系,原校系/本校留任,2,"國立臺中科技大學財政稅務系(備取,分發); 逢甲大學國際經營與貿易學系(備取)"
CAND_0229,114,nutc_tax,國立臺中科技大學,財政稅務系(商管群),國立臺中科技大學 財政稅務系(商管群),52090151,*盲,備取,國立臺中科技大學,國立臺中科技大學財政稅務系,原校系/本校留任,2,"國立臺中科技大學財政稅務系(備取,分發); 銘傳大學企業管理學系(台北校區)(備取)"
CAND_0230,114,nutc_tax,國立臺中科技大學,財政稅務系(商管群),國立臺中科技大學 財政稅務系(商管群),55090377,吳*,備取,國立臺中科技大學,國立臺中科技大學財政稅務系,原校系/本校留任,2,"國立臺中科技大學財政稅務系(備取,分發); 中原大學會計學系(備取)"
CAND_0231,114,nutc_tax,國立臺中科技大學,財政稅務系(商管群),國立臺中科技大學 財政稅務系(商管群),61090961,范*洋,備取,國立臺中科技大學,國立臺中科技大學財政稅務系,原校系/本校留任,3,"國立臺中科技大學財政稅務系(備取,分發); 國立高雄科技大學行銷與流通管理系(通過); 國立高雄科技大學會計資訊系(通過)"
CAND_0232,114,nutc_tax,國立臺中科技大學,財政稅務系(商管群),國立臺中科技大學 財政稅務系(商管群),55530006,*惠,備取,國立高雄科技大學,國立高雄科技大學運籌管理系,其他學校錄取,3,"國立臺中科技大學財政稅務系(備取); 國立高雄科技大學運籌管理系(正取,分發); 銘傳大學會計學系(台北校區)(正取)"
CAND_0233,114,nutc_tax,國立臺中科技大學,財政稅務系(商管群),國立臺中科技大學 財政稅務系(商管群),68090129,維*,備取,國立臺中科技大學,國立臺中科技大學財政稅務系,原校系/本校留任,1,"國立臺中科技大學財政稅務系(備取,分發)"
CAND_0234,114,nutc_tax,國立臺中科技大學,財政稅務系(商管群),國立臺中科技大學 財政稅務系(商管群),64090047,蕭*媗,備取,中原大學,中原大學會計學系,其他學校錄取,3,"國立臺中科技大學財政稅務系(備取); 中原大學會計學系(正取,分發); 逢甲大學會計學系(正取)"
CAND_0235,114,nutc_tax,國立臺中科技大學,財政稅務系(商管群),國立臺中科技大學 財政稅務系(商管群),52090805,李*柔,備取,國立臺中科技大學,國立臺中科技大學財政稅務系,原校系/本校留任,2,"國立臺中科技大學財政稅務系(備取,分發); 中原大學會計學系(備取)"
CAND_0236,114,nutc_tax,國立臺中科技大學,財政稅務系(商管群),國立臺中科技大學 財政稅務系(商管群),65090125,蘇*陵,備取,國立臺中科技大學,國立臺中科技大學財政稅務系,原校系/本校留任,4,"國立臺中科技大學財政稅務系(備取,分發); 國立高雄科技大學運籌管理系(通過); 國立高雄科技大學行銷與流通管理系(通過); 國立勤益科技大學行銷與流通管理系(通過)"
CAND_0237,114,nutc_tax,國立臺中科技大學,財政稅務系(商管群),國立臺中科技大學 財政稅務系(商管群),52090526,*柔,備取,國立臺中科技大學,國立臺中科技大學財政稅務系,原校系/本校留任,1,"國立臺中科技大學財政稅務系(備取,分發)"
CAND_0238,114,nutc_tax,國立臺中科技大學,財政稅務系(商管群),國立臺中科技大學 財政稅務系(商管群),63090197,林*蔚,備取,國立臺中科技大學,國立臺中科技大學財政稅務系,原校系/本校留任,1,"國立臺中科技大學財政稅務系(備取,分發)"
CAND_0239,114,nutc_tax,國立臺中科技大學,財政稅務系(商管群),國立臺中科技大學 財政稅務系(商管群),67090163,賴*君,備取,國立臺中科技大學,國立臺中科技大學財政稅務系,原校系/本校留任,1,"國立臺中科技大學財政稅務系(備取,分發)"
CAND_0240,114,nutc_tax,國立臺中科技大學,財政稅務系(商管群),國立臺中科技大學 財政稅務系(商管群),64090311,吳*茹,備取,國立臺中科技大學,國立臺中科技大學財政稅務系,原校系/本校留任,1,"國立臺中科技大學財政稅務系(備取,分發)"
CAND_0241,114,nutc_tax,國立臺中科技大學,財政稅務系(商管群),國立臺中科技大學 財政稅務系(商管群),55090333,*哲,備取,—,—,未分發或放棄,1,國立臺中科技大學財政稅務系(備取)
CAND_0242,114,nutc_tax,國立臺中科技大學,財政稅務系(商管群),國立臺中科技大學 財政稅務系(商管群),59090068,黄*蓉,備取,—,—,未分發或放棄,1,國立臺中科技大學財政稅務系(備取)
CAND_0243,114,nutc_tax,國立臺中科技大學,財政稅務系(商管群),國立臺中科技大學 財政稅務系(商管群),64090025,林*,備取,—,—,未分發或放棄,2,國立臺中科技大學財政稅務系(備取); 國立虎尾科技大學財務金融系(通過)
CAND_0244,114,nutc_tax,國立臺中科技大學,財政稅務系(商管群),國立臺中科技大學 財政稅務系(商管群),64090116,黄*騰,備取,中原大學,中原大學國際經營與貿易學系,其他學校錄取,4,"國立臺中科技大學財政稅務系(備取); 國立屏東大學會計學系(正取); 中原大學國際經營與貿易學系(備取,分發); 中原大學會計學系(備取)"
CAND_0245,114,nutc_tax,國立臺中科技大學,財政稅務系(商管群),國立臺中科技大學 財政稅務系(商管群),64090375,柯*,備取,國立高雄科技大學,國立高雄科技大學智慧商務系,其他學校錄取,3,"國立臺中科技大學財政稅務系(備取); 國立高雄科技大學智慧商務系(備取,分發); 國立虎尾科技大學企業管理系(正取)"
CAND_0246,114,nutc_tax,國立臺中科技大學,財政稅務系(商管群),國立臺中科技大學 財政稅務系(商管群),55090287,程*慈,備取,—,—,未分發或放棄,2,國立臺中科技大學財政稅務系(備取); 實踐大學財務金融學系(臺北校區)(通過)
CAND_0247,114,nutc_tax,國立臺中科技大學,財政稅務系(商管群),國立臺中科技大學 財政稅務系(商管群),61090455,黄*芦,備取,—,—,未分發或放棄,3,國立臺中科技大學財政稅務系(備取); 國立高雄科技大學人力資源發展系(通過); 國立高雄科技大學航運管理系(通過)
CAND_0248,114,nutc_tax,國立臺中科技大學,財政稅務系(商管群),國立臺中科技大學 財政稅務系(商管群),70090233,黄*恩,備取,—,—,未分發或放棄,2,國立臺中科技大學財政稅務系(備取); 國立高雄科技大學行銷與流通管理系(通過)
CAND_0249,114,nutc_tax,國立臺中科技大學,財政稅務系(商管群),國立臺中科技大學 財政稅務系(商管群),58090140,陳*甄,備取,國立高雄科技大學,國立高雄科技大學商務資訊應用系,其他學校錄取,3,"國立臺中科技大學財政稅務系(備取); 國立高雄科技大學運籌管理系(正取); 國立高雄科技大學商務資訊應用系(正取,分發)"
CAND_0250,114,nutc_tax,國立臺中科技大學,財政稅務系(商管群),國立臺中科技大學 財政稅務系(商管群),64090530,*羽,備取,亞洲大學,亞洲大學財務金融學系,其他學校錄取,4,"國立臺中科技大學財政稅務系(備取); 國立屏東科技大學財務金融國際學士學位學程(正取); 朝陽科技大學財務金融系(通過); 亞洲大學財務金融學系(備取,分發)"
CAND_0251,114,nutc_tax,國立臺中科技大學,財政稅務系(商管群),國立臺中科技大學 財政稅務系(商管群),57090721,梁*璇,備取,國立高雄科技大學,國立高雄科技大學運籌管理系,其他學校錄取,5,"國立臺中科技大學財政稅務系(備取); 國立高雄科技大學運籌管理系(備取,分發); 國立高雄科技大學應用德語系(備取); 國立勤益科技大學行銷與流通管理系(正取); 中原大學會計學系(通過)"
CAND_0252,114,nutc_tax,國立臺中科技大學,財政稅務系(商管群),國立臺中科技大學 財政稅務系(商管群),68090189,陳*珊,備取,—,—,未分發或放棄,3,國立臺中科技大學財政稅務系(備取); 國立屏東科技大學工業管理系(通過); 國立臺北護理健康大學健康事業管理系(通過)
CAND_0253,114,nutc_tax,國立臺中科技大學,財政稅務系(商管群),國立臺中科技大學 財政稅務系(商管群),57090629,F*芦,備取,—,—,未分發或放棄,2,國立臺中科技大學財政稅務系(備取); 國立高雄科技大學行銷與流通管理系(備取)
CAND_0254,114,nutc_tax,國立臺中科技大學,財政稅務系(商管群),國立臺中科技大學 財政稅務系(商管群),59090190,維*,備取,—,—,未分發或放棄,2,國立臺中科技大學財政稅務系(備取); 國立高雄科技大學行銷與流通管理系(通過)
CAND_0255,114,nutc_tax,國立臺中科技大學,財政稅務系(商管群),國立臺中科技大學 財政稅務系(商管群),55090353,林*婕,備取,—,—,未分發或放棄,1,國立臺中科技大學財政稅務系(備取)
CAND_0256,114,nutc_tax,國立臺中科技大學,財政稅務系(商管群),國立臺中科技大學 財政稅務系(商管群),59090312,姜*彤,備取,—,—,未分發或放棄,1,國立臺中科技大學財政稅務系(備取)
CAND_0257,114,nutc_tax,國立臺中科技大學,財政稅務系(商管群),國立臺中科技大學 財政稅務系(商管群),58090337,彭*,備取,國立勤益科技大學,國立勤益科技大學工業工程與管理系,其他學校錄取,3,"國立臺中科技大學財政稅務系(備取); 國立虎尾科技大學工業管理系(正取); 國立勤益科技大學工業工程與管理系(正取,分發)"
CAND_0258,114,nutc_tax,國立臺中科技大學,財政稅務系(商管群),國立臺中科技大學 財政稅務系(商管群),69090013,葵*瑄,備取,—,—,未分發或放棄,1,國立臺中科技大學財政稅務系(備取)
CAND_0259,114,nutc_tax,國立臺中科技大學,財政稅務系(商管群),國立臺中科技大學 財政稅務系(商管群),55090342,林*翊,備取,國立高雄科技大學,國立高雄科技大學商務資訊應用系,其他學校錄取,4,"國立臺中科技大學財政稅務系(備取); 國立高雄科技大學運籌管理系(備取); 國立高雄科技大學商務資訊應用系(正取,分發); 國立勤益科技大學資訊管理系(通過)"
CAND_0260,114,nutc_tax,國立臺中科技大學,財政稅務系(商管群),國立臺中科技大學 財政稅務系(商管群),59090156,葵*榛,備取,—,—,未分發或放棄,2,國立臺中科技大學財政稅務系(備取); 國立虎尾科技大學企業管理系(通過)
CAND_0261,114,nutc_tax,國立臺中科技大學,財政稅務系(商管群),國立臺中科技大學 財政稅務系(商管群),64090329,黄*,備取,—,—,未分發或放棄,1,國立臺中科技大學財政稅務系(備取)
CAND_0262,114,nutc_tax,國立臺中科技大學,財政稅務系(商管群),國立臺中科技大學 財政稅務系(商管群),62090019,蘇*慈,備取,—,—,未分發或放棄,1,國立臺中科技大學財政稅務系(備取)
CAND_0263,114,nutc_tax,國立臺中科技大學,財政稅務系(商管群),國立臺中科技大學 財政稅務系(商管群),55090277,陳*謙,備取,—,—,未分發或放棄,4,國立臺中科技大學財政稅務系(備取); 國立勤益科技大學工業工程與管理系(通過); 中原大學會計學系(備取); 銘傳大學會計學系(台北校區)(備取)
CAND_0264,114,nutc_tax,國立臺中科技大學,財政稅務系(商管群),國立臺中科技大學 財政稅務系(商管群),68090465,歐*伶,備取,—,—,未分發或放棄,2,國立臺中科技大學財政稅務系(備取); 國立虎尾科技大學工業管理系(通過)
CAND_0265,114,nutc_tax,國立臺中科技大學,財政稅務系(商管群),國立臺中科技大學 財政稅務系(商管群),65090065,*勛,備取,—,—,未分發或放棄,1,國立臺中科技大學財政稅務系(備取)
CAND_0266,114,nutc_tax,國立臺中科技大學,財政稅務系(商管群),國立臺中科技大學 財政稅務系(商管群),68090050,陳*元,備取,—,—,未分發或放棄,2,國立臺中科技大學財政稅務系(備取); 國立虎尾科技大學工業管理系(通過)
CAND_0267,114,nutc_tax,國立臺中科技大學,財政稅務系(商管群),國立臺中科技大學 財政稅務系(商管群),65090241,張*瑜,備取,—,—,未分發或放棄,1,國立臺中科技大學財政稅務系(備取)
CAND_0268,114,nutc_tax,國立臺中科技大學,財政稅務系(商管群),國立臺中科技大學 財政稅務系(商管群),59090082,許*恩,備取,—,—,未分發或放棄,1,國立臺中科技大學財政稅務系(備取)
CAND_0269,114,nutc_tax,國立臺中科技大學,財政稅務系(商管群),國立臺中科技大學 財政稅務系(商管群),61091041,*羽,備取,國立虎尾科技大學,國立虎尾科技大學工業管理系,其他學校錄取,2,"國立臺中科技大學財政稅務系(備取); 國立虎尾科技大學工業管理系(正取,分發)"
CAND_0270,114,nutc_tax,國立臺中科技大學,財政稅務系(商管群),國立臺中科技大學 財政稅務系(商管群),61091265,魏*祥,備取,國立虎尾科技大學,國立虎尾科技大學財務金融系,其他學校錄取,2,"國立臺中科技大學財政稅務系(備取); 國立虎尾科技大學財務金融系(備取,分發)"
CAND_0271,114,nutc_tax,國立臺中科技大學,財政稅務系(商管群),國立臺中科技大學 財政稅務系(商管群),61090725,周*妤,備取,—,—,未分發或放棄,1,國立臺中科技大學財政稅務系(備取)
CAND_0272,114,nutc_tax,國立臺中科技大學,財政稅務系(商管群),國立臺中科技大學 財政稅務系(商管群),61090773,宋*媛,備取,國立勤益科技大學,國立勤益科技大學行銷與流通管理系,其他學校錄取,3,"國立臺中科技大學財政稅務系(備取); 國立高雄科技大學運籌管理系(通過); 國立勤益科技大學行銷與流通管理系(備取,分發)"
CAND_0273,114,nutc_tax,國立臺中科技大學,財政稅務系(商管群),國立臺中科技大學 財政稅務系(商管群),61091263,何*,備取,—,—,未分發或放棄,3,國立臺中科技大學財政稅務系(備取); 國立勤益科技大學工業工程與管理系(通過); 朝陽科技大學休閒事業管理系(通過)
CAND_0274,114,nutc_tax,國立臺中科技大學,財政稅務系(商管群),國立臺中科技大學 財政稅務系(商管群),67090339,陳*有,備取,—,—,未分發或放棄,1,國立臺中科技大學財政稅務系(備取)
CAND_0275,114,nutc_tax,國立臺中科技大學,財政稅務系(商管群),國立臺中科技大學 財政稅務系(商管群),59090058,陳*羽,備取,—,—,未分發或放棄,1,國立臺中科技大學財政稅務系(備取)
CAND_0276,114,nutc_tax,國立臺中科技大學,財政稅務系(商管群),國立臺中科技大學 財政稅務系(商管群),67090270,簡*,備取,—,—,未分發或放棄,1,國立臺中科技大學財政稅務系(備取)
CAND_0277,114,nutc_tax,國立臺中科技大學,財政稅務系(商管群),國立臺中科技大學 財政稅務系(商管群),51090021,潘*臻,備取,中原大學,中原大學會計學系,其他學校錄取,4,"國立臺中科技大學財政稅務系(通過); 中原大學會計學系(正取,分發); 逢甲大學會計學系(正取); 逢甲大學財稅學系(正取)"
CAND_0278,114,nutc_tax,國立臺中科技大學,財政稅務系(商管群),國立臺中科技大學 財政稅務系(商管群),52090123,*瑄,備取,—,—,未分發或放棄,1,國立臺中科技大學財政稅務系(通過)
CAND_0279,114,nutc_tax,國立臺中科技大學,財政稅務系(商管群),國立臺中科技大學 財政稅務系(商管群),52090257,*盈,備取,—,—,未分發或放棄,1,國立臺中科技大學財政稅務系(通過)
CAND_0280,114,nutc_tax,國立臺中科技大學,財政稅務系(商管群),國立臺中科技大學 財政稅務系(商管群),52090666,林*,備取,中原大學,中原大學會計學系,其他學校錄取,5,"國立臺中科技大學財政稅務系(通過); 國立雲林科技大學工業工程與管理系(正取); 國立雲林科技大學會計系(正取); 國立高雄科技大學金融系(正取); 中原大學會計學系(正取,分發)"
CAND_0281,114,nutc_tax,國立臺中科技大學,財政稅務系(商管群),國立臺中科技大學 財政稅務系(商管群),52090856,李*君,備取,中原大學,中原大學資訊管理學系,其他學校錄取,4,"國立臺中科技大學財政稅務系(通過); 中原大學會計學系(備取); 中原大學資訊管理學系(備取,分發); 逢甲大學經濟學系(通過)"
CAND_0282,114,nutc_tax,國立臺中科技大學,財政稅務系(商管群),國立臺中科技大學 財政稅務系(商管群),54090081,徐*,備取,—,—,未分發或放棄,2,國立臺中科技大學財政稅務系(通過); 國立高雄科技大學金融系(通過)
CAND_0283,114,nutc_tax,國立臺中科技大學,財政稅務系(商管群),國立臺中科技大學 財政稅務系(商管群),55090021,徐*婕,備取,—,—,未分發或放棄,2,國立臺中科技大學財政稅務系(通過); 銘傳大學國際企業學系(台北校區)(通過)
CAND_0284,114,nutc_tax,國立臺中科技大學,財政稅務系(商管群),國立臺中科技大學 財政稅務系(商管群),55090305,李*慈,備取,—,—,未分發或放棄,4,國立臺中科技大學財政稅務系(通過); 國立高雄科技大學金融系(通過); 國立高雄科技大學財務管理系(通過); 國立高雄科技大學金融資訊系(通過)
CAND_0285,114,nutc_tax,國立臺中科技大學,財政稅務系(商管群),國立臺中科技大學 財政稅務系(商管群),57090114,林*妤,備取,—,—,未分發或放棄,3,國立臺中科技大學財政稅務系(通過); 國立高雄科技大學風險管理與保險系(通過); 國立勤益科技大學行銷與流通管理系(通過)
CAND_0286,114,nutc_tax,國立臺中科技大學,財政稅務系(商管群),國立臺中科技大學 財政稅務系(商管群),57090329,徐*,備取,—,—,未分發或放棄,2,國立臺中科技大學財政稅務系(通過); 國立臺北商業大學商業設計管理系(桃園校區)(通過)
CAND_0287,114,nutc_tax,國立臺中科技大學,財政稅務系(商管群),國立臺中科技大學 財政稅務系(商管群),57090549,林*渝,備取,—,—,未分發或放棄,3,國立臺中科技大學財政稅務系(通過); 中原大學會計學系(備取); 逢甲大學會計學系(備取)
CAND_0288,114,nutc_tax,國立臺中科技大學,財政稅務系(商管群),國立臺中科技大學 財政稅務系(商管群),57090737,*女,備取,—,—,未分發或放棄,2,國立臺中科技大學財政稅務系(通過); 國立高雄科技大學智慧商務系(通過)
CAND_0289,114,nutc_tax,國立臺中科技大學,財政稅務系(商管群),國立臺中科技大學 財政稅務系(商管群),58090121,蘇*褀,備取,—,—,未分發或放棄,3,國立臺中科技大學財政稅務系(通過); 國立高雄科技大學金融系(備取); 國立高雄科技大學財政稅務系(正取)
CAND_0290,114,nutc_tax,國立臺中科技大學,財政稅務系(商管群),國立臺中科技大學 財政稅務系(商管群),58090229,柯*妤,備取,國立臺北商業大學,國立臺北商業大學國際商務系(臺北校區),其他學校錄取,3,"國立臺中科技大學財政稅務系(通過); 國立雲林科技大學國際管理學士學位學程(通過); 國立臺北商業大學國際商務系(臺北校區)(備取,分發)"
CAND_0291,114,nutc_tax,國立臺中科技大學,財政稅務系(商管群),國立臺中科技大學 財政稅務系(商管群),58090525,孔*浚,備取,—,—,未分發或放棄,1,國立臺中科技大學財政稅務系(通過)
CAND_0292,114,nutc_tax,國立臺中科技大學,財政稅務系(商管群),國立臺中科技大學 財政稅務系(商管群),58540033,林*,備取,—,—,未分發或放棄,5,國立臺中科技大學財政稅務系(通過); 國立雲林科技大學應用外語系(通過); 國立雲林科技大學應用外語系(通過); 國立高雄科技大學會計資訊系(通過); 國立高雄科技大學財政稅務系(通過)
CAND_0293,114,nutc_tax,國立臺中科技大學,財政稅務系(商管群),國立臺中科技大學 財政稅務系(商管群),59090042,范*庭,備取,—,—,未分發或放棄,1,國立臺中科技大學財政稅務系(通過)
CAND_0294,114,nutc_tax,國立臺中科技大學,財政稅務系(商管群),國立臺中科技大學 財政稅務系(商管群),59090052,余*彤,備取,國立雲林科技大學,國立雲林科技大學會計系,其他學校錄取,4,"國立臺中科技大學財政稅務系(通過); 國立雲林科技大學會計系(備取,分發); 國立高雄科技大學會計資訊系(通過); 國立高雄科技大學財政稅務系(通過)"
CAND_0295,114,nutc_tax,國立臺中科技大學,財政稅務系(商管群),國立臺中科技大學 財政稅務系(商管群),59090085,陳*,備取,逢甲大學,逢甲大學國際經營與貿易學系,其他學校錄取,5,"國立臺中科技大學財政稅務系(通過); 國立高雄科技大學行銷與流通管理系(通過); 國立高雄科技大學財政稅務系(通過); 逢甲大學國際經營與貿易學系(備取,分發); 逢甲大學財稅學系(備取)"
CAND_0296,114,nutc_tax,國立臺中科技大學,財政稅務系(商管群),國立臺中科技大學 財政稅務系(商管群),59090104,彭*庭,備取,逢甲大學,逢甲大學國際經營與貿易學系,其他學校錄取,4,"國立臺中科技大學財政稅務系(通過); 國立高雄科技大學風險管理與保險系(通過); 逢甲大學國際經營與貿易學系(正取,分發); 逢甲大學財稅學系(備取)"
CAND_0297,114,nutc_tax,國立臺中科技大學,財政稅務系(商管群),國立臺中科技大學 財政稅務系(商管群),59090212,維*理,備取,—,—,未分發或放棄,4,國立臺中科技大學財政稅務系(通過); 中原大學會計學系(通過); 逢甲大學會計學系(通過); 逢甲大學國際經營與貿易學系(通過)
CAND_0298,114,nutc_tax,國立臺中科技大學,財政稅務系(商管群),國立臺中科技大學 財政稅務系(商管群),61090260,陳*燕,備取,國立高雄科技大學,國立高雄科技大學航運管理系,其他學校錄取,4,"國立臺中科技大學財政稅務系(通過); 國立高雄科技大學金融系(備取); 國立高雄科技大學財政稅務系(通過); 國立高雄科技大學航運管理系(正取,分發)"
CAND_0299,114,nutc_tax,國立臺中科技大學,財政稅務系(商管群),國立臺中科技大學 財政稅務系(商管群),61090991,楊*淳,備取,國立彰化師範大學,國立彰化師範大學財務金融技術學系,其他學校錄取,6,"國立臺中科技大學財政稅務系(通過); 國立高雄科技大學財務管理系(通過); 國立彰化師範大學財務金融技術學系(正取,分發); 國立臺中教育大學文化創意產業設計與營運學系(通過); 逢甲大學合作經濟暨社會事業經營學系(正取); 逢甲大學財務金融學系(通過)"
CAND_0300,114,nutc_tax,國立臺中科技大學,財政稅務系(商管群),國立臺中科技大學 財政稅務系(商管群),61091053,*祐,備取,—,—,未分發或放棄,5,國立臺中科技大學財政稅務系(通過); 國立屏東科技大學社會工作系(通過); 國立虎尾科技大學財務金融系(通過); 國立屏東大學不動產經營學系(通過); 國立屏東大學行銷與流通管理學系(通過)
CAND_0301,114,nutc_tax,國立臺中科技大學,財政稅務系(商管群),國立臺中科技大學 財政稅務系(商管群),61091069,潘*良,備取,逢甲大學,逢甲大學會計學系,其他學校錄取,3,"國立臺中科技大學財政稅務系(通過); 國立高雄科技大學航運管理系(備取); 逢甲大學會計學系(正取,分發)"
CAND_0302,114,nutc_tax,國立臺中科技大學,財政稅務系(商管群),國立臺中科技大學 財政稅務系(商管群),61091613,林*,備取,國立彰化師範大學,國立彰化師範大學財務金融技術學系,其他學校錄取,5,"國立臺中科技大學財政稅務系(通過); 國立雲林科技大學會計系(正取); 國立彰化師範大學財務金融技術學系(正取,分發); 國立臺中教育大學國際企業學系(正取); 國立屏東大學財務金融學系(通過)"
CAND_0303,114,nutc_tax,國立臺中科技大學,財政稅務系(商管群),國立臺中科技大學 財政稅務系(商管群),64090119,陳*珊,備取,—,—,未分發或放棄,1,國立臺中科技大學財政稅務系(通過)
CAND_0304,114,nutc_tax,國立臺中科技大學,財政稅務系(商管群),國立臺中科技大學 財政稅務系(商管群),64090144,吳*,備取,逢甲大學,逢甲大學會計學系,其他學校錄取,3,"國立臺中科技大學財政稅務系(通過); 國立高雄科技大學航運管理系(通過); 逢甲大學會計學系(備取,分發)"
CAND_0305,114,nutc_tax,國立臺中科技大學,財政稅務系(商管群),國立臺中科技大學 財政稅務系(商管群),64090175,陳*,備取,國立高雄科技大學,國立高雄科技大學財政稅務系,其他學校錄取,4,"國立臺中科技大學財政稅務系(通過); 國立高雄科技大學運籌管理系(通過); 國立高雄科技大學財政稅務系(備取,分發); 逢甲大學財稅學系(正取)"
CAND_0306,114,nutc_tax,國立臺中科技大學,財政稅務系(商管群),國立臺中科技大學 財政稅務系(商管群),64090191,*鈞,備取,國立高雄科技大學,國立高雄科技大學金融系,其他學校錄取,5,"國立臺中科技大學財政稅務系(通過); 國立高雄科技大學國際企業系(通過); 國立高雄科技大學金融系(備取,分發); 國立高雄科技大學財政稅務系(通過); 逢甲大學財稅學系(通過)"
CAND_0307,114,nutc_tax,國立臺中科技大學,財政稅務系(商管群),國立臺中科技大學 財政稅務系(商管群),64090362,*樑,備取,—,—,未分發或放棄,2,國立臺中科技大學財政稅務系(通過); 國立高雄科技大學行銷與流通管理系(通過)
CAND_0308,114,nutc_tax,國立臺中科技大學,財政稅務系(商管群),國立臺中科技大學 財政稅務系(商管群),65090249,林*哈,備取,—,—,未分發或放棄,1,國立臺中科技大學財政稅務系(通過)
CAND_0309,114,nutc_tax,國立臺中科技大學,財政稅務系(商管群),國立臺中科技大學 財政稅務系(商管群),67090318,陳*璇,備取,—,—,未分發或放棄,3,國立臺中科技大學財政稅務系(通過); 國立雲林科技大學會計系(通過); 國立高雄科技大學會計資訊系(通過)
CAND_0310,114,nutc_tax,國立臺中科技大學,財政稅務系(商管群),國立臺中科技大學 財政稅務系(商管群),67090346,吳*,備取,國立高雄科技大學,國立高雄科技大學航運管理系,其他學校錄取,4,"國立臺中科技大學財政稅務系(通過); 國立高雄科技大學行銷與流通管理系(通過); 國立高雄科技大學航運管理系(正取,分發); 國立勤益科技大學行銷與流通管理系(正取)"
CAND_0311,114,nutc_tax,國立臺中科技大學,財政稅務系(商管群),國立臺中科技大學 財政稅務系(商管群),68090098,*承,備取,—,—,未分發或放棄,3,國立臺中科技大學財政稅務系(通過); 國立雲林科技大學文化資產維護系(通過); 國立虎尾科技大學財務金融系(通過)
CAND_0312,114,nutc_tax,國立臺中科技大學,財政稅務系(商管群),國立臺中科技大學 財政稅務系(商管群),68090166,*瑄,備取,國立臺北商業大學,國立臺北商業大學財政稅務系(臺北校區),其他學校錄取,4,"國立臺中科技大學財政稅務系(通過); 國立高雄科技大學財政稅務系(通過); 國立虎尾科技大學財務金融系(通過); 國立臺北商業大學財政稅務系(臺北校區)(正取,分發)"
CAND_0313,114,nutc_tax,國立臺中科技大學,財政稅務系(商管群),國立臺中科技大學 財政稅務系(商管群),68090270,李*臻,備取,—,—,未分發或放棄,2,國立臺中科技大學財政稅務系(通過); 國立屏東科技大學工業管理系(通過)
CAND_0314,114,nutc_tax,國立臺中科技大學,財政稅務系(商管群),國立臺中科技大學 財政稅務系(商管群),68090346,朱*誼,備取,國立高雄科技大學,國立高雄科技大學行銷與流通管理系,其他學校錄取,6,"國立臺中科技大學財政稅務系(通過); 國立高雄科技大學行銷與流通管理系(備取,分發); 國立高雄科技大學金融系(備取); 國立高雄科技大學財政稅務系(備取); 國立虎尾科技大學工業管理系(通過); 南臺科技大學行銷與流通管理系(通過)"
CAND_0315,114,nutc_tax,國立臺中科技大學,財政稅務系(商管群),國立臺中科技大學 財政稅務系(商管群),68090441,維*,備取,國立高雄科技大學,國立高雄科技大學運籌管理系,其他學校錄取,3,"國立臺中科技大學財政稅務系(通過); 國立屏東科技大學企業管理系(通過); 國立高雄科技大學運籌管理系(正取,分發)"
CAND_0316,114,nutc_tax,國立臺中科技大學,財政稅務系(商管群),國立臺中科技大學 財政稅務系(商管群),68090577,*妤,備取,—,—,未分發或放棄,1,國立臺中科技大學財政稅務系(通過)
CAND_0317,114,nutc_tax,國立臺中科技大學,財政稅務系(商管群),國立臺中科技大學 財政稅務系(商管群),68090610,黄*私,備取,國立高雄科技大學,國立高雄科技大學行銷與流通管理系,其他學校錄取,4,"國立臺中科技大學財政稅務系(通過); 國立高雄科技大學行銷與流通管理系(正取,分發); 國立高雄科技大學供應鏈管理系(正取); 國立勤益科技大學行銷與流通管理系(正取)"
CAND_0318,114,nutc_tax,國立臺中科技大學,財政稅務系(商管群),國立臺中科技大學 財政稅務系(商管群),68530059,陳*源,備取,—,—,未分發或放棄,4,國立臺中科技大學財政稅務系(通過); 國立高雄科技大學金融資訊系(通過); 國立高雄科技大學財政稅務系(通過); 國立虎尾科技大學財務金融系(通過)
CAND_0319,114,nutc_tax,國立臺中科技大學,財政稅務系(商管群),國立臺中科技大學 財政稅務系(商管群),68530087,楊*挺,備取,國立高雄科技大學,國立高雄科技大學財政稅務系,其他學校錄取,4,"國立臺中科技大學財政稅務系(通過); 國立雲林科技大學應用外語系(通過); 國立雲林科技大學應用外語系(通過); 國立高雄科技大學財政稅務系(備取,分發)"
CAND_0320,114,nutc_tax,國立臺中科技大學,財政稅務系(商管群),國立臺中科技大學 財政稅務系(商管群),70090273,許*,備取,國立高雄科技大學,國立高雄科技大學金融系,其他學校錄取,3,"國立臺中科技大學財政稅務系(通過); 國立高雄科技大學金融系(備取,分發); 國立高雄科技大學供應鏈管理系(通過)"
CAND_0321,114,nutc_tax,國立臺中科技大學,財政稅務系(商管群),國立臺中科技大學 財政稅務系(商管群),70090362,*恩,備取,—,—,未分發或放棄,2,國立臺中科技大學財政稅務系(通過); 國立高雄科技大學行銷與流通管理系(通過)
CAND_0322,114,nutc_tax,國立臺中科技大學,財政稅務系(商管群),國立臺中科技大學 財政稅務系(商管群),70090386,侯*潔,備取,—,—,未分發或放棄,2,國立臺中科技大學財政稅務系(通過); 國立屏東大學會計學系(通過)
CAND_0323,114,nutc_tax,國立臺中科技大學,財政稅務系(商管群),國立臺中科技大學 財政稅務系(商管群),70090402,康*潔,備取,國立高雄科技大學,國立高雄科技大學會計資訊系,其他學校錄取,4,"國立臺中科技大學財政稅務系(通過); 國立高雄科技大學國際企業系(正取); 國立高雄科技大學會計資訊系(備取,分發); 國立高雄科技大學財政稅務系(正取)"
CAND_0324,114,nutc_tax,國立臺中科技大學,財政稅務系(商管群),國立臺中科技大學 財政稅務系(商管群),70090478,林*媗,備取,國立高雄科技大學,國立高雄科技大學行銷與流通管理系,其他學校錄取,5,"國立臺中科技大學財政稅務系(通過); 國立高雄科技大學行銷與流通管理系(正取,分發); 國立高雄科技大學風險管理與保險系(備取); 國立屏東大學會計學系(正取); 國立屏東大學行銷與流通管理學系(正取)"
CAND_0325,114,nutc_tax,國立臺中科技大學,財政稅務系(商管群),國立臺中科技大學 財政稅務系(商管群),70090550,許*永,備取,—,—,未分發或放棄,1,國立臺中科技大學財政稅務系(通過)
CAND_0326,114,nutc_tax,國立臺中科技大學,財政稅務系(商管群),國立臺中科技大學 財政稅務系(商管群),70090617,*綺,備取,—,—,未分發或放棄,2,國立臺中科技大學財政稅務系(通過); 國立勤益科技大學工業工程與管理系(通過)
CAND_0327,114,nutc_tax,國立臺中科技大學,財政稅務系(商管群),國立臺中科技大學 財政稅務系(商管群),70090725,*靜,備取,國立高雄科技大學,國立高雄科技大學供應鏈管理系,其他學校錄取,4,"國立臺中科技大學財政稅務系(通過); 國立高雄科技大學供應鏈管理系(正取,分發); 國立勤益科技大學企業管理系(通過); 國立屏東大學企業管理學系(通過)"
CAND_0328,114,nutc_tax,國立臺中科技大學,財政稅務系(商管群),國立臺中科技大學 財政稅務系(商管群),73090165,吳*娟,備取,國立臺北護理健康大學,國立臺北護理健康大學高齡健康照護系,其他學校錄取,3,"國立臺中科技大學財政稅務系(通過); 國立臺北護理健康大學高齡健康照護系(備取,分發); 國立臺北護理健康大學健康事業管理系(通過)"
CAND_0329,114,nutc_tax,國立臺中科技大學,財政稅務系(英語類),國立臺中科技大學 財政稅務系(英語類),61150368,—,正取,國立臺中科技大學,國立臺中科技大學財政稅務系,原校系/本校留任,2,"國立臺中科技大學財政稅務系(正取,分發); 國立勤益科技大學企業管理系(正取)"
CAND_0330,114,nutc_tax,國立臺中科技大學,財政稅務系(英語類),國立臺中科技大學 財政稅務系(英語類),64150048,陳*語,正取,國立高雄科技大學,國立高雄科技大學航運管理系,其他學校錄取,3,"國立臺中科技大學財政稅務系(正取); 國立高雄科技大學行銷與流通管理系(正取); 國立高雄科技大學航運管理系(正取,分發)"
CAND_0331,114,nutc_tax,國立臺中科技大學,財政稅務系(英語類),國立臺中科技大學 財政稅務系(英語類),56150131,楊*,備取,國立臺中科技大學,國立臺中科技大學財政稅務系,原校系/本校留任,5,"國立臺中科技大學財政稅務系(備取,分發); 國立高雄科技大學行銷與流通管理系(通過); 國立高雄科技大學風險管理與保險系(通過); 國立高雄科技大學供應鏈管理系(通過); 國立虎尾科技大學財務金融系(正取)"
CAND_0332,114,nutc_tax,國立臺中科技大學,財政稅務系(英語類),國立臺中科技大學 財政稅務系(英語類),65150023,*晴,備取,—,—,未分發或放棄,3,國立臺中科技大學財政稅務系(備取); 國立高雄科技大學供應鏈管理系(通過); 國立虎尾科技大學企業管理系(通過)
CAND_0333,114,nutc_tax,國立臺中科技大學,財政稅務系(英語類),國立臺中科技大學 財政稅務系(英語類),56150087,范*尹,備取,—,—,未分發或放棄,1,國立臺中科技大學財政稅務系(通過)
CAND_0334,114,nutc_tax,國立臺中科技大學,財政稅務系(英語類),國立臺中科技大學 財政稅務系(英語類),61150264,—,備取,—,—,未分發或放棄,2,國立臺中科技大學財政稅務系(通過); 國立勤益科技大學企業管理系(通過)
CAND_0335,114,nutc_tax,國立臺中科技大學,財政稅務系(日語類),國立臺中科技大學 財政稅務系(日語類),57160014,吳*穎,正取,國立臺中科技大學,國立臺中科技大學財政稅務系,原校系/本校留任,4,"國立臺中科技大學財政稅務系(正取,分發); 國立雲林科技大學企業管理系(通過); 銘傳大學財務金融學系(台北校區)(正取); 銘傳大學資訊應用與金融保險學系(台北校區)(通過)"
CAND_0336,114,nutc_tax,國立臺中科技大學,財政稅務系(日語類),國立臺中科技大學 財政稅務系(日語類),58540005,楊*甯,正取,國立臺中科技大學,國立臺中科技大學財政稅務系,原校系/本校留任,3,"國立臺中科技大學財政稅務系(正取,分發); 國立高雄科技大學供應鏈管理系(備取); 國立虎尾科技大學應用外語系(通過)"
CAND_0337,114,nutc_tax,國立臺中科技大學,財政稅務系(日語類),國立臺中科技大學 財政稅務系(日語類),58540047,黄*揚,備取,—,—,未分發或放棄,2,國立臺中科技大學財政稅務系(備取); 臺北城市科技大學應用外語系(通過)
CAND_0338,114,nutc_tax,國立臺中科技大學,財政稅務系(日語類),國立臺中科技大學 財政稅務系(日語類),58160025,張*婷,備取,銘傳大學,銘傳大學醫療資訊與管理學系(桃園校區),其他學校錄取,4,"國立臺中科技大學財政稅務系(備取); 明新科技大學國際商務外語系(通過); 臺北城市科技大學企業管理系(通過); 銘傳大學醫療資訊與管理學系(桃園校區)(正取,分發)"
CAND_0339,114,nutc_tax,國立臺中科技大學,財政稅務系(日語類),國立臺中科技大學 財政稅務系(日語類),61540003,張*閔,備取,—,—,未分發或放棄,2,國立臺中科技大學財政稅務系(備取); 朝陽科技大學財務金融系(通過)
CAND_0340,114,nutc_tax,國立臺中科技大學,財政稅務系(日語類),國立臺中科技大學 財政稅務系(日語類),56540057,*凱,備取,—,—,未分發或放棄,4,國立臺中科技大學財政稅務系(通過); 銘傳大學財務金融學系(台北校區)(通過); 銘傳大學資訊應用與金融保險學系(台北校區)(通過); 銘傳大學影音新聞暨社群傳播學系(台北校區)(通過)
CAND_0341,113,nutc_tax,國立臺中科技大學,財政稅務系(商管群),國立臺中科技大學 財政稅務系(商管群),61091695,葉*瑜,正取,國立雲林科技大學,國立雲林科技大學會計系,其他學校錄取,3,"國立臺中科技大學財政稅務系(正取); 國立雲林科技大學會計系(正取,分發); 國立虎尾科技大學財務金融系(正取)"
CAND_0342,113,nutc_tax,國立臺中科技大學,財政稅務系(商管群),國立臺中科技大學 財政稅務系(商管群),61091197,林*妤,正取,國立臺中科技大學,國立臺中科技大學財政稅務系,原校系/本校留任,3,"國立臺中科技大學財政稅務系(正取,分發); 國立雲林科技大學會計系(通過); 國立臺北商業大學財政稅務系(臺北校區)(通過)"
CAND_0343,113,nutc_tax,國立臺中科技大學,財政稅務系(商管群),國立臺中科技大學 財政稅務系(商管群),63090258,林*筠,正取,國立高雄科技大學,國立高雄科技大學航運管理系,其他學校錄取,2,"國立臺中科技大學財政稅務系(正取); 國立高雄科技大學航運管理系(正取,分發)"
CAND_0344,113,nutc_tax,國立臺中科技大學,財政稅務系(商管群),國立臺中科技大學 財政稅務系(商管群),61090118,張*,正取,國立高雄科技大學,國立高雄科技大學金融系,其他學校錄取,2,"國立臺中科技大學財政稅務系(正取); 國立高雄科技大學金融系(備取,分發)"
CAND_0345,113,nutc_tax,國立臺中科技大學,財政稅務系(商管群),國立臺中科技大學 財政稅務系(商管群),71090377,黄*柔,正取,國立臺中科技大學,國立臺中科技大學財政稅務系,原校系/本校留任,1,"國立臺中科技大學財政稅務系(正取,分發)"
CAND_0346,113,nutc_tax,國立臺中科技大學,財政稅務系(商管群),國立臺中科技大學 財政稅務系(商管群),61090011,*陞,正取,國立臺中科技大學,國立臺中科技大學財政稅務系,原校系/本校留任,1,"國立臺中科技大學財政稅務系(正取,分發)"
CAND_0347,113,nutc_tax,國立臺中科技大學,財政稅務系(商管群),國立臺中科技大學 財政稅務系(商管群),61091673,林*,正取,國立臺中科技大學,國立臺中科技大學財政稅務系,原校系/本校留任,3,"國立臺中科技大學財政稅務系(正取,分發); 國立高雄科技大學金融系(備取); 國立虎尾科技大學財務金融系(正取)"
CAND_0348,113,nutc_tax,國立臺中科技大學,財政稅務系(商管群),國立臺中科技大學 財政稅務系(商管群),61091361,陳*丞,正取,國立臺中科技大學,國立臺中科技大學財政稅務系,原校系/本校留任,2,"國立臺中科技大學財政稅務系(正取,分發); 國立臺北商業大學商業設計管理系(桃園校區)(正取)"
CAND_0349,113,nutc_tax,國立臺中科技大學,財政稅務系(商管群),國立臺中科技大學 財政稅務系(商管群),59090017,涂*妤,正取,國立雲林科技大學,國立雲林科技大學工業工程與管理系,其他學校錄取,3,"國立臺中科技大學財政稅務系(正取); 國立雲林科技大學工業工程與管理系(備取,分發); 國立臺北商業大學商業設計管理系(桃園校區)(通過)"
CAND_0350,113,nutc_tax,國立臺中科技大學,財政稅務系(商管群),國立臺中科技大學 財政稅務系(商管群),67090219,黄*,正取,國立臺中科技大學,國立臺中科技大學財政稅務系,原校系/本校留任,2,"國立臺中科技大學財政稅務系(正取,分發); 國立屏東大學財務金融學系(通過)"
CAND_0351,113,nutc_tax,國立臺中科技大學,財政稅務系(商管群),國立臺中科技大學 財政稅務系(商管群),52090629,張*妤,正取,—,—,未分發或放棄,3,國立臺中科技大學財政稅務系(正取); 國立臺灣海洋大學海洋經營管理學士學位學程(正取); 銘傳大學國際企業學系(台北校區)(通過)
CAND_0352,113,nutc_tax,國立臺中科技大學,財政稅務系(商管群),國立臺中科技大學 財政稅務系(商管群),61091137,陳*廷,正取,逢甲大學,逢甲大學財稅學系,其他學校錄取,3,"國立臺中科技大學財政稅務系(正取); 國立高雄科技大學財政稅務系(通過); 逢甲大學財稅學系(正取,分發)"
CAND_0353,113,nutc_tax,國立臺中科技大學,財政稅務系(商管群),國立臺中科技大學 財政稅務系(商管群),65090100,林*,正取,國立臺中科技大學,國立臺中科技大學財政稅務系,原校系/本校留任,2,"國立臺中科技大學財政稅務系(正取,分發); 國立高雄科技大學財政稅務系(正取)"
CAND_0354,113,nutc_tax,國立臺中科技大學,財政稅務系(商管群),國立臺中科技大學 財政稅務系(商管群),61090198,*享,正取,國立臺中科技大學,國立臺中科技大學財政稅務系,原校系/本校留任,1,"國立臺中科技大學財政稅務系(正取,分發)"
CAND_0355,113,nutc_tax,國立臺中科技大學,財政稅務系(商管群),國立臺中科技大學 財政稅務系(商管群),59090033,江*亭,正取,國立臺中科技大學,國立臺中科技大學財政稅務系,原校系/本校留任,1,"國立臺中科技大學財政稅務系(正取,分發)"
CAND_0356,113,nutc_tax,國立臺中科技大學,財政稅務系(商管群),國立臺中科技大學 財政稅務系(商管群),61090741,黄*,正取,國立臺中科技大學,國立臺中科技大學財政稅務系,原校系/本校留任,3,"國立臺中科技大學財政稅務系(正取,分發); 國立雲林科技大學會計系(備取); 國立高雄科技大學會計資訊系(備取)"
CAND_0357,113,nutc_tax,國立臺中科技大學,財政稅務系(商管群),國立臺中科技大學 財政稅務系(商管群),59090046,陳*,正取,國立高雄科技大學,國立高雄科技大學財政稅務系,其他學校錄取,2,"國立臺中科技大學財政稅務系(正取); 國立高雄科技大學財政稅務系(備取,分發)"
CAND_0358,113,nutc_tax,國立臺中科技大學,財政稅務系(商管群),國立臺中科技大學 財政稅務系(商管群),61090971,*軒,正取,國立臺北商業大學,國立臺北商業大學國際商務系(臺北校區),其他學校錄取,3,"國立臺中科技大學財政稅務系(正取); 國立高雄科技大學財務管理系(正取); 國立臺北商業大學國際商務系(臺北校區)(正取,分發)"
CAND_0359,113,nutc_tax,國立臺中科技大學,財政稅務系(商管群),國立臺中科技大學 財政稅務系(商管群),65090013,*臻,正取,國立臺中科技大學,國立臺中科技大學財政稅務系,原校系/本校留任,4,"國立臺中科技大學財政稅務系(正取,分發); 國立高雄科技大學會計資訊系(通過); 國立高雄科技大學金融資訊系(通過); 國立高雄科技大學財政稅務系(正取)"
CAND_0360,113,nutc_tax,國立臺中科技大學,財政稅務系(商管群),國立臺中科技大學 財政稅務系(商管群),56090506,朱*,正取,國立臺中科技大學,國立臺中科技大學財政稅務系,原校系/本校留任,1,"國立臺中科技大學財政稅務系(正取,分發)"
CAND_0361,113,nutc_tax,國立臺中科技大學,財政稅務系(商管群),國立臺中科技大學 財政稅務系(商管群),69530010,*均,正取,—,—,未分發或放棄,2,國立臺中科技大學財政稅務系(正取); 國立高雄科技大學財政稅務系(正取)
CAND_0362,113,nutc_tax,國立臺中科技大學,財政稅務系(商管群),國立臺中科技大學 財政稅務系(商管群),64090255,葵*,正取,逢甲大學,逢甲大學國際經營與貿易學系,其他學校錄取,4,"國立臺中科技大學財政稅務系(正取); 朝陽科技大學財務金融系(通過); 逢甲大學財稅學系(正取); 逢甲大學國際經營與貿易學系(正取,分發)"
CAND_0363,113,nutc_tax,國立臺中科技大學,財政稅務系(商管群),國立臺中科技大學 財政稅務系(商管群),61090523,—,正取,國立臺中科技大學,國立臺中科技大學財政稅務系,原校系/本校留任,3,"國立臺中科技大學財政稅務系(正取,分發); 國立高雄科技大學財政稅務系(備取); 國立虎尾科技大學財務金融系(通過)"
CAND_0364,113,nutc_tax,國立臺中科技大學,財政稅務系(商管群),國立臺中科技大學 財政稅務系(商管群),64090111,許*,正取,國立臺中科技大學,國立臺中科技大學財政稅務系,原校系/本校留任,3,"國立臺中科技大學財政稅務系(正取,分發); 國立高雄科技大學財政稅務系(備取); 國立臺北商業大學商業設計管理系(桃園校區)(備取)"
CAND_0365,113,nutc_tax,國立臺中科技大學,財政稅務系(商管群),國立臺中科技大學 財政稅務系(商管群),64090215,易*育,正取,國立臺中科技大學,國立臺中科技大學財政稅務系,原校系/本校留任,5,"國立臺中科技大學財政稅務系(正取,分發); 國立高雄科技大學資訊管理系(通過); 國立高雄科技大學金融資訊系(正取); 國立虎尾科技大學財務金融系(正取); 逢甲大學經濟學系(備取)"
CAND_0366,113,nutc_tax,國立臺中科技大學,財政稅務系(商管群),國立臺中科技大學 財政稅務系(商管群),61090737,張*穎,正取,國立臺北商業大學,國立臺北商業大學數位多媒體設計系(桃園校區),其他學校錄取,5,"國立臺中科技大學財政稅務系(正取); 國立高雄科技大學財政稅務系(通過); 國立高雄科技大學智慧商務系(正取); 國立勤益科技大學資訊管理系(正取); 國立臺北商業大學數位多媒體設計系(桃園校區)(正取,分發)"
CAND_0367,113,nutc_tax,國立臺中科技大學,財政稅務系(商管群),國立臺中科技大學 財政稅務系(商管群),64090271,侯*J,正取,國立高雄科技大學,國立高雄科技大學財政稅務系,其他學校錄取,4,"國立臺中科技大學財政稅務系(正取); 國立高雄科技大學財政稅務系(正取,分發); 國立高雄科技大學航運管理系(通過); 國立虎尾科技大學財務金融系(通過)"
CAND_0368,113,nutc_tax,國立臺中科技大學,財政稅務系(商管群),國立臺中科技大學 財政稅務系(商管群),56090392,梁*晴,正取,國立臺中科技大學,國立臺中科技大學財政稅務系,原校系/本校留任,2,"國立臺中科技大學財政稅務系(正取,分發); 國立勤益科技大學流通管理系(正取)"
CAND_0369,113,nutc_tax,國立臺中科技大學,財政稅務系(商管群),國立臺中科技大學 財政稅務系(商管群),61091623,周*,正取,國立臺中科技大學,國立臺中科技大學財政稅務系,原校系/本校留任,3,"國立臺中科技大學財政稅務系(正取,分發); 國立高雄科技大學財政稅務系(備取); 國立虎尾科技大學財務金融系(正取)"
CAND_0370,113,nutc_tax,國立臺中科技大學,財政稅務系(商管群),國立臺中科技大學 財政稅務系(商管群),62090138,黄*誼,正取,國立臺中科技大學,國立臺中科技大學財政稅務系,原校系/本校留任,2,"國立臺中科技大學財政稅務系(正取,分發); 國立高雄科技大學行銷與流通管理系(正取)"
CAND_0371,113,nutc_tax,國立臺中科技大學,財政稅務系(商管群),國立臺中科技大學 財政稅務系(商管群),55090403,許*惠,正取,國立臺中科技大學,國立臺中科技大學財政稅務系,原校系/本校留任,3,"國立臺中科技大學財政稅務系(正取,分發); 國立屏東大學會計學系(通過); 國立屏東大學資訊管理學系(通過)"
CAND_0372,113,nutc_tax,國立臺中科技大學,財政稅務系(商管群),國立臺中科技大學 財政稅務系(商管群),60090187,吳*惠,正取,國立高雄科技大學,國立高雄科技大學運籌管理系,其他學校錄取,5,"國立臺中科技大學財政稅務系(正取); 國立高雄科技大學運籌管理系(正取,分發); 國立高雄科技大學行銷與流通管理系(正取); 國立高雄科技大學金融系(備取); 中原大學會計學系(通過)"
CAND_0373,113,nutc_tax,國立臺中科技大學,財政稅務系(商管群),國立臺中科技大學 財政稅務系(商管群),58090189,*降,正取,國立臺中科技大學,國立臺中科技大學財政稅務系,原校系/本校留任,4,"國立臺中科技大學財政稅務系(正取,分發); 國立高雄科技大學會計資訊系(通過); 國立虎尾科技大學工業管理系(通過); 國立勤益科技大學資訊管理系(通過)"
CAND_0374,113,nutc_tax,國立臺中科技大學,財政稅務系(商管群),國立臺中科技大學 財政稅務系(商管群),61090812,趙*慈,正取,國立臺中科技大學,國立臺中科技大學財政稅務系,原校系/本校留任,3,"國立臺中科技大學財政稅務系(正取,分發); 國立虎尾科技大學資訊管理系(正取); 國立勤益科技大學資訊管理系(正取)"
CAND_0375,113,nutc_tax,國立臺中科技大學,財政稅務系(商管群),國立臺中科技大學 財政稅務系(商管群),61090645,黄*淇,正取,國立臺中科技大學,國立臺中科技大學財政稅務系,原校系/本校留任,2,"國立臺中科技大學財政稅務系(正取,分發); 國立虎尾科技大學企業管理系(通過)"
CAND_0376,113,nutc_tax,國立臺中科技大學,財政稅務系(商管群),國立臺中科技大學 財政稅務系(商管群),61091595,黄*歆,正取,國立臺中科技大學,國立臺中科技大學財政稅務系,原校系/本校留任,3,"國立臺中科技大學財政稅務系(正取,分發); 國立高雄科技大學會計資訊系(正取); 國立虎尾科技大學企業管理系(通過)"
CAND_0377,113,nutc_tax,國立臺中科技大學,財政稅務系(商管群),國立臺中科技大學 財政稅務系(商管群),61090460,鄭*,正取,國立臺中科技大學,國立臺中科技大學財政稅務系,原校系/本校留任,2,"國立臺中科技大學財政稅務系(正取,分發); 中原大學會計學系(備取)"
CAND_0378,113,nutc_tax,國立臺中科技大學,財政稅務系(商管群),國立臺中科技大學 財政稅務系(商管群),67090270,*均,正取,國立臺中科技大學,國立臺中科技大學財政稅務系,原校系/本校留任,1,"國立臺中科技大學財政稅務系(正取,分發)"
CAND_0379,113,nutc_tax,國立臺中科技大學,財政稅務系(商管群),國立臺中科技大學 財政稅務系(商管群),61090631,*縈,正取,逢甲大學,逢甲大學財稅學系,其他學校錄取,3,"國立臺中科技大學財政稅務系(正取); 逢甲大學財稅學系(正取,分發); 逢甲大學會計學系(正取)"
CAND_0380,113,nutc_tax,國立臺中科技大學,財政稅務系(商管群),國立臺中科技大學 財政稅務系(商管群),57090606,邱*淇,正取,國立臺中科技大學,國立臺中科技大學財政稅務系,原校系/本校留任,2,"國立臺中科技大學財政稅務系(正取,分發); 國立虎尾科技大學財務金融系(正取)"
CAND_0381,113,nutc_tax,國立臺中科技大學,財政稅務系(商管群),國立臺中科技大學 財政稅務系(商管群),68090282,*勛,正取,國立臺中科技大學,國立臺中科技大學財政稅務系,原校系/本校留任,2,"國立臺中科技大學財政稅務系(正取,分發); 國立屏東大學會計學系(正取)"
CAND_0382,113,nutc_tax,國立臺中科技大學,財政稅務系(商管群),國立臺中科技大學 財政稅務系(商管群),64090429,*琳,正取,國立臺中科技大學,國立臺中科技大學財政稅務系,原校系/本校留任,2,"國立臺中科技大學財政稅務系(正取,分發); 國立屏東大學會計學系(正取)"
CAND_0383,113,nutc_tax,國立臺中科技大學,財政稅務系(商管群),國立臺中科技大學 財政稅務系(商管群),58090040,鄭*槿,正取,國立臺中科技大學,國立臺中科技大學財政稅務系,原校系/本校留任,2,"國立臺中科技大學財政稅務系(正取,分發); 國立高雄科技大學人力資源發展系(備取)"
CAND_0384,113,nutc_tax,國立臺中科技大學,財政稅務系(商管群),國立臺中科技大學 財政稅務系(商管群),64090619,*潔,正取,國立虎尾科技大學,國立虎尾科技大學工業管理系,其他學校錄取,2,"國立臺中科技大學財政稅務系(正取); 國立虎尾科技大學工業管理系(正取,分發)"
CAND_0385,113,nutc_tax,國立臺中科技大學,財政稅務系(商管群),國立臺中科技大學 財政稅務系(商管群),63090289,高*妤,正取,國立高雄科技大學,國立高雄科技大學供應鏈管理系,其他學校錄取,2,"國立臺中科技大學財政稅務系(正取); 國立高雄科技大學供應鏈管理系(備取,分發)"
CAND_0386,113,nutc_tax,國立臺中科技大學,財政稅務系(商管群),國立臺中科技大學 財政稅務系(商管群),57090441,黎*妤,正取,逢甲大學,逢甲大學土地管理學系,其他學校錄取,4,"國立臺中科技大學財政稅務系(正取); 中原大學國際經營與貿易學系(通過); 中原大學會計學系(通過); 逢甲大學土地管理學系(正取,分發)"
CAND_0387,113,nutc_tax,國立臺中科技大學,財政稅務系(商管群),國立臺中科技大學 財政稅務系(商管群),61090101,吳*瑄,正取,國立臺中科技大學,國立臺中科技大學財政稅務系,原校系/本校留任,2,"國立臺中科技大學財政稅務系(正取,分發); 國立勤益科技大學企業管理系(正取)"
CAND_0388,113,nutc_tax,國立臺中科技大學,財政稅務系(商管群),國立臺中科技大學 財政稅務系(商管群),61091554,陳*,正取,國立臺中科技大學,國立臺中科技大學財政稅務系,原校系/本校留任,1,"國立臺中科技大學財政稅務系(正取,分發)"
CAND_0389,113,nutc_tax,國立臺中科技大學,財政稅務系(商管群),國立臺中科技大學 財政稅務系(商管群),69090099,張*,正取,國立臺中科技大學,國立臺中科技大學財政稅務系,原校系/本校留任,3,"國立臺中科技大學財政稅務系(正取,分發); 國立虎尾科技大學企業管理系(通過); 國立勤益科技大學人工智慧應用工程系(正取)"
CAND_0390,113,nutc_tax,國立臺中科技大學,財政稅務系(商管群),國立臺中科技大學 財政稅務系(商管群),64090299,鄭*鈞,正取,國立臺中科技大學,國立臺中科技大學財政稅務系,原校系/本校留任,2,"國立臺中科技大學財政稅務系(正取,分發); 國立高雄科技大學會計資訊系(通過)"
CAND_0391,113,nutc_tax,國立臺中科技大學,財政稅務系(商管群),國立臺中科技大學 財政稅務系(商管群),63090061,李*儀,正取,國立臺中科技大學,國立臺中科技大學財政稅務系,原校系/本校留任,4,"國立臺中科技大學財政稅務系(正取,分發); 國立勤益科技大學流通管理系(通過); 朝陽科技大學財務金融系(通過); 亞洲大學經營管理學系(通過)"
CAND_0392,113,nutc_tax,國立臺中科技大學,財政稅務系(商管群),國立臺中科技大學 財政稅務系(商管群),61090993,*祥,正取,國立臺中科技大學,國立臺中科技大學財政稅務系,原校系/本校留任,1,"國立臺中科技大學財政稅務系(正取,分發)"
CAND_0393,113,nutc_tax,國立臺中科技大學,財政稅務系(商管群),國立臺中科技大學 財政稅務系(商管群),59090118,温*伊,正取,逢甲大學,逢甲大學經濟學系,其他學校錄取,6,"國立臺中科技大學財政稅務系(正取); 國立高雄科技大學運籌管理系(正取); 國立高雄科技大學商務資訊應用系(正取); 國立虎尾科技大學工業管理系(通過); 國立勤益科技大學資訊管理系(通過); 逢甲大學經濟學系(正取,分發)"
CAND_0394,113,nutc_tax,國立臺中科技大學,財政稅務系(商管群),國立臺中科技大學 財政稅務系(商管群),61090038,林*臻,正取,國立臺中科技大學,國立臺中科技大學財政稅務系,原校系/本校留任,4,"國立臺中科技大學財政稅務系(正取,分發); 國立高雄科技大學運籌管理系(正取); 國立高雄科技大學行銷與流通管理系(備取); 國立勤益科技大學流通管理系(通過)"
CAND_0395,113,nutc_tax,國立臺中科技大學,財政稅務系(商管群),國立臺中科技大學 財政稅務系(商管群),61091782,邱*真,正取,國立臺中科技大學,國立臺中科技大學財政稅務系,原校系/本校留任,3,"國立臺中科技大學財政稅務系(正取,分發); 國立虎尾科技大學財務金融系(通過); 國立勤益科技大學資訊管理系(正取)"
CAND_0396,113,nutc_tax,國立臺中科技大學,財政稅務系(商管群),國立臺中科技大學 財政稅務系(商管群),60090014,黄*綸,正取,國立臺北商業大學,國立臺北商業大學國際商務系(臺北校區),其他學校錄取,5,"國立臺中科技大學財政稅務系(正取); 國立高雄科技大學金融系(備取); 國立高雄科技大學財政稅務系(備取); 國立虎尾科技大學財務金融系(正取); 國立臺北商業大學國際商務系(臺北校區)(正取,分發)"
CAND_0397,113,nutc_tax,國立臺中科技大學,財政稅務系(商管群),國立臺中科技大學 財政稅務系(商管群),74090229,*婕,正取,國立勤益科技大學,國立勤益科技大學企業管理系,其他學校錄取,5,"國立臺中科技大學財政稅務系(正取); 國立勤益科技大學企業管理系(正取,分發); 明志科技大學經營管理系(正取); 德明財經科技大學財務金融系(通過); 致理科技大學行銷與流通管理系(正取)"
CAND_0398,113,nutc_tax,國立臺中科技大學,財政稅務系(商管群),國立臺中科技大學 財政稅務系(商管群),52090214,顏*婷,正取,國立臺中科技大學,國立臺中科技大學財政稅務系,原校系/本校留任,3,"國立臺中科技大學財政稅務系(正取,分發); 致理科技大學財務金融系(通過); 銘傳大學企業管理學系(台北校區)(備取)"
CAND_0399,113,nutc_tax,國立臺中科技大學,財政稅務系(商管群),國立臺中科技大學 財政稅務系(商管群),61091082,林*朔,備取,國立臺中科技大學,國立臺中科技大學財政稅務系,原校系/本校留任,2,"國立臺中科技大學財政稅務系(備取,分發); 國立澎湖科技大學航運管理系(正取)"
CAND_0400,113,nutc_tax,國立臺中科技大學,財政稅務系(商管群),國立臺中科技大學 財政稅務系(商管群),64090131,黄*,備取,國立臺中科技大學,國立臺中科技大學財政稅務系,原校系/本校留任,2,"國立臺中科技大學財政稅務系(備取,分發); 國立虎尾科技大學財務金融系(通過)"
CAND_0401,113,nutc_tax,國立臺中科技大學,財政稅務系(商管群),國立臺中科技大學 財政稅務系(商管群),68530094,林*岑,備取,國立高雄科技大學,國立高雄科技大學航運管理系,其他學校錄取,4,"國立臺中科技大學財政稅務系(備取); 國立高雄科技大學航運管理系(備取,分發); 國立屏東大學財務金融學系(通過); 國立屏東大學會計學系(正取)"
CAND_0402,113,nutc_tax,國立臺中科技大學,財政稅務系(商管群),國立臺中科技大學 財政稅務系(商管群),59090074,黄*婷,備取,—,—,未分發或放棄,2,國立臺中科技大學財政稅務系(備取); 國立勤益科技大學資訊管理系(通過)
CAND_0403,113,nutc_tax,國立臺中科技大學,財政稅務系(商管群),國立臺中科技大學 財政稅務系(商管群),64090163,阮*,備取,國立臺中科技大學,國立臺中科技大學財政稅務系,原校系/本校留任,4,"國立臺中科技大學財政稅務系(備取,分發); 國立高雄科技大學金融資訊系(正取); 國立虎尾科技大學工業管理系(正取); 逢甲大學經濟學系(備取)"
CAND_0404,113,nutc_tax,國立臺中科技大學,財政稅務系(商管群),國立臺中科技大學 財政稅務系(商管群),52090398,尤*,備取,國立臺中科技大學,國立臺中科技大學財政稅務系,原校系/本校留任,6,"國立臺中科技大學財政稅務系(備取,分發); 國立高雄科技大學智慧商務系(通過); 國立高雄科技大學商務資訊應用系(正取); 中原大學資訊管理學系(備取); 銘傳大學企業管理學系(台北校區)(通過); 銘傳大學國際企業學系(台北校區)(備取)"
CAND_0405,113,nutc_tax,國立臺中科技大學,財政稅務系(商管群),國立臺中科技大學 財政稅務系(商管群),69090045,葵*庭,備取,國立臺中科技大學,國立臺中科技大學財政稅務系,原校系/本校留任,1,"國立臺中科技大學財政稅務系(備取,分發)"
CAND_0406,113,nutc_tax,國立臺中科技大學,財政稅務系(商管群),國立臺中科技大學 財政稅務系(商管群),74090066,*婕,備取,國立臺中科技大學,國立臺中科技大學財政稅務系,原校系/本校留任,4,"國立臺中科技大學財政稅務系(備取,分發); 國立臺北護理健康大學健康事業管理系(通過); 朝陽科技大學財務金融系(正取); 國立屏東大學行銷與流通管理學系(通過)"
CAND_0407,113,nutc_tax,國立臺中科技大學,財政稅務系(商管群),國立臺中科技大學 財政稅務系(商管群),70090801,林*,備取,國立臺中科技大學,國立臺中科技大學財政稅務系,原校系/本校留任,1,"國立臺中科技大學財政稅務系(備取,分發)"
CAND_0408,113,nutc_tax,國立臺中科技大學,財政稅務系(商管群),國立臺中科技大學 財政稅務系(商管群),65090335,*喻,備取,國立臺中科技大學,國立臺中科技大學財政稅務系,原校系/本校留任,4,"國立臺中科技大學財政稅務系(備取,分發); 朝陽科技大學保險金融管理系(正取); 弘光科技大學智慧科技應用系(通過); 亞洲大學會計與資訊學系(通過)"
CAND_0409,113,nutc_tax,國立臺中科技大學,財政稅務系(商管群),國立臺中科技大學 財政稅務系(商管群),61091015,*欣,備取,國立臺中科技大學,國立臺中科技大學財政稅務系,原校系/本校留任,1,"國立臺中科技大學財政稅務系(備取,分發)"
CAND_0410,113,nutc_tax,國立臺中科技大學,財政稅務系(商管群),國立臺中科技大學 財政稅務系(商管群),56090035,陳*,備取,國立臺中科技大學,國立臺中科技大學財政稅務系,原校系/本校留任,1,"國立臺中科技大學財政稅務系(備取,分發)"
CAND_0411,113,nutc_tax,國立臺中科技大學,財政稅務系(商管群),國立臺中科技大學 財政稅務系(商管群),61091609,葵*日,備取,國立高雄科技大學,國立高雄科技大學會計資訊系,其他學校錄取,5,"國立臺中科技大學財政稅務系(備取); 國立高雄科技大學會計資訊系(備取,分發); 國立高雄科技大學智慧商務系(正取); 國立虎尾科技大學企業管理系(通過); 國立勤益科技大學資訊管理系(通過)"
CAND_0412,113,nutc_tax,國立臺中科技大學,財政稅務系(商管群),國立臺中科技大學 財政稅務系(商管群),64090320,葵*,備取,國立臺中科技大學,國立臺中科技大學財政稅務系,原校系/本校留任,2,"國立臺中科技大學財政稅務系(備取,分發); 國立高雄科技大學財政稅務系(備取)"
CAND_0413,113,nutc_tax,國立臺中科技大學,財政稅務系(商管群),國立臺中科技大學 財政稅務系(商管群),68090129,鄧*彤,備取,國立高雄科技大學,國立高雄科技大學會計資訊系,其他學校錄取,3,"國立臺中科技大學財政稅務系(備取); 國立高雄科技大學會計資訊系(備取,分發); 國立虎尾科技大學工業管理系(通過)"
CAND_0414,113,nutc_tax,國立臺中科技大學,財政稅務系(商管群),國立臺中科技大學 財政稅務系(商管群),54090517,黄*弦,備取,國立臺中科技大學,國立臺中科技大學財政稅務系,原校系/本校留任,1,"國立臺中科技大學財政稅務系(備取,分發)"
CAND_0415,113,nutc_tax,國立臺中科技大學,財政稅務系(商管群),國立臺中科技大學 財政稅務系(商管群),61090999,維*欣,備取,國立臺中科技大學,國立臺中科技大學財政稅務系,原校系/本校留任,4,"國立臺中科技大學財政稅務系(備取,分發); 國立虎尾科技大學工業管理系(通過); 國立虎尾科技大學財務金融系(通過); 國立勤益科技大學工業工程與管理系(通過)"
CAND_0416,113,nutc_tax,國立臺中科技大學,財政稅務系(商管群),國立臺中科技大學 財政稅務系(商管群),70090606,許*瑜,備取,國立屏東科技大學,國立屏東科技大學財務金融國際學士學位學程,其他學校錄取,2,"國立臺中科技大學財政稅務系(備取); 國立屏東科技大學財務金融國際學士學位學程(正取,分發)"
CAND_0417,113,nutc_tax,國立臺中科技大學,財政稅務系(商管群),國立臺中科技大學 財政稅務系(商管群),67090346,謝*駿,備取,國立臺中科技大學,國立臺中科技大學財政稅務系,原校系/本校留任,6,"國立臺中科技大學財政稅務系(備取,分發); 國立勤益科技大學資訊管理系(正取); 朝陽科技大學企業管理系(通過); 明新科技大學資訊管理系(通過); 德明財經科技大學財政稅務系(正取); 中原大學資訊管理學系(備取)"
CAND_0418,113,nutc_tax,國立臺中科技大學,財政稅務系(商管群),國立臺中科技大學 財政稅務系(商管群),67090430,蘇*晴,備取,國立高雄科技大學,國立高雄科技大學運籌管理系,其他學校錄取,2,"國立臺中科技大學財政稅務系(備取); 國立高雄科技大學運籌管理系(正取,分發)"
CAND_0419,113,nutc_tax,國立臺中科技大學,財政稅務系(商管群),國立臺中科技大學 財政稅務系(商管群),61091006,葵*,備取,國立臺中科技大學,國立臺中科技大學財政稅務系,原校系/本校留任,2,"國立臺中科技大學財政稅務系(備取,分發); 國立勤益科技大學資訊管理系(備取)"
CAND_0420,113,nutc_tax,國立臺中科技大學,財政稅務系(商管群),國立臺中科技大學 財政稅務系(商管群),61091113,女*妤,備取,國立臺中科技大學,國立臺中科技大學財政稅務系,原校系/本校留任,5,"國立臺中科技大學財政稅務系(備取,分發); 國立高雄科技大學工業工程與管理系(通過); 國立虎尾科技大學財務金融系(通過); 國立勤益科技大學工業工程與管理系(正取); 逢甲大學財稅學系(正取)"
CAND_0421,113,nutc_tax,國立臺中科技大學,財政稅務系(商管群),國立臺中科技大學 財政稅務系(商管群),57090462,維*恩,備取,國立臺中科技大學,國立臺中科技大學財政稅務系,原校系/本校留任,1,"國立臺中科技大學財政稅務系(備取,分發)"
CAND_0422,113,nutc_tax,國立臺中科技大學,財政稅務系(商管群),國立臺中科技大學 財政稅務系(商管群),51090075,鄭*媃,備取,致理科技大學,致理科技大學財務金融系,其他學校錄取,3,"國立臺中科技大學財政稅務系(備取); 致理科技大學財務金融系(正取,分發); 中原大學會計學系(備取)"
CAND_0423,113,nutc_tax,國立臺中科技大學,財政稅務系(商管群),國立臺中科技大學 財政稅務系(商管群),61091647,李*,備取,—,—,未分發或放棄,2,國立臺中科技大學財政稅務系(備取); 國立高雄科技大學行銷與流通管理系(通過)
CAND_0424,113,nutc_tax,國立臺中科技大學,財政稅務系(商管群),國立臺中科技大學 財政稅務系(商管群),57090210,徐*永,備取,國立虎尾科技大學,國立虎尾科技大學財務金融系,其他學校錄取,3,"國立臺中科技大學財政稅務系(備取); 國立虎尾科技大學財務金融系(備取,分發); 國立勤益科技大學資訊管理系(通過)"
CAND_0425,113,nutc_tax,國立臺中科技大學,財政稅務系(商管群),國立臺中科技大學 財政稅務系(商管群),61090640,張*,備取,—,—,未分發或放棄,1,國立臺中科技大學財政稅務系(備取)
CAND_0426,113,nutc_tax,國立臺中科技大學,財政稅務系(商管群),國立臺中科技大學 財政稅務系(商管群),69090077,賴*志,備取,國立虎尾科技大學,國立虎尾科技大學財務金融系,其他學校錄取,4,"國立臺中科技大學財政稅務系(備取); 國立虎尾科技大學企業管理系(通過); 國立虎尾科技大學財務金融系(正取,分發); 國立勤益科技大學企業管理系(正取)"
CAND_0427,113,nutc_tax,國立臺中科技大學,財政稅務系(商管群),國立臺中科技大學 財政稅務系(商管群),51090284,林*成,備取,—,—,未分發或放棄,1,國立臺中科技大學財政稅務系(備取)
CAND_0428,113,nutc_tax,國立臺中科技大學,財政稅務系(商管群),國立臺中科技大學 財政稅務系(商管群),61091387,葉*穎,備取,逢甲大學,逢甲大學合作經濟暨社會事業經營學系,其他學校錄取,4,"國立臺中科技大學財政稅務系(備取); 國立勤益科技大學企業管理系(通過); 逢甲大學合作經濟暨社會事業經營學系(正取,分發); 逢甲大學國際經營與貿易學系(備取)"
CAND_0429,113,nutc_tax,國立臺中科技大學,財政稅務系(商管群),國立臺中科技大學 財政稅務系(商管群),68090025,陳*閔,備取,國立高雄科技大學,國立高雄科技大學運籌管理系,其他學校錄取,2,"國立臺中科技大學財政稅務系(備取); 國立高雄科技大學運籌管理系(備取,分發)"
CAND_0430,113,nutc_tax,國立臺中科技大學,財政稅務系(商管群),國立臺中科技大學 財政稅務系(商管群),52090685,周*美,備取,—,—,未分發或放棄,3,國立臺中科技大學財政稅務系(備取); 國立勤益科技大學工業工程與管理系(通過); 逢甲大學會計學系(備取)
CAND_0431,113,nutc_tax,國立臺中科技大學,財政稅務系(商管群),國立臺中科技大學 財政稅務系(商管群),61091338,李*晨,備取,逢甲大學,逢甲大學經濟學系,其他學校錄取,2,"國立臺中科技大學財政稅務系(備取); 逢甲大學經濟學系(正取,分發)"
CAND_0432,113,nutc_tax,國立臺中科技大學,財政稅務系(商管群),國立臺中科技大學 財政稅務系(商管群),61091543,陳*彤,備取,國立高雄科技大學,國立高雄科技大學商務資訊應用系,其他學校錄取,3,"國立臺中科技大學財政稅務系(備取); 國立高雄科技大學商務資訊應用系(備取,分發); 國立虎尾科技大學工業管理系(備取)"
CAND_0433,113,nutc_tax,國立臺中科技大學,財政稅務系(商管群),國立臺中科技大學 財政稅務系(商管群),57090550,陳*彤,備取,—,—,未分發或放棄,1,國立臺中科技大學財政稅務系(備取)
CAND_0434,113,nutc_tax,國立臺中科技大學,財政稅務系(商管群),國立臺中科技大學 財政稅務系(商管群),61091167,宋*,備取,國立勤益科技大學,國立勤益科技大學企業管理系,其他學校錄取,5,"國立臺中科技大學財政稅務系(備取); 國立高雄科技大學運籌管理系(備取); 國立虎尾科技大學企業管理系(備取); 國立勤益科技大學企業管理系(正取,分發); 國立臺北護理健康大學生死與健康心理諮商系(通過)"
CAND_0435,113,nutc_tax,國立臺中科技大學,財政稅務系(商管群),國立臺中科技大學 財政稅務系(商管群),61090557,謝*如,備取,—,—,未分發或放棄,3,國立臺中科技大學財政稅務系(備取); 國立高雄科技大學人力資源發展系(備取); 國立高雄科技大學供應鏈管理系(備取)
CAND_0436,113,nutc_tax,國立臺中科技大學,財政稅務系(商管群),國立臺中科技大學 財政稅務系(商管群),63090365,葉*晨,備取,國立高雄科技大學,國立高雄科技大學人力資源發展系,其他學校錄取,5,"國立臺中科技大學財政稅務系(備取); 國立屏東科技大學企業管理系(通過); 國立高雄科技大學人力資源發展系(備取,分發); 國立虎尾科技大學企業管理系(正取); 國立勤益科技大學企業管理系(通過)"
CAND_0437,113,nutc_tax,國立臺中科技大學,財政稅務系(商管群),國立臺中科技大學 財政稅務系(商管群),58090056,—,備取,國立高雄科技大學,國立高雄科技大學運籌管理系,其他學校錄取,4,"國立臺中科技大學財政稅務系(備取); 國立高雄科技大學運籌管理系(備取,分發); 國立虎尾科技大學工業管理系(通過); 國立勤益科技大學工業工程與管理系(通過)"
CAND_0438,113,nutc_tax,國立臺中科技大學,財政稅務系(商管群),國立臺中科技大學 財政稅務系(商管群),57090959,謝*桓,備取,國立臺北護理健康大學,國立臺北護理健康大學健康事業管理系,其他學校錄取,4,"國立臺中科技大學財政稅務系(備取); 國立臺北護理健康大學健康事業管理系(正取,分發); 朝陽科技大學財務金融系(通過); 致理科技大學財務金融系(正取)"
CAND_0439,113,nutc_tax,國立臺中科技大學,財政稅務系(商管群),國立臺中科技大學 財政稅務系(商管群),57090506,陳*筠,備取,—,—,未分發或放棄,2,國立臺中科技大學財政稅務系(備取); 國立勤益科技大學企業管理系(通過)
CAND_0440,113,nutc_tax,國立臺中科技大學,財政稅務系(商管群),國立臺中科技大學 財政稅務系(商管群),68090645,黄*,備取,—,—,未分發或放棄,2,國立臺中科技大學財政稅務系(備取); 逢甲大學國際經營與貿易學系(備取)
CAND_0441,113,nutc_tax,國立臺中科技大學,財政稅務系(商管群),國立臺中科技大學 財政稅務系(商管群),71090063,許*禎,備取,國立高雄科技大學,國立高雄科技大學會計資訊系,其他學校錄取,3,"國立臺中科技大學財政稅務系(備取); 國立屏東科技大學企業管理系(通過); 國立高雄科技大學會計資訊系(正取,分發)"
CAND_0442,113,nutc_tax,國立臺中科技大學,財政稅務系(商管群),國立臺中科技大學 財政稅務系(商管群),57090530,*臻,備取,—,—,未分發或放棄,3,國立臺中科技大學財政稅務系(備取); 朝陽科技大學休閒事業管理系(通過); 致理科技大學行銷與流通管理系(通過)
CAND_0443,113,nutc_tax,國立臺中科技大學,財政稅務系(商管群),國立臺中科技大學 財政稅務系(商管群),52530021,葵*岑,備取,銘傳大學,銘傳大學國際企業學系(台北校區),其他學校錄取,4,"國立臺中科技大學財政稅務系(備取); 中原大學國際經營與貿易學系(備取); 銘傳大學企業管理學系(台北校區)(通過); 銘傳大學國際企業學系(台北校區)(備取,分發)"
CAND_0444,113,nutc_tax,國立臺中科技大學,財政稅務系(商管群),國立臺中科技大學 財政稅務系(商管群),68090102,黄*貿,備取,—,—,未分發或放棄,2,國立臺中科技大學財政稅務系(備取); 國立高雄科技大學會計資訊系(備取)
CAND_0445,113,nutc_tax,國立臺中科技大學,財政稅務系(商管群),國立臺中科技大學 財政稅務系(商管群),70090374,吳*瑜,備取,國立虎尾科技大學,國立虎尾科技大學工業管理系,其他學校錄取,4,"國立臺中科技大學財政稅務系(備取); 國立屏東科技大學工業管理系(通過); 國立高雄科技大學人力資源發展系(備取); 國立虎尾科技大學工業管理系(正取,分發)"
CAND_0446,113,nutc_tax,國立臺中科技大學,財政稅務系(商管群),國立臺中科技大學 財政稅務系(商管群),68090150,吳*廷,備取,—,—,未分發或放棄,3,國立臺中科技大學財政稅務系(備取); 國立高雄科技大學運籌管理系(備取); 國立勤益科技大學資訊管理系(通過)
CAND_0447,113,nutc_tax,國立臺中科技大學,財政稅務系(商管群),國立臺中科技大學 財政稅務系(商管群),70090469,鄭*昕,備取,國立高雄科技大學,國立高雄科技大學人力資源發展系,其他學校錄取,3,"國立臺中科技大學財政稅務系(備取); 國立高雄科技大學行銷與流通管理系(備取); 國立高雄科技大學人力資源發展系(備取,分發)"
CAND_0448,113,nutc_tax,國立臺中科技大學,財政稅務系(商管群),國立臺中科技大學 財政稅務系(商管群),64090442,張*,備取,—,—,未分發或放棄,4,國立臺中科技大學財政稅務系(備取); 國立高雄科技大學人力資源發展系(備取); 中原大學資訊管理學系(備取); 靜宜大學財務金融學系(通過)
CAND_0449,113,nutc_tax,國立臺中科技大學,財政稅務系(商管群),國立臺中科技大學 財政稅務系(商管群),61091111,林*瑜,備取,國立高雄科技大學,國立高雄科技大學運籌管理系,其他學校錄取,3,"國立臺中科技大學財政稅務系(備取); 國立高雄科技大學運籌管理系(備取,分發); 國立勤益科技大學企業管理系(正取)"
CAND_0450,113,nutc_tax,國立臺中科技大學,財政稅務系(商管群),國立臺中科技大學 財政稅務系(商管群),52090205,許*鈞,備取,銘傳大學,銘傳大學國際企業學系(台北校區),其他學校錄取,5,"國立臺中科技大學財政稅務系(備取); 銘傳大學企業管理學系(台北校區)(通過); 銘傳大學國際企業學系(台北校區)(正取,分發); 實踐大學財務金融學系(臺北校區)(通過); 逢甲大學國際經營與貿易學系(備取)"
CAND_0451,113,nutc_tax,國立臺中科技大學,財政稅務系(商管群),國立臺中科技大學 財政稅務系(商管群),52090745,葵*諺,備取,—,—,未分發或放棄,1,國立臺中科技大學財政稅務系(備取)
CAND_0452,113,nutc_tax,國立臺中科技大學,財政稅務系(商管群),國立臺中科技大學 財政稅務系(商管群),61091237,張*瑜,備取,國立高雄科技大學,國立高雄科技大學會計資訊系,其他學校錄取,4,"國立臺中科技大學財政稅務系(備取); 國立高雄科技大學會計資訊系(備取,分發); 樹德科技大學金融管理系(正取); 逢甲大學財稅學系(備取)"
CAND_0453,113,nutc_tax,國立臺中科技大學,財政稅務系(商管群),國立臺中科技大學 財政稅務系(商管群),52090019,何*穎,備取,—,—,未分發或放棄,2,國立臺中科技大學財政稅務系(備取); 銘傳大學會計學系(台北校區)(通過)
CAND_0454,113,nutc_tax,國立臺中科技大學,財政稅務系(商管群),國立臺中科技大學 財政稅務系(商管群),61090307,*曜,備取,—,—,未分發或放棄,1,國立臺中科技大學財政稅務系(備取)
CAND_0455,113,nutc_tax,國立臺中科技大學,財政稅務系(商管群),國立臺中科技大學 財政稅務系(商管群),74090014,賴*潔,備取,朝陽科技大學,朝陽科技大學財務金融系,其他學校錄取,5,"國立臺中科技大學財政稅務系(備取); 國立高雄科技大學財政稅務系(通過); 朝陽科技大學財務金融系(正取,分發); 僑光科技大學財務金融系(通過); 慈濟科技大學經營管理系(通過)"
CAND_0456,113,nutc_tax,國立臺中科技大學,財政稅務系(商管群),國立臺中科技大學 財政稅務系(商管群),52090517,林*,備取,國立臺中科技大學,國立臺中科技大學財政稅務系,原校系/本校留任,3,"國立臺中科技大學財政稅務系(備取,分發); 國立臺北科技大學工業工程與管理系(備取); 國立高雄科技大學財務管理系(通過)"
CAND_0457,113,nutc_tax,國立臺中科技大學,財政稅務系(商管群),國立臺中科技大學 財政稅務系(商管群),65090061,蕭*璇,備取,國立虎尾科技大學,國立虎尾科技大學財務金融系,其他學校錄取,5,"國立臺中科技大學財政稅務系(備取); 國立高雄科技大學財政稅務系(備取); 國立虎尾科技大學企業管理系(正取); 國立虎尾科技大學財務金融系(備取,分發); 國立勤益科技大學企業管理系(備取)"
CAND_0458,113,nutc_tax,國立臺中科技大學,財政稅務系(商管群),國立臺中科技大學 財政稅務系(商管群),65090177,張*豪,備取,國立臺中科技大學,國立臺中科技大學財政稅務系,原校系/本校留任,3,"國立臺中科技大學財政稅務系(備取,分發); 國立虎尾科技大學企業管理系(通過); 國立勤益科技大學企業管理系(備取)"
CAND_0459,113,nutc_tax,國立臺中科技大學,財政稅務系(商管群),國立臺中科技大學 財政稅務系(商管群),51090306,*盲,備取,國立臺北商業大學,國立臺北商業大學財政稅務系(臺北校區),其他學校錄取,2,"國立臺中科技大學財政稅務系(通過); 國立臺北商業大學財政稅務系(臺北校區)(正取,分發)"
CAND_0460,113,nutc_tax,國立臺中科技大學,財政稅務系(商管群),國立臺中科技大學 財政稅務系(商管群),52090357,許*勛,備取,—,—,未分發或放棄,2,國立臺中科技大學財政稅務系(通過); 國立臺北商業大學數位多媒體設計系(桃園校區)(通過)
CAND_0461,113,nutc_tax,國立臺中科技大學,財政稅務系(商管群),國立臺中科技大學 財政稅務系(商管群),52090761,李*,備取,國立臺北商業大學,國立臺北商業大學財政稅務系(臺北校區),其他學校錄取,5,"國立臺中科技大學財政稅務系(通過); 國立臺北科技大學資訊與財金管理系(通過); 國立高雄科技大學財政稅務系(通過); 國立臺北商業大學財政稅務系(臺北校區)(備取,分發); 國立臺北商業大學國際商務系(臺北校區)(正取)"
CAND_0462,113,nutc_tax,國立臺中科技大學,財政稅務系(商管群),國立臺中科技大學 財政稅務系(商管群),52090882,周*伶,備取,—,—,未分發或放棄,3,國立臺中科技大學財政稅務系(通過); 國立勤益科技大學資訊管理系(通過); 國立聯合大學資訊管理學系(通過)
CAND_0463,113,nutc_tax,國立臺中科技大學,財政稅務系(商管群),國立臺中科技大學 財政稅務系(商管群),57090097,謝*祐,備取,—,—,未分發或放棄,2,國立臺中科技大學財政稅務系(通過); 國立臺北護理健康大學健康事業管理系(通過)
CAND_0464,113,nutc_tax,國立臺中科技大學,財政稅務系(商管群),國立臺中科技大學 財政稅務系(商管群),57090458,陳*穎,備取,—,—,未分發或放棄,3,國立臺中科技大學財政稅務系(通過); 國立勤益科技大學企業管理系(通過); 國立屏東大學會計學系(正取)
CAND_0465,113,nutc_tax,國立臺中科技大學,財政稅務系(商管群),國立臺中科技大學 財政稅務系(商管群),57090863,宓*君,備取,銘傳大學,銘傳大學會計學系(台北校區),其他學校錄取,6,"國立臺中科技大學財政稅務系(通過); 致理科技大學財務金融系(通過); 中原大學會計學系(備取); 銘傳大學會計學系(台北校區)(備取,分發); 銘傳大學國際企業學系(台北校區)(備取); 真理大學財務金融學系(通過)"
CAND_0466,113,nutc_tax,國立臺中科技大學,財政稅務系(商管群),國立臺中科技大學 財政稅務系(商管群),58090045,賴*蓉,備取,—,—,未分發或放棄,3,國立臺中科技大學財政稅務系(通過); 國立臺北商業大學國際商務系(臺北校區)(通過); 國立聯合大學經營管理學系(通過)
CAND_0467,113,nutc_tax,國立臺中科技大學,財政稅務系(商管群),國立臺中科技大學 財政稅務系(商管群),58090173,謝*穎,備取,國立臺北商業大學,國立臺北商業大學商業設計管理系(桃園校區),其他學校錄取,5,"國立臺中科技大學財政稅務系(通過); 國立高雄科技大學財政稅務系(通過); 國立高雄科技大學文化創意產業系(正取); 國立臺北商業大學商業設計管理系(桃園校區)(正取,分發); 國立臺北商業大學數位多媒體設計系(桃園校區)(備取)"
CAND_0468,113,nutc_tax,國立臺中科技大學,財政稅務系(商管群),國立臺中科技大學 財政稅務系(商管群),58090216,楊*軒,備取,—,—,未分發或放棄,1,國立臺中科技大學財政稅務系(通過)
CAND_0469,113,nutc_tax,國立臺中科技大學,財政稅務系(商管群),國立臺中科技大學 財政稅務系(商管群),58090217,黄*翎,備取,—,—,未分發或放棄,1,國立臺中科技大學財政稅務系(通過)
CAND_0470,113,nutc_tax,國立臺中科技大學,財政稅務系(商管群),國立臺中科技大學 財政稅務系(商管群),58090321,徐*紾,備取,—,—,未分發或放棄,2,國立臺中科技大學財政稅務系(通過); 國立高雄科技大學企業管理系(通過)
CAND_0471,113,nutc_tax,國立臺中科技大學,財政稅務系(商管群),國立臺中科技大學 財政稅務系(商管群),58090413,—,備取,—,—,未分發或放棄,2,國立臺中科技大學財政稅務系(通過); 國立高雄科技大學財政稅務系(通過)
CAND_0472,113,nutc_tax,國立臺中科技大學,財政稅務系(商管群),國立臺中科技大學 財政稅務系(商管群),59090126,周*甯,備取,—,—,未分發或放棄,2,國立臺中科技大學財政稅務系(通過); 國立虎尾科技大學財務金融系(通過)
CAND_0473,113,nutc_tax,國立臺中科技大學,財政稅務系(商管群),國立臺中科技大學 財政稅務系(商管群),59090439,吳*璇,備取,—,—,未分發或放棄,2,國立臺中科技大學財政稅務系(通過); 國立高雄科技大學商務資訊應用系(通過)
CAND_0474,113,nutc_tax,國立臺中科技大學,財政稅務系(商管群),國立臺中科技大學 財政稅務系(商管群),60090161,吳*宇,備取,國立高雄科技大學,國立高雄科技大學商務資訊應用系,其他學校錄取,2,"國立臺中科技大學財政稅務系(通過); 國立高雄科技大學商務資訊應用系(正取,分發)"
CAND_0475,113,nutc_tax,國立臺中科技大學,財政稅務系(商管群),國立臺中科技大學 財政稅務系(商管群),61090058,陳*郁,備取,國立高雄科技大學,國立高雄科技大學會計資訊系,其他學校錄取,2,"國立臺中科技大學財政稅務系(通過); 國立高雄科技大學會計資訊系(備取,分發)"
CAND_0476,113,nutc_tax,國立臺中科技大學,財政稅務系(商管群),國立臺中科技大學 財政稅務系(商管群),61090359,蘇*口,備取,—,—,未分發或放棄,3,國立臺中科技大學財政稅務系(通過); 國立勤益科技大學工業工程與管理系(通過); 靜宜大學財務金融學系(通過)
CAND_0477,113,nutc_tax,國立臺中科技大學,財政稅務系(商管群),國立臺中科技大學 財政稅務系(商管群),61090583,郭*妤,備取,國立雲林科技大學,國立雲林科技大學企業管理系,其他學校錄取,3,"國立臺中科技大學財政稅務系(通過); 國立雲林科技大學企業管理系(備取,分發); 國立高雄科技大學財政稅務系(通過)"
CAND_0478,113,nutc_tax,國立臺中科技大學,財政稅務系(商管群),國立臺中科技大學 財政稅務系(商管群),61090611,張*恩,備取,—,—,未分發或放棄,1,國立臺中科技大學財政稅務系(通過)
CAND_0479,113,nutc_tax,國立臺中科技大學,財政稅務系(商管群),國立臺中科技大學 財政稅務系(商管群),61090623,楊*瑜,備取,國立虎尾科技大學,國立虎尾科技大學財務金融系,其他學校錄取,3,"國立臺中科技大學財政稅務系(通過); 國立高雄科技大學財政稅務系(通過); 國立虎尾科技大學財務金融系(正取,分發)"
CAND_0480,113,nutc_tax,國立臺中科技大學,財政稅務系(商管群),國立臺中科技大學 財政稅務系(商管群),61090644,江*婷,備取,逢甲大學,逢甲大學財稅學系,其他學校錄取,2,"國立臺中科技大學財政稅務系(通過); 逢甲大學財稅學系(備取,分發)"
CAND_0481,113,nutc_tax,國立臺中科技大學,財政稅務系(商管群),國立臺中科技大學 財政稅務系(商管群),61090653,*瑄,備取,—,—,未分發或放棄,1,國立臺中科技大學財政稅務系(通過)
CAND_0482,113,nutc_tax,國立臺中科技大學,財政稅務系(商管群),國立臺中科技大學 財政稅務系(商管群),61090735,蘇*閎,備取,—,—,未分發或放棄,1,國立臺中科技大學財政稅務系(通過)
CAND_0483,113,nutc_tax,國立臺中科技大學,財政稅務系(商管群),國立臺中科技大學 財政稅務系(商管群),61090771,宋*住,備取,—,—,未分發或放棄,2,國立臺中科技大學財政稅務系(通過); 國立臺北商業大學國際商務系(臺北校區)(備取)
CAND_0484,113,nutc_tax,國立臺中科技大學,財政稅務系(商管群),國立臺中科技大學 財政稅務系(商管群),61091702,*淇,備取,—,—,未分發或放棄,1,國立臺中科技大學財政稅務系(通過)
CAND_0485,113,nutc_tax,國立臺中科技大學,財政稅務系(商管群),國立臺中科技大學 財政稅務系(商管群),62090078,陳*婕,備取,—,—,未分發或放棄,2,國立臺中科技大學財政稅務系(通過); 明志科技大學經營管理系(通過)
CAND_0486,113,nutc_tax,國立臺中科技大學,財政稅務系(商管群),國立臺中科技大學 財政稅務系(商管群),63090433,郭*瑜,備取,—,—,未分發或放棄,1,國立臺中科技大學財政稅務系(通過)
CAND_0487,113,nutc_tax,國立臺中科技大學,財政稅務系(商管群),國立臺中科技大學 財政稅務系(商管群),64090104,李*莉,備取,國立高雄科技大學,國立高雄科技大學金融系,其他學校錄取,2,"國立臺中科技大學財政稅務系(通過); 國立高雄科技大學金融系(備取,分發)"
CAND_0488,113,nutc_tax,國立臺中科技大學,財政稅務系(商管群),國立臺中科技大學 財政稅務系(商管群),64090117,林*勛,備取,國立高雄科技大學,國立高雄科技大學財務管理系,其他學校錄取,3,"國立臺中科技大學財政稅務系(通過); 國立高雄科技大學運籌管理系(通過); 國立高雄科技大學財務管理系(正取,分發)"
CAND_0489,113,nutc_tax,國立臺中科技大學,財政稅務系(商管群),國立臺中科技大學 財政稅務系(商管群),64090438,李*欣,備取,—,—,未分發或放棄,1,國立臺中科技大學財政稅務系(通過)
CAND_0490,113,nutc_tax,國立臺中科技大學,財政稅務系(商管群),國立臺中科技大學 財政稅務系(商管群),64090599,郭*,備取,—,—,未分發或放棄,2,國立臺中科技大學財政稅務系(通過); 國立雲林科技大學文化資產維護系(通過)
CAND_0491,113,nutc_tax,國立臺中科技大學,財政稅務系(商管群),國立臺中科技大學 財政稅務系(商管群),65090007,鄭*瑜,備取,—,—,未分發或放棄,1,國立臺中科技大學財政稅務系(通過)
CAND_0492,113,nutc_tax,國立臺中科技大學,財政稅務系(商管群),國立臺中科技大學 財政稅務系(商管群),65090053,黄*承,備取,—,—,未分發或放棄,1,國立臺中科技大學財政稅務系(通過)
CAND_0493,113,nutc_tax,國立臺中科技大學,財政稅務系(商管群),國立臺中科技大學 財政稅務系(商管群),65090141,許*,備取,—,—,未分發或放棄,1,國立臺中科技大學財政稅務系(通過)
CAND_0494,113,nutc_tax,國立臺中科技大學,財政稅務系(商管群),國立臺中科技大學 財政稅務系(商管群),65090185,李*玲,備取,—,—,未分發或放棄,3,國立臺中科技大學財政稅務系(通過); 國立高雄科技大學行銷與流通管理系(通過); 國立勤益科技大學企業管理系(通過)
CAND_0495,113,nutc_tax,國立臺中科技大學,財政稅務系(商管群),國立臺中科技大學 財政稅務系(商管群),65090221,張*瑀,備取,國立高雄科技大學,國立高雄科技大學財務管理系,其他學校錄取,2,"國立臺中科技大學財政稅務系(通過); 國立高雄科技大學財務管理系(正取,分發)"
CAND_0496,113,nutc_tax,國立臺中科技大學,財政稅務系(商管群),國立臺中科技大學 財政稅務系(商管群),65090265,陳*航,備取,國立高雄科技大學,國立高雄科技大學金融系,其他學校錄取,4,"國立臺中科技大學財政稅務系(通過); 國立高雄科技大學國際企業系(通過); 國立高雄科技大學金融系(備取,分發); 國立高雄科技大學財政稅務系(通過)"
CAND_0497,113,nutc_tax,國立臺中科技大學,財政稅務系(商管群),國立臺中科技大學 財政稅務系(商管群),65090393,*甄,備取,—,—,未分發或放棄,1,國立臺中科技大學財政稅務系(通過)
CAND_0498,113,nutc_tax,國立臺中科技大學,財政稅務系(商管群),國立臺中科技大學 財政稅務系(商管群),67090186,許*彦,備取,—,—,未分發或放棄,3,國立臺中科技大學財政稅務系(通過); 國立高雄科技大學航運管理系(備取); 國立虎尾科技大學財務金融系(通過)
CAND_0499,113,nutc_tax,國立臺中科技大學,財政稅務系(商管群),國立臺中科技大學 財政稅務系(商管群),67090254,*茹,備取,—,—,未分發或放棄,4,國立臺中科技大學財政稅務系(通過); 國立高雄科技大學企業管理系(通過); 國立高雄科技大學商務資訊應用系(通過); 國立虎尾科技大學企業管理系(通過)
CAND_0500,113,nutc_tax,國立臺中科技大學,財政稅務系(商管群),國立臺中科技大學 財政稅務系(商管群),67090334,簡*豪,備取,—,—,未分發或放棄,4,國立臺中科技大學財政稅務系(通過); 國立高雄科技大學會計資訊系(通過); 國立高雄科技大學財政稅務系(通過); 國立屏東大學會計學系(通過)
CAND_0501,113,nutc_tax,國立臺中科技大學,財政稅務系(商管群),國立臺中科技大學 財政稅務系(商管群),67090402,張*綺,備取,國立高雄科技大學,國立高雄科技大學智慧商務系,其他學校錄取,3,"國立臺中科技大學財政稅務系(通過); 國立高雄科技大學運籌管理系(備取); 國立高雄科技大學智慧商務系(備取,分發)"
CAND_0502,113,nutc_tax,國立臺中科技大學,財政稅務系(商管群),國立臺中科技大學 財政稅務系(商管群),68090057,方*永,備取,—,—,未分發或放棄,2,國立臺中科技大學財政稅務系(通過); 國立高雄科技大學會計資訊系(通過)
CAND_0503,113,nutc_tax,國立臺中科技大學,財政稅務系(商管群),國立臺中科技大學 財政稅務系(商管群),68090384,*哈,備取,國立高雄科技大學,國立高雄科技大學財政稅務系,其他學校錄取,3,"國立臺中科技大學財政稅務系(通過); 國立高雄科技大學財政稅務系(備取,分發); 國立屏東大學資訊管理學系(正取)"
CAND_0504,113,nutc_tax,國立臺中科技大學,財政稅務系(商管群),國立臺中科技大學 財政稅務系(商管群),68090621,吳*靜,備取,—,—,未分發或放棄,5,國立臺中科技大學財政稅務系(通過); 國立雲林科技大學文化資產維護系(通過); 國立高雄科技大學行銷與流通管理系(備取); 國立高雄科技大學人力資源發展系(通過); 國立高雄科技大學商務資訊應用系(通過)
CAND_0505,113,nutc_tax,國立臺中科技大學,財政稅務系(商管群),國立臺中科技大學 財政稅務系(商管群),68530068,*茹,備取,—,—,未分發或放棄,3,國立臺中科技大學財政稅務系(通過); 國立屏東科技大學農企業管理系(通過); 國立屏東大學行銷與流通管理學系(通過)
CAND_0506,113,nutc_tax,國立臺中科技大學,財政稅務系(商管群),國立臺中科技大學 財政稅務系(商管群),68530086,*柔,備取,國立雲林科技大學,國立雲林科技大學會計系,其他學校錄取,3,"國立臺中科技大學財政稅務系(通過); 國立雲林科技大學會計系(備取,分發); 國立高雄科技大學金融系(通過)"
CAND_0507,113,nutc_tax,國立臺中科技大學,財政稅務系(商管群),國立臺中科技大學 財政稅務系(商管群),69090031,葵*軒,備取,—,—,未分發或放棄,3,國立臺中科技大學財政稅務系(通過); 國立高雄科技大學運籌管理系(通過); 國立高雄科技大學航運管理系(備取)
CAND_0508,113,nutc_tax,國立臺中科技大學,財政稅務系(商管群),國立臺中科技大學 財政稅務系(商管群),70090317,*𡤃,備取,—,—,未分發或放棄,2,國立臺中科技大學財政稅務系(通過); 中原大學會計學系(備取)
CAND_0509,113,nutc_tax,國立臺中科技大學,財政稅務系(商管群),國立臺中科技大學 財政稅務系(商管群),70090346,沈*冰,備取,國立屏東大學,國立屏東大學會計學系,其他學校錄取,3,"國立臺中科技大學財政稅務系(通過); 國立屏東大學會計學系(正取,分發); 中原大學會計學系(備取)"
CAND_0510,113,nutc_tax,國立臺中科技大學,財政稅務系(商管群),國立臺中科技大學 財政稅務系(商管群),70090438,張*綜,備取,—,—,未分發或放棄,3,國立臺中科技大學財政稅務系(通過); 國立高雄科技大學金融系(通過); 國立高雄科技大學財政稅務系(通過)
CAND_0511,113,nutc_tax,國立臺中科技大學,財政稅務系(商管群),國立臺中科技大學 財政稅務系(商管群),70090765,陳*渘,備取,國立高雄科技大學,國立高雄科技大學金融系,其他學校錄取,4,"國立臺中科技大學財政稅務系(通過); 國立高雄科技大學金融系(正取,分發); 國立高雄科技大學財政稅務系(正取); 國立彰化師範大學財務金融技術學系(備取)"
CAND_0512,113,nutc_tax,國立臺中科技大學,財政稅務系(商管群),國立臺中科技大學 財政稅務系(商管群),70090905,周*彤,備取,—,—,未分發或放棄,3,國立臺中科技大學財政稅務系(通過); 國立高雄科技大學運籌管理系(通過); 國立高雄科技大學行銷與流通管理系(通過)
CAND_0513,113,nutc_tax,國立臺中科技大學,財政稅務系(商管群),國立臺中科技大學 財政稅務系(商管群),70090941,龔*,備取,國立高雄科技大學,國立高雄科技大學觀光管理系,其他學校錄取,4,"國立臺中科技大學財政稅務系(通過); 國立屏東科技大學財務金融國際學士學位學程(通過); 國立高雄科技大學行銷與流通管理系(備取); 國立高雄科技大學觀光管理系(正取,分發)"
CAND_0514,113,nutc_tax,國立臺中科技大學,財政稅務系(商管群),國立臺中科技大學 財政稅務系(商管群),70091037,陳*廷,備取,國立高雄科技大學,國立高雄科技大學財政稅務系,其他學校錄取,4,"國立臺中科技大學財政稅務系(通過); 國立高雄科技大學金融系(通過); 國立高雄科技大學會計資訊系(正取); 國立高雄科技大學財政稅務系(正取,分發)"
CAND_0515,113,nutc_tax,國立臺中科技大學,財政稅務系(商管群),國立臺中科技大學 財政稅務系(商管群),72090112,謝*威,備取,—,—,未分發或放棄,6,國立臺中科技大學財政稅務系(通過); 國立高雄科技大學觀光管理系(通過); 國立虎尾科技大學工業管理系(通過); 國立虎尾科技大學企業管理系(通過); 國立勤益科技大學企業管理系(通過); 國立臺北護理健康大學健康事業管理系(通過)
CAND_0516,113,nutc_tax,國立臺中科技大學,財政稅務系(商管群),國立臺中科技大學 財政稅務系(商管群),73090070,陳*,備取,致理科技大學,致理科技大學財務金融系,其他學校錄取,4,"國立臺中科技大學財政稅務系(通過); 明志科技大學經營管理系(通過); 致理科技大學財務金融系(正取,分發); 銘傳大學會計學系(台北校區)(通過)"
CAND_0517,115,ntub_tax,國立臺北商業大學,財政稅務系,國立臺北商業大學 財政稅務系,68090564,賴*緁,正取,國立臺北科技大學,國立臺北科技大學資訊與財金管理系,其他學校錄取,3,"國立臺北商業大學財政稅務系(臺北校區)(正取); 國立臺北科技大學資訊與財金管理系(正取,分發); 國立臺北商業大學會計資訊系(臺北校區)(正取)"
CAND_0518,115,ntub_tax,國立臺北商業大學,財政稅務系,國立臺北商業大學 財政稅務系,61090041,林*潔,正取,國立中興大學,國立中興大學應用經濟學系,其他學校錄取,5,"國立臺北商業大學財政稅務系(臺北校區)(正取); 國立臺灣科技大學企業管理系(正取); 國立中興大學企業管理學系(正取); 國立中興大學應用經濟學系(正取,分發); 國立彰化師範大學財務金融技術學系(正取)"
CAND_0519,115,ntub_tax,國立臺北商業大學,財政稅務系,國立臺北商業大學 財政稅務系,64090443,*茹,正取,國立臺北商業大學,國立臺北商業大學財政稅務系(臺北校區),原校系/本校留任,3,"國立臺北商業大學財政稅務系(臺北校區)(正取,分發); 國立臺中科技大學財務金融系(通過); 國立臺北商業大學國際商務系(臺北校區)(正取)"
CAND_0520,115,ntub_tax,國立臺北商業大學,財政稅務系,國立臺北商業大學 財政稅務系,69090043,—,正取,國立臺北商業大學,國立臺北商業大學財務金融系(臺北校區),原校系/本校留任,4,"國立臺北商業大學財政稅務系(臺北校區)(正取); 國立高雄科技大學金融系(正取); 國立臺北商業大學會計資訊系(臺北校區)(正取); 國立臺北商業大學財務金融系(臺北校區)(正取,分發)"
CAND_0521,115,ntub_tax,國立臺北商業大學,財政稅務系,國立臺北商業大學 財政稅務系,57090683,葉*妡,正取,國立臺北商業大學,國立臺北商業大學財政稅務系(臺北校區),原校系/本校留任,6,"國立臺北商業大學財政稅務系(臺北校區)(正取,分發); 國立雲林科技大學會計系(正取); 國立臺北科技大學經營管理系(通過); 國立臺北商業大學會計資訊系(臺北校區)(備取); 國立臺北商業大學國際商務系(臺北校區)(正取); 中原大學會計學系(備取)"
CAND_0522,115,ntub_tax,國立臺北商業大學,財政稅務系,國立臺北商業大學 財政稅務系,63090253,陳*永,正取,國立臺北商業大學,國立臺北商業大學財政稅務系(臺北校區),原校系/本校留任,2,"國立臺北商業大學財政稅務系(臺北校區)(正取,分發); 國立雲林科技大學會計系(正取)"
CAND_0523,115,ntub_tax,國立臺北商業大學,財政稅務系,國立臺北商業大學 財政稅務系,61090066,吳*,正取,國立臺北科技大學,國立臺北科技大學資訊與財金管理系,其他學校錄取,6,"國立臺北商業大學財政稅務系(臺北校區)(正取); 國立雲林科技大學財務金融系(正取); 國立雲林科技大學會計系(正取); 國立臺北科技大學經營管理系(通過); 國立臺北科技大學資訊與財金管理系(備取,分發); 國立高雄科技大學金融系(正取)"
CAND_0524,115,ntub_tax,國立臺北商業大學,財政稅務系,國立臺北商業大學 財政稅務系,59090180,維*珊,正取,國立臺北商業大學,國立臺北商業大學財政稅務系(臺北校區),原校系/本校留任,1,"國立臺北商業大學財政稅務系(臺北校區)(正取,分發)"
CAND_0525,115,ntub_tax,國立臺北商業大學,財政稅務系,國立臺北商業大學 財政稅務系,67090106,何*儀,正取,國立臺北商業大學,國立臺北商業大學財務金融系(臺北校區),原校系/本校留任,4,"國立臺北商業大學財政稅務系(臺北校區)(正取); 國立臺灣科技大學企業管理系(備取); 國立高雄科技大學金融系(正取); 國立臺北商業大學財務金融系(臺北校區)(正取,分發)"
CAND_0526,115,ntub_tax,國立臺北商業大學,財政稅務系,國立臺北商業大學 財政稅務系,59090120,—,正取,國立雲林科技大學,國立雲林科技大學會計系,其他學校錄取,3,"國立臺北商業大學財政稅務系(臺北校區)(正取); 國立雲林科技大學會計系(正取,分發); 國立臺北商業大學會計資訊系(臺北校區)(備取)"
CAND_0527,115,ntub_tax,國立臺北商業大學,財政稅務系,國立臺北商業大學 財政稅務系,67090120,賴*妤,正取,國立雲林科技大學,國立雲林科技大學財務金融系,其他學校錄取,5,"國立臺北商業大學財政稅務系(臺北校區)(正取); 國立臺灣科技大學企業管理系(通過); 國立雲林科技大學財務金融系(正取,分發); 國立臺北科技大學經營管理系(備取); 國立高雄科技大學金融系(正取)"
CAND_0528,115,ntub_tax,國立臺北商業大學,財政稅務系,國立臺北商業大學 財政稅務系,57090761,周*伶,正取,國立臺北科技大學,國立臺北科技大學經營管理系,其他學校錄取,4,"國立臺北商業大學財政稅務系(臺北校區)(正取); 國立雲林科技大學財務金融系(通過); 國立臺北科技大學經營管理系(正取,分發); 國立彰化師範大學財務金融技術學系(正取)"
CAND_0529,115,ntub_tax,國立臺北商業大學,財政稅務系,國立臺北商業大學 財政稅務系,67090148,李*臻,正取,國立臺北科技大學,國立臺北科技大學經營管理系,其他學校錄取,4,"國立臺北商業大學財政稅務系(臺北校區)(正取); 國立雲林科技大學會計系(正取); 國立臺北科技大學經營管理系(備取,分發); 國立臺北商業大學企業管理系(臺北校區)(正取)"
CAND_0530,115,ntub_tax,國立臺北商業大學,財政稅務系,國立臺北商業大學 財政稅務系,58090517,李*珊,正取,國立臺北科技大學,國立臺北科技大學經營管理系,其他學校錄取,3,"國立臺北商業大學財政稅務系(臺北校區)(正取); 國立臺北科技大學經營管理系(正取,分發); 國立臺北科技大學資訊與財金管理系(備取)"
CAND_0531,115,ntub_tax,國立臺北商業大學,財政稅務系,國立臺北商業大學 財政稅務系,61090289,宋*瑄,正取,國立雲林科技大學,國立雲林科技大學財務金融系,其他學校錄取,6,"國立臺北商業大學財政稅務系(臺北校區)(正取); 國立雲林科技大學財務金融系(正取,分發); 國立雲林科技大學會計系(正取); 國立臺北科技大學資訊與財金管理系(備取); 國立臺北商業大學會計資訊系(臺北校區)(備取); 國立臺北商業大學財務金融系(臺北校區)(備取)"
CAND_0532,115,ntub_tax,國立臺北商業大學,財政稅務系,國立臺北商業大學 財政稅務系,55090221,朱*醇,正取,國立臺北商業大學,國立臺北商業大學財政稅務系(臺北校區),原校系/本校留任,1,"國立臺北商業大學財政稅務系(臺北校區)(正取,分發)"
CAND_0533,115,ntub_tax,國立臺北商業大學,財政稅務系,國立臺北商業大學 財政稅務系,58090234,葉*,正取,國立臺北商業大學,國立臺北商業大學財政稅務系(臺北校區),原校系/本校留任,4,"國立臺北商業大學財政稅務系(臺北校區)(正取,分發); 國立雲林科技大學資訊管理系(正取); 國立臺北商業大學國際商務系(臺北校區)(正取); 國立彰化師範大學財務金融技術學系(備取)"
CAND_0534,115,ntub_tax,國立臺北商業大學,財政稅務系,國立臺北商業大學 財政稅務系,56090069,黄*有,正取,國立臺北科技大學,國立臺北科技大學工業工程與管理系,其他學校錄取,6,"國立臺北商業大學財政稅務系(臺北校區)(正取); 國立臺灣科技大學企業管理系(通過); 國立臺北科技大學工業工程與管理系(備取,分發); 國立臺北科技大學經營管理系(通過); 國立臺北商業大學會計資訊系(臺北校區)(通過); 國立彰化師範大學財務金融技術學系(通過)"
CAND_0535,115,ntub_tax,國立臺北商業大學,財政稅務系,國立臺北商業大學 財政稅務系,52090450,楊*茹,正取,—,—,未分發或放棄,1,國立臺北商業大學財政稅務系(臺北校區)(正取)
CAND_0536,115,ntub_tax,國立臺北商業大學,財政稅務系,國立臺北商業大學 財政稅務系,57090532,李*錡,正取,國立臺北商業大學,國立臺北商業大學財政稅務系(臺北校區),原校系/本校留任,4,"國立臺北商業大學財政稅務系(臺北校區)(正取,分發); 國立臺中科技大學財務金融系(通過); 國立臺北商業大學國際商務系(臺北校區)(正取); 國立彰化師範大學財務金融技術學系(通過)"
CAND_0537,115,ntub_tax,國立臺北商業大學,財政稅務系,國立臺北商業大學 財政稅務系,74530026,李*,正取,國立臺北商業大學,國立臺北商業大學財政稅務系(臺北校區),原校系/本校留任,2,"國立臺北商業大學財政稅務系(臺北校區)(正取,分發); 國立屏東科技大學財務金融國際學士學位學程(通過)"
CAND_0538,115,ntub_tax,國立臺北商業大學,財政稅務系,國立臺北商業大學 財政稅務系,56090349,楊*欣,正取,國立臺北商業大學,國立臺北商業大學財政稅務系(臺北校區),原校系/本校留任,4,"國立臺北商業大學財政稅務系(臺北校區)(正取,分發); 國立臺北護理健康大學資訊管理系(正取); 國立臺中科技大學財務金融系(正取); 國立彰化師範大學財務金融技術學系(正取)"
CAND_0539,115,ntub_tax,國立臺北商業大學,財政稅務系,國立臺北商業大學 財政稅務系,61091053,翁*,正取,國立臺北商業大學,國立臺北商業大學財政稅務系(臺北校區),原校系/本校留任,1,"國立臺北商業大學財政稅務系(臺北校區)(正取,分發)"
CAND_0540,115,ntub_tax,國立臺北商業大學,財政稅務系,國立臺北商業大學 財政稅務系,75090001,鄭*,正取,國立臺灣科技大學,國立臺灣科技大學企業管理系,其他學校錄取,6,"國立臺北商業大學財政稅務系(臺北校區)(正取); 國立臺灣科技大學企業管理系(正取,分發); 國立雲林科技大學財務金融系(通過); 國立高雄科技大學金融系(備取); 國立臺北商業大學財務金融系(臺北校區)(備取); 國立屏東大學財務金融學系(正取)"
CAND_0541,115,ntub_tax,國立臺北商業大學,財政稅務系,國立臺北商業大學 財政稅務系,59090321,葵*宇,正取,國立臺北科技大學,國立臺北科技大學資訊與財金管理系,其他學校錄取,5,"國立臺北商業大學財政稅務系(臺北校區)(正取); 國立臺灣科技大學資訊管理系(通過); 國立臺北科技大學資訊與財金管理系(正取,分發); 國立臺北商業大學財務金融系(臺北校區)(備取); 逢甲大學財務金融學系(通過)"
CAND_0542,115,ntub_tax,國立臺北商業大學,財政稅務系,國立臺北商業大學 財政稅務系,61090050,陳*昀,正取,國立臺北商業大學,國立臺北商業大學財政稅務系(臺北校區),原校系/本校留任,6,"國立臺北商業大學財政稅務系(臺北校區)(正取,分發); 國立高雄科技大學金融系(備取); 國立高雄科技大學財務管理系(正取); 國立高雄科技大學金融資訊系(通過); 國立勤益科技大學企業管理系(通過); 國立臺北商業大學企業管理系(臺北校區)(備取)"
CAND_0543,115,ntub_tax,國立臺北商業大學,財政稅務系,國立臺北商業大學 財政稅務系,76090022,黄*瑜,正取,國立臺北科技大學,國立臺北科技大學資訊與財金管理系,其他學校錄取,4,"國立臺北商業大學財政稅務系(臺北校區)(正取); 國立臺北科技大學經營管理系(正取); 國立臺北科技大學資訊與財金管理系(正取,分發); 國立臺北商業大學財務金融系(臺北校區)(正取)"
CAND_0544,115,ntub_tax,國立臺北商業大學,財政稅務系,國立臺北商業大學 財政稅務系,77090011,楊*綸,正取,國立臺北商業大學,國立臺北商業大學財務金融系(臺北校區),原校系/本校留任,3,"國立臺北商業大學財政稅務系(臺北校區)(正取); 國立臺北商業大學財務金融系(臺北校區)(備取,分發); 國立臺北商業大學企業管理系(臺北校區)(正取)"
CAND_0545,115,ntub_tax,國立臺北商業大學,財政稅務系,國立臺北商業大學 財政稅務系,64090164,于*禎,正取,國立雲林科技大學,國立雲林科技大學工業工程與管理系,其他學校錄取,4,"國立臺北商業大學財政稅務系(臺北校區)(正取); 國立雲林科技大學工業工程與管理系(備取,分發); 國立雲林科技大學資訊管理系(備取); 國立臺北商業大學企業管理系(臺北校區)(正取)"
CAND_0546,115,ntub_tax,國立臺北商業大學,財政稅務系,國立臺北商業大學 財政稅務系,68090646,黄*揚,備取,國立雲林科技大學,國立雲林科技大學資訊管理系,其他學校錄取,4,"國立臺北商業大學財政稅務系(臺北校區)(備取); 國立臺灣科技大學企業管理系(通過); 國立雲林科技大學資訊管理系(正取,分發); 國立高雄科技大學資訊管理系(正取)"
CAND_0547,115,ntub_tax,國立臺北商業大學,財政稅務系,國立臺北商業大學 財政稅務系,70090832,—,備取,國立雲林科技大學,國立雲林科技大學財務金融系,其他學校錄取,4,"國立臺北商業大學財政稅務系(臺北校區)(備取); 國立臺灣科技大學企業管理系(通過); 國立雲林科技大學財務金融系(正取,分發); 國立高雄科技大學金融系(正取)"
CAND_0548,115,ntub_tax,國立臺北商業大學,財政稅務系,國立臺北商業大學 財政稅務系,69090076,顏*妤,備取,國立雲林科技大學,國立雲林科技大學會計系,其他學校錄取,6,"國立臺北商業大學財政稅務系(臺北校區)(備取); 國立雲林科技大學會計系(正取,分發); 國立臺北科技大學經營管理系(備取); 國立高雄科技大學財政稅務系(正取); 國立臺中科技大學財政稅務系(正取); 國立臺北商業大學企業管理系(臺北校區)(正取)"
CAND_0549,115,ntub_tax,國立臺北商業大學,財政稅務系,國立臺北商業大學 財政稅務系,57090269,黄*,備取,國立臺北商業大學,國立臺北商業大學財政稅務系(臺北校區),原校系/本校留任,4,"國立臺北商業大學財政稅務系(臺北校區)(備取,分發); 國立高雄科技大學金融系(通過); 國立高雄科技大學財政稅務系(通過); 國立彰化師範大學財務金融技術學系(備取)"
CAND_0550,115,ntub_tax,國立臺北商業大學,財政稅務系,國立臺北商業大學 財政稅務系,58090229,孫*茜,備取,國立臺北商業大學,國立臺北商業大學財政稅務系(臺北校區),原校系/本校留任,3,"國立臺北商業大學財政稅務系(臺北校區)(備取,分發); 國立雲林科技大學企業管理系(通過); 中原大學會計學系(正取)"
CAND_0551,115,ntub_tax,國立臺北商業大學,財政稅務系,國立臺北商業大學 財政稅務系,51090034,吳*可,備取,國立臺北商業大學,國立臺北商業大學財政稅務系(臺北校區),原校系/本校留任,2,"國立臺北商業大學財政稅務系(臺北校區)(備取,分發); 國立雲林科技大學工業工程與管理系(正取)"
CAND_0552,115,ntub_tax,國立臺北商業大學,財政稅務系,國立臺北商業大學 財政稅務系,65090091,謝*庭,備取,國立高雄科技大學,國立高雄科技大學金融系,其他學校錄取,2,"國立臺北商業大學財政稅務系(臺北校區)(備取); 國立高雄科技大學金融系(正取,分發)"
CAND_0553,115,ntub_tax,國立臺北商業大學,財政稅務系,國立臺北商業大學 財政稅務系,55090448,林*槿,備取,國立臺北商業大學,國立臺北商業大學財政稅務系(臺北校區),原校系/本校留任,4,"國立臺北商業大學財政稅務系(臺北校區)(備取,分發); 國立高雄科技大學會計資訊系(通過); 國立高雄科技大學財政稅務系(通過); 國立臺中科技大學會計資訊系(正取)"
CAND_0554,115,ntub_tax,國立臺北商業大學,財政稅務系,國立臺北商業大學 財政稅務系,55090223,蕭*媗,備取,國立臺北商業大學,國立臺北商業大學會計資訊系(臺北校區),原校系/本校留任,3,"國立臺北商業大學財政稅務系(臺北校區)(備取); 國立臺北商業大學會計資訊系(臺北校區)(正取,分發); 國立臺北商業大學企業管理系(臺北校區)(通過)"
CAND_0555,115,ntub_tax,國立臺北商業大學,財政稅務系,國立臺北商業大學 財政稅務系,61091022,*筑,備取,逢甲大學,逢甲大學會計學系,其他學校錄取,6,"國立臺北商業大學財政稅務系(臺北校區)(備取); 國立雲林科技大學會計系(備取); 國立高雄科技大學財政稅務系(通過); 國立臺中科技大學財政稅務系(正取); 逢甲大學會計學系(正取,分發); 逢甲大學財稅學系(通過)"
CAND_0556,115,ntub_tax,國立臺北商業大學,財政稅務系,國立臺北商業大學 財政稅務系,57090505,黄*縈,備取,國立臺北商業大學,國立臺北商業大學企業管理系(臺北校區),原校系/本校留任,5,"國立臺北商業大學財政稅務系(臺北校區)(備取); 國立高雄科技大學國際企業系(正取); 國立高雄科技大學企業管理系(正取); 國立臺北商業大學企業管理系(臺北校區)(備取,分發); 中原大學國際經營與貿易學系(正取)"
CAND_0557,115,ntub_tax,國立臺北商業大學,財政稅務系,國立臺北商業大學 財政稅務系,61090681,龔*元,備取,—,—,未分發或放棄,4,國立臺北商業大學財政稅務系(臺北校區)(備取); 國立臺北科技大學經營管理系(通過); 國立高雄科技大學金融系(備取); 國立高雄科技大學金融資訊系(通過)
CAND_0558,115,ntub_tax,國立臺北商業大學,財政稅務系,國立臺北商業大學 財政稅務系,58090053,黄*珊,備取,國立臺北商業大學,國立臺北商業大學財政稅務系(臺北校區),原校系/本校留任,3,"國立臺北商業大學財政稅務系(臺北校區)(備取,分發); 國立臺北商業大學國際商務系(臺北校區)(備取); 國立臺北商業大學商業設計管理系(桃園校區)(通過)"
CAND_0559,115,ntub_tax,國立臺北商業大學,財政稅務系,國立臺北商業大學 財政稅務系,52090507,賴*銘,備取,國立臺北商業大學,國立臺北商業大學企業管理系(臺北校區),原校系/本校留任,3,"國立臺北商業大學財政稅務系(臺北校區)(備取); 國立臺北護理健康大學高齡健康照護系(通過); 國立臺北商業大學企業管理系(臺北校區)(備取,分發)"
CAND_0560,115,ntub_tax,國立臺北商業大學,財政稅務系,國立臺北商業大學 財政稅務系,64090369,林*晴,備取,逢甲大學,逢甲大學財稅學系,其他學校錄取,3,"國立臺北商業大學財政稅務系(臺北校區)(備取); 國立高雄科技大學財政稅務系(通過); 逢甲大學財稅學系(正取,分發)"
CAND_0561,115,ntub_tax,國立臺北商業大學,財政稅務系,國立臺北商業大學 財政稅務系,53530020,邱*庭,備取,國立臺北商業大學,國立臺北商業大學財政稅務系(臺北校區),原校系/本校留任,2,"國立臺北商業大學財政稅務系(臺北校區)(備取,分發); 國立臺北護理健康大學健康事業管理系(通過)"
CAND_0562,115,ntub_tax,國立臺北商業大學,財政稅務系,國立臺北商業大學 財政稅務系,57090617,林*橙,備取,臺北醫學大學,臺北醫學大學醫務管理學系,其他學校錄取,4,"國立臺北商業大學財政稅務系(臺北校區)(備取); 國立臺北護理健康大學生死與健康心理諮商系(通過); 國立臺北商業大學國際商務系(臺北校區)(備取); 臺北醫學大學醫務管理學系(正取,分發)"
CAND_0563,115,ntub_tax,國立臺北商業大學,財政稅務系,國立臺北商業大學 財政稅務系,58090356,陳*,備取,國立彰化師範大學,國立彰化師範大學財務金融技術學系,其他學校錄取,4,"國立臺北商業大學財政稅務系(臺北校區)(備取); 國立臺中科技大學財務金融系(正取); 國立彰化師範大學財務金融技術學系(正取,分發); 國立聯合大學經營管理學系(正取)"
CAND_0564,115,ntub_tax,國立臺北商業大學,財政稅務系,國立臺北商業大學 財政稅務系,59090053,郭*妤,備取,國立臺北商業大學,國立臺北商業大學財政稅務系(臺北校區),原校系/本校留任,1,"國立臺北商業大學財政稅務系(臺北校區)(備取,分發)"
CAND_0565,115,ntub_tax,國立臺北商業大學,財政稅務系,國立臺北商業大學 財政稅務系,61090033,林*珊,備取,國立彰化師範大學,國立彰化師範大學財務金融技術學系,其他學校錄取,3,"國立臺北商業大學財政稅務系(臺北校區)(備取); 國立雲林科技大學會計系(備取); 國立彰化師範大學財務金融技術學系(正取,分發)"
CAND_0566,115,ntub_tax,國立臺北商業大學,財政稅務系,國立臺北商業大學 財政稅務系,57090333,蕭*倫,備取,國立臺北商業大學,國立臺北商業大學國際商務系(臺北校區),原校系/本校留任,3,"國立臺北商業大學財政稅務系(臺北校區)(備取); 國立臺北商業大學國際商務系(臺北校區)(備取,分發); 中原大學資訊管理學系(備取)"
CAND_0567,115,ntub_tax,國立臺北商業大學,財政稅務系,國立臺北商業大學 財政稅務系,64090133,江*銘,備取,國立雲林科技大學,國立雲林科技大學會計系,其他學校錄取,2,"國立臺北商業大學財政稅務系(臺北校區)(備取); 國立雲林科技大學會計系(備取,分發)"
CAND_0568,115,ntub_tax,國立臺北商業大學,財政稅務系,國立臺北商業大學 財政稅務系,58090293,*希,備取,國立雲林科技大學,國立雲林科技大學資訊管理系,其他學校錄取,3,"國立臺北商業大學財政稅務系(臺北校區)(備取); 國立雲林科技大學資訊管理系(備取,分發); 國立高雄科技大學金融系(備取)"
CAND_0569,115,ntub_tax,國立臺北商業大學,財政稅務系,國立臺北商業大學 財政稅務系,58090404,顏*,備取,國立臺北商業大學,國立臺北商業大學財政稅務系(臺北校區),原校系/本校留任,3,"國立臺北商業大學財政稅務系(臺北校區)(備取,分發); 國立雲林科技大學會計系(備取); 國立雲林科技大學國際管理學士學位學程(正取)"
CAND_0570,115,ntub_tax,國立臺北商業大學,財政稅務系,國立臺北商業大學 財政稅務系,58090028,維*濤,備取,國立雲林科技大學,國立雲林科技大學會計系,其他學校錄取,3,"國立臺北商業大學財政稅務系(臺北校區)(備取); 國立雲林科技大學會計系(備取,分發); 國立臺北商業大學企業管理系(臺北校區)(備取)"
CAND_0571,115,ntub_tax,國立臺北商業大學,財政稅務系,國立臺北商業大學 財政稅務系,53090156,楊*恩,備取,國立臺北商業大學,國立臺北商業大學財政稅務系(臺北校區),原校系/本校留任,2,"國立臺北商業大學財政稅務系(臺北校區)(備取,分發); 國立臺北商業大學資訊管理系(臺北校區)(通過)"
CAND_0572,115,ntub_tax,國立臺北商業大學,財政稅務系,國立臺北商業大學 財政稅務系,52090281,*絜,備取,國立臺北商業大學,國立臺北商業大學會計資訊系(臺北校區),原校系/本校留任,5,"國立臺北商業大學財政稅務系(臺北校區)(備取); 國立臺北商業大學會計資訊系(臺北校區)(正取,分發); 致理科技大學會計資訊系(通過); 實踐大學會計學系(臺北校區)(通過); 大同大學事業與資訊經營學系(通過)"
CAND_0573,115,ntub_tax,國立臺北商業大學,財政稅務系,國立臺北商業大學 財政稅務系,74090075,馮*,備取,國立臺北商業大學,國立臺北商業大學財政稅務系(臺北校區),原校系/本校留任,3,"國立臺北商業大學財政稅務系(臺北校區)(備取,分發); 國立臺中科技大學財務金融系(通過); 德明財經科技大學財務金融系(通過)"
CAND_0574,115,ntub_tax,國立臺北商業大學,財政稅務系,國立臺北商業大學 財政稅務系,70090830,陳*哈,備取,國立臺北商業大學,國立臺北商業大學財政稅務系(臺北校區),原校系/本校留任,4,"國立臺北商業大學財政稅務系(臺北校區)(備取,分發); 國立屏東科技大學企業管理系(通過); 國立高雄科技大學會計資訊系(備取); 國立臺中科技大學財務金融系(通過)"
CAND_0575,115,ntub_tax,國立臺北商業大學,財政稅務系,國立臺北商業大學 財政稅務系,76090003,*淇,備取,國立臺北商業大學,國立臺北商業大學財務金融系(臺北校區),原校系/本校留任,4,"國立臺北商業大學財政稅務系(臺北校區)(備取); 國立高雄科技大學財務管理系(正取); 國立臺北商業大學財務金融系(臺北校區)(正取,分發); 國立臺北商業大學企業管理系(臺北校區)(正取)"
CAND_0576,115,ntub_tax,國立臺北商業大學,財政稅務系,國立臺北商業大學 財政稅務系,76090018,*明,備取,國立臺北科技大學,國立臺北科技大學經營管理系,其他學校錄取,6,"國立臺北商業大學財政稅務系(臺北校區)(備取); 國立臺北科技大學經營管理系(正取,分發); 國立臺北科技大學資訊與財金管理系(備取); 國立高雄科技大學企業管理系(正取); 國立臺北商業大學會計資訊系(臺北校區)(正取); 國立臺北商業大學企業管理系(臺北校區)(備取)"
CAND_0577,115,ntub_tax,國立臺北商業大學,財政稅務系,國立臺北商業大學 財政稅務系,76090034,*珵,備取,國立臺北商業大學,國立臺北商業大學財務金融系(臺北校區),原校系/本校留任,5,"國立臺北商業大學財政稅務系(臺北校區)(備取); 國立高雄科技大學財務管理系(備取); 國立高雄科技大學智慧商務系(通過); 國立臺北商業大學財務金融系(臺北校區)(正取,分發); 國立臺北商業大學企業管理系(臺北校區)(備取)"
CAND_0578,115,ntub_tax,國立臺北商業大學,財政稅務系,國立臺北商業大學 財政稅務系,76090058,吳*臻,備取,國立臺北商業大學,國立臺北商業大學財政稅務系(臺北校區),原校系/本校留任,6,"國立臺北商業大學財政稅務系(臺北校區)(備取,分發); 國立雲林科技大學財務金融系(通過); 國立臺北科技大學經營管理系(通過); 國立高雄科技大學財務管理系(通過); 國立臺中科技大學財務金融系(通過); 國立臺北商業大學財務金融系(臺北校區)(備取)"
CAND_0579,115,ntub_tax,國立臺北商業大學,財政稅務系,國立臺北商業大學 財政稅務系,76090047,李*蓉,備取,國立臺北科技大學,國立臺北科技大學工業工程與管理系,其他學校錄取,6,"國立臺北商業大學財政稅務系(臺北校區)(備取); 國立雲林科技大學財務金融系(正取); 國立臺北科技大學工業工程與管理系(正取,分發); 國立臺中科技大學財務金融系(通過); 國立臺北商業大學會計資訊系(臺北校區)(備取); 國立臺北商業大學財務金融系(臺北校區)(備取)"
CAND_0580,115,ntub_tax,國立臺北商業大學,財政稅務系,國立臺北商業大學 財政稅務系,76090037,歐*聲,備取,國立臺北科技大學,國立臺北科技大學經營管理系,其他學校錄取,5,"國立臺北商業大學財政稅務系(臺北校區)(備取); 國立臺北科技大學經營管理系(備取,分發); 國立高雄科技大學財務管理系(備取); 國立臺北商業大學財務金融系(臺北校區)(備取); 國立臺北商業大學企業管理系(臺北校區)(備取)"
CAND_0581,115,ntub_tax,國立臺北商業大學,財政稅務系,國立臺北商業大學 財政稅務系,77090015,*揚,備取,國立臺北商業大學,國立臺北商業大學財政稅務系(臺北校區),原校系/本校留任,6,"國立臺北商業大學財政稅務系(臺北校區)(備取,分發); 國立臺北科技大學經營管理系(備取); 國立臺北科技大學資訊與財金管理系(通過); 國立臺北商業大學財務金融系(臺北校區)(備取); 國立臺北商業大學企業管理系(臺北校區)(通過); 國立彰化師範大學財務金融技術學系(備取)"
CAND_0582,115,ntub_tax,國立臺北商業大學,財政稅務系,國立臺北商業大學 財政稅務系,77090010,邱*哈,備取,國立臺北科技大學,國立臺北科技大學經營管理系,其他學校錄取,6,"國立臺北商業大學財政稅務系(臺北校區)(備取); 國立臺北科技大學經營管理系(備取,分發); 國立臺中科技大學財務金融系(通過); 國立臺北商業大學財務金融系(臺北校區)(備取); 國立臺北商業大學企業管理系(臺北校區)(正取); 國立彰化師範大學財務金融技術學系(通過)"
CAND_0583,115,ntub_tax,國立臺北商業大學,財政稅務系,國立臺北商業大學 財政稅務系,76090041,陳*汝,備取,國立雲林科技大學,國立雲林科技大學財務金融系,其他學校錄取,5,"國立臺北商業大學財政稅務系(臺北校區)(備取); 國立雲林科技大學財務金融系(備取,分發); 國立高雄科技大學財務管理系(通過); 國立臺中科技大學財務金融系(通過); 國立臺北商業大學財務金融系(臺北校區)(備取)"
CAND_0584,115,ntub_tax,國立臺北商業大學,財政稅務系,國立臺北商業大學 財政稅務系,77090006,盧*融,備取,國立臺北商業大學,國立臺北商業大學企業管理系(臺北校區),原校系/本校留任,6,"國立臺北商業大學財政稅務系(臺北校區)(備取); 國立臺北科技大學經營管理系(備取); 國立臺中科技大學財務金融系(通過); 國立臺北商業大學企業管理系(臺北校區)(備取,分發); 國立彰化師範大學財務金融技術學系(通過); 國立金門大學企業管理學系(通過)"
CAND_0585,115,ntub_tax,國立臺北商業大學,財政稅務系,國立臺北商業大學 財政稅務系,77090013,陳*女,備取,—,—,未分發或放棄,5,國立臺北商業大學財政稅務系(臺北校區)(備取); 國立臺北科技大學經營管理系(通過); 國立臺北商業大學財務金融系(臺北校區)(備取); 國立臺北商業大學企業管理系(臺北校區)(備取); 國立彰化師範大學財務金融技術學系(通過)
CAND_0586,115,ntub_tax,國立臺北商業大學,財政稅務系,國立臺北商業大學 財政稅務系,61090313,女*,備取,逢甲大學,逢甲大學財稅學系,其他學校錄取,6,"國立臺北商業大學財政稅務系(臺北校區)(備取); 國立雲林科技大學工業工程與管理系(正取); 國立高雄科技大學財政稅務系(通過); 國立臺中科技大學財政稅務系(通過); 逢甲大學財稅學系(正取,分發); 逢甲大學風險管理與保險學系(通過)"
CAND_0587,115,ntub_tax,國立臺北商業大學,財政稅務系,國立臺北商業大學 財政稅務系,61090494,黄*荃,備取,國立臺北商業大學,國立臺北商業大學企業管理系(臺北校區),原校系/本校留任,4,"國立臺北商業大學財政稅務系(臺北校區)(備取); 國立雲林科技大學工業工程與管理系(備取); 國立高雄科技大學金融系(備取); 國立臺北商業大學企業管理系(臺北校區)(備取,分發)"
CAND_0588,115,ntub_tax,國立臺北商業大學,財政稅務系,國立臺北商業大學 財政稅務系,52090254,F*娟,備取,國立臺北商業大學,國立臺北商業大學財政稅務系(臺北校區),原校系/本校留任,4,"國立臺北商業大學財政稅務系(臺北校區)(備取,分發); 中原大學會計學系(正取); 淡江大學會計學系(備取); 銘傳大學會計學系(台北校區)(正取)"
CAND_0589,115,ntub_tax,國立臺北商業大學,財政稅務系,國立臺北商業大學 財政稅務系,51090082,李*臻,備取,國立臺灣科技大學,國立臺灣科技大學企業管理系,其他學校錄取,4,"國立臺北商業大學財政稅務系(臺北校區)(通過); 國立臺灣科技大學企業管理系(備取,分發); 國立臺北科技大學經營管理系(備取); 國立臺北商業大學國際商務系(臺北校區)(通過)"
CAND_0590,115,ntub_tax,國立臺北商業大學,財政稅務系,國立臺北商業大學 財政稅務系,54090378,吳*銓,備取,—,—,未分發或放棄,4,國立臺北商業大學財政稅務系(臺北校區)(通過); 國立臺中科技大學國際貿易與經營系(通過); 國立臺北商業大學企業管理系(臺北校區)(通過); 國立臺中教育大學國際企業學系(通過)
CAND_0591,115,ntub_tax,國立臺北商業大學,財政稅務系,國立臺北商業大學 財政稅務系,55090191,金*富,備取,—,—,未分發或放棄,4,國立臺北商業大學財政稅務系(臺北校區)(通過); 國立雲林科技大學工業工程與管理系(備取); 國立雲林科技大學國際管理學士學位學程(通過); 國立臺北科技大學經營管理系(備取)
CAND_0592,115,ntub_tax,國立臺北商業大學,財政稅務系,國立臺北商業大學 財政稅務系,56090057,吳*晴,正取,國立臺灣科技大學,國立臺灣科技大學企業管理系,其他學校錄取,6,"國立臺北商業大學財政稅務系(臺北校區)(通過); 國立臺灣科技大學企業管理系(正取,分發); 國立臺北科技大學經營管理系(正取); 國立臺北科技大學資訊與財金管理系(正取); 國立臺北商業大學會計資訊系(臺北校區)(正取); 國立臺北商業大學財務金融系(臺北校區)(正取)"
CAND_0593,115,ntub_tax,國立臺北商業大學,財政稅務系,國立臺北商業大學 財政稅務系,56090087,陳*筠,正取,國立臺灣科技大學,國立臺灣科技大學企業管理系,其他學校錄取,6,"國立臺北商業大學財政稅務系(臺北校區)(通過); 國立臺灣科技大學企業管理系(正取,分發); 國立臺北科技大學經營管理系(正取); 國立臺北科技大學資訊與財金管理系(通過); 國立臺北商業大學財務金融系(臺北校區)(正取); 國立臺北商業大學國際商務系(臺北校區)(正取)"
CAND_0594,115,ntub_tax,國立臺北商業大學,財政稅務系,國立臺北商業大學 財政稅務系,56090186,林*歆,備取,—,—,未分發或放棄,6,國立臺北商業大學財政稅務系(臺北校區)(通過); 國立高雄科技大學工業工程與管理系(通過); 國立高雄科技大學財務管理系(通過); 國立臺中科技大學財務金融系(通過); 國立臺北商業大學財務金融系(臺北校區)(通過); 致理科技大學財務金融系(通過)
CAND_0595,115,ntub_tax,國立臺北商業大學,財政稅務系,國立臺北商業大學 財政稅務系,57090637,鄒*宏,備取,國立臺北科技大學,國立臺北科技大學經營管理系,其他學校錄取,5,"國立臺北商業大學財政稅務系(臺北校區)(通過); 國立臺北科技大學工業工程與管理系(備取); 國立臺北科技大學經營管理系(備取,分發); 國立臺北商業大學會計資訊系(臺北校區)(正取); 國立臺北商業大學財務金融系(臺北校區)(備取)"
CAND_0596,115,ntub_tax,國立臺北商業大學,財政稅務系,國立臺北商業大學 財政稅務系,57090701,黄*芳,備取,—,—,未分發或放棄,2,國立臺北商業大學財政稅務系(臺北校區)(通過); 國立臺北商業大學資訊管理系(臺北校區)(通過)
CAND_0597,115,ntub_tax,國立臺北商業大學,財政稅務系,國立臺北商業大學 財政稅務系,57090731,*瑄,備取,國立臺北科技大學,國立臺北科技大學經營管理系,其他學校錄取,4,"國立臺北商業大學財政稅務系(臺北校區)(通過); 國立雲林科技大學國際管理學士學位學程(通過); 國立臺北科技大學經營管理系(備取,分發); 國立臺北商業大學國際商務系(臺北校區)(通過)"
CAND_0598,115,ntub_tax,國立臺北商業大學,財政稅務系,國立臺北商業大學 財政稅務系,57090739,吳*誼,備取,國立臺北商業大學,國立臺北商業大學國際商務系(臺北校區),原校系/本校留任,2,"國立臺北商業大學財政稅務系(臺北校區)(通過); 國立臺北商業大學國際商務系(臺北校區)(備取,分發)"
CAND_0599,115,ntub_tax,國立臺北商業大學,財政稅務系,國立臺北商業大學 財政稅務系,58090213,林*,備取,—,—,未分發或放棄,1,國立臺北商業大學財政稅務系(臺北校區)(通過)
CAND_0600,115,ntub_tax,國立臺北商業大學,財政稅務系,國立臺北商業大學 財政稅務系,58090365,于*永,備取,國立臺北科技大學,國立臺北科技大學工業工程與管理系,其他學校錄取,4,"國立臺北商業大學財政稅務系(臺北校區)(通過); 國立臺北科技大學工業工程與管理系(正取,分發); 國立臺北科技大學經營管理系(備取); 國立臺北商業大學財務金融系(臺北校區)(通過)"
CAND_0601,115,ntub_tax,國立臺北商業大學,財政稅務系,國立臺北商業大學 財政稅務系,58090534,*妤,備取,國立臺北科技大學,國立臺北科技大學經營管理系,其他學校錄取,4,"國立臺北商業大學財政稅務系(臺北校區)(通過); 國立臺北科技大學經營管理系(備取,分發); 國立臺中科技大學財務金融系(正取); 國立臺北商業大學國際商務系(臺北校區)(正取)"
CAND_0602,115,ntub_tax,國立臺北商業大學,財政稅務系,國立臺北商業大學 財政稅務系,59090182,張*,備取,國立雲林科技大學,國立雲林科技大學工業工程與管理系,其他學校錄取,2,"國立臺北商業大學財政稅務系(臺北校區)(通過); 國立雲林科技大學工業工程與管理系(備取,分發)"
CAND_0603,115,ntub_tax,國立臺北商業大學,財政稅務系,國立臺北商業大學 財政稅務系,59090202,*妤,備取,國立臺北科技大學,國立臺北科技大學經營管理系,其他學校錄取,4,"國立臺北商業大學財政稅務系(臺北校區)(通過); 國立雲林科技大學資訊管理系(通過); 國立雲林科技大學財務金融系(正取); 國立臺北科技大學經營管理系(備取,分發)"
CAND_0604,115,ntub_tax,國立臺北商業大學,財政稅務系,國立臺北商業大學 財政稅務系,61090245,胡*荃,備取,國立臺北科技大學,國立臺北科技大學經營管理系,其他學校錄取,3,"國立臺北商業大學財政稅務系(臺北校區)(通過); 國立臺北科技大學經營管理系(備取,分發); 逢甲大學財稅學系(通過)"
CAND_0605,115,ntub_tax,國立臺北商業大學,財政稅務系,國立臺北商業大學 財政稅務系,61090365,謝*臻,備取,國立雲林科技大學,國立雲林科技大學會計系,其他學校錄取,3,"國立臺北商業大學財政稅務系(臺北校區)(通過); 國立雲林科技大學會計系(正取,分發); 國立高雄科技大學財政稅務系(通過)"
CAND_0606,115,ntub_tax,國立臺北商業大學,財政稅務系,國立臺北商業大學 財政稅務系,61090442,周*,備取,國立雲林科技大學,國立雲林科技大學會計系,其他學校錄取,6,"國立臺北商業大學財政稅務系(臺北校區)(通過); 國立雲林科技大學會計系(正取,分發); 國立臺北科技大學資訊與財金管理系(通過); 國立高雄科技大學會計資訊系(通過); 國立臺北商業大學會計資訊系(臺北校區)(正取); 國立臺北商業大學財務金融系(臺北校區)(通過)"
CAND_0607,115,ntub_tax,國立臺北商業大學,財政稅務系,國立臺北商業大學 財政稅務系,61090779,張*l,備取,—,—,未分發或放棄,5,國立臺北商業大學財政稅務系(臺北校區)(通過); 國立臺北科技大學經營管理系(通過); 國立高雄科技大學風險管理與保險系(備取); 國立臺北護理健康大學生死與健康心理諮商系(通過); 國立臺中科技大學保險金融管理系(正取)
CAND_0608,115,ntub_tax,國立臺北商業大學,財政稅務系,國立臺北商業大學 財政稅務系,61091105,林*妤,備取,—,—,未分發或放棄,4,國立臺北商業大學財政稅務系(臺北校區)(通過); 國立雲林科技大學工業工程與管理系(通過); 國立雲林科技大學國際管理學士學位學程(通過); 國立高雄科技大學金融系(通過)
CAND_0609,115,ntub_tax,國立臺北商業大學,財政稅務系,國立臺北商業大學 財政稅務系,61091202,何*,備取,—,—,未分發或放棄,3,國立臺北商業大學財政稅務系(臺北校區)(通過); 國立雲林科技大學工業工程與管理系(通過); 國立高雄科技大學工業工程與管理系(通過)
CAND_0610,115,ntub_tax,國立臺北商業大學,財政稅務系,國立臺北商業大學 財政稅務系,64090327,林*儀,備取,—,—,未分發或放棄,3,國立臺北商業大學財政稅務系(臺北校區)(通過); 國立雲林科技大學財務金融系(通過); 國立臺北商業大學財務金融系(臺北校區)(通過)
CAND_0611,115,ntub_tax,國立臺北商業大學,財政稅務系,國立臺北商業大學 財政稅務系,64090460,李*,備取,國立雲林科技大學,國立雲林科技大學會計系,其他學校錄取,6,"國立臺北商業大學財政稅務系(臺北校區)(通過); 國立雲林科技大學工業工程與管理系(通過); 國立雲林科技大學會計系(正取,分發); 國立臺北商業大學會計資訊系(臺北校區)(正取); 東海大學會計學系(正取); 中原大學會計學系(備取)"
CAND_0612,115,ntub_tax,國立臺北商業大學,財政稅務系,國立臺北商業大學 財政稅務系,64090535,周*,備取,—,—,未分發或放棄,5,國立臺北商業大學財政稅務系(臺北校區)(通過); 國立雲林科技大學工業工程與管理系(通過); 國立高雄科技大學工業工程與管理系(通過); 國立高雄科技大學金融系(通過); 國立高雄科技大學財務管理系(通過)
CAND_0613,115,ntub_tax,國立臺北商業大學,財政稅務系,國立臺北商業大學 財政稅務系,65090058,袁*琳,備取,國立雲林科技大學,國立雲林科技大學財務金融系,其他學校錄取,3,"國立臺北商業大學財政稅務系(臺北校區)(通過); 國立雲林科技大學工業工程與管理系(通過); 國立雲林科技大學財務金融系(正取,分發)"
CAND_0614,115,ntub_tax,國立臺北商業大學,財政稅務系,國立臺北商業大學 財政稅務系,67090154,*茗,正取,國立臺北商業大學,國立臺北商業大學財務金融系(臺北校區),原校系/本校留任,5,"國立臺北商業大學財政稅務系(臺北校區)(通過); 國立雲林科技大學財務金融系(通過); 國立雲林科技大學會計系(通過); 國立高雄科技大學金融系(通過); 國立臺北商業大學財務金融系(臺北校區)(正取,分發)"
CAND_0615,115,ntub_tax,國立臺北商業大學,財政稅務系,國立臺北商業大學 財政稅務系,67090302,林*純,備取,國立臺中科技大學,國立臺中科技大學財政稅務系,其他學校錄取,6,"國立臺北商業大學財政稅務系(臺北校區)(通過); 國立高雄科技大學行銷與流通管理系(通過); 國立高雄科技大學會計資訊系(正取); 國立高雄科技大學財政稅務系(正取); 國立勤益科技大學人工智慧應用工程系(通過); 國立臺中科技大學財政稅務系(正取,分發)"
CAND_0616,115,ntub_tax,國立臺北商業大學,財政稅務系,國立臺北商業大學 財政稅務系,68090265,黄*翔,備取,—,—,未分發或放棄,2,國立臺北商業大學財政稅務系(臺北校區)(通過); 國立高雄科技大學金融系(通過)
CAND_0617,115,ntub_tax,國立臺北商業大學,財政稅務系,國立臺北商業大學 財政稅務系,68090363,李*,備取,國立雲林科技大學,國立雲林科技大學會計系,其他學校錄取,5,"國立臺北商業大學財政稅務系(臺北校區)(通過); 國立雲林科技大學財務金融系(正取); 國立雲林科技大學會計系(正取,分發); 國立臺北商業大學會計資訊系(臺北校區)(通過); 國立彰化師範大學財務金融技術學系(正取)"
CAND_0618,115,ntub_tax,國立臺北商業大學,財政稅務系,國立臺北商業大學 財政稅務系,68090375,陳*玲,備取,—,—,未分發或放棄,4,國立臺北商業大學財政稅務系(臺北校區)(通過); 國立高雄科技大學會計資訊系(通過); 國立臺中科技大學會計資訊系(通過); 國立彰化師範大學財務金融技術學系(通過)
CAND_0619,115,ntub_tax,國立臺北商業大學,財政稅務系,國立臺北商業大學 財政稅務系,68090390,—,備取,國立臺北商業大學,國立臺北商業大學國際商務系(臺北校區),原校系/本校留任,6,"國立臺北商業大學財政稅務系(臺北校區)(通過); 國立雲林科技大學企業管理系(通過); 國立雲林科技大學會計系(通過); 國立高雄科技大學金融系(通過); 國立臺北商業大學國際商務系(臺北校區)(正取,分發); 國立臺北商業大學企業管理系(臺北校區)(通過)"
CAND_0620,115,ntub_tax,國立臺北商業大學,財政稅務系,國立臺北商業大學 財政稅務系,68090495,吳*恬,備取,國立雲林科技大學,國立雲林科技大學會計系,其他學校錄取,2,"國立臺北商業大學財政稅務系(臺北校區)(通過); 國立雲林科技大學會計系(正取,分發)"
CAND_0621,115,ntub_tax,國立臺北商業大學,財政稅務系,國立臺北商業大學 財政稅務系,68090525,*龍,備取,國立高雄科技大學,國立高雄科技大學金融系,其他學校錄取,4,"國立臺北商業大學財政稅務系(臺北校區)(通過); 國立雲林科技大學財務金融系(通過); 國立高雄科技大學金融系(正取,分發); 國立高雄科技大學財務管理系(通過)"
CAND_0622,115,ntub_tax,國立臺北商業大學,財政稅務系,國立臺北商業大學 財政稅務系,70090575,張*,備取,國立臺灣科技大學,國立臺灣科技大學企業管理系,其他學校錄取,3,"國立臺北商業大學財政稅務系(臺北校區)(通過); 國立臺灣科技大學企業管理系(備取,分發); 國立臺灣科技大學資訊管理系(資安人才)(通過)"
CAND_0623,114,ntub_tax,國立臺北商業大學,財政稅務系,國立臺北商業大學 財政稅務系,68090342,楊*永,正取,國立臺北商業大學,國立臺北商業大學財政稅務系(臺北校區),原校系/本校留任,1,"國立臺北商業大學財政稅務系(臺北校區)(正取,分發)"
CAND_0624,114,ntub_tax,國立臺北商業大學,財政稅務系,國立臺北商業大學 財政稅務系,67090246,維*育,正取,國立臺北商業大學,國立臺北商業大學財政稅務系(臺北校區),原校系/本校留任,6,"國立臺北商業大學財政稅務系(臺北校區)(正取,分發); 國立雲林科技大學財務金融系(通過); 國立雲林科技大學會計系(正取); 國立高雄科技大學會計資訊系(通過); 國立高雄科技大學財政稅務系(通過); 國立臺中科技大學財政稅務系(正取)"
CAND_0625,114,ntub_tax,國立臺北商業大學,財政稅務系,國立臺北商業大學 財政稅務系,61091705,*柔,正取,逢甲大學,逢甲大學財稅學系,其他學校錄取,5,"國立臺北商業大學財政稅務系(臺北校區)(正取); 國立雲林科技大學會計系(正取); 東海大學會計學系(正取); 逢甲大學會計學系(通過); 逢甲大學財稅學系(正取,分發)"
CAND_0626,114,ntub_tax,國立臺北商業大學,財政稅務系,國立臺北商業大學 財政稅務系,64090515,*瑜,正取,國立雲林科技大學,國立雲林科技大學財務金融系,其他學校錄取,4,"國立臺北商業大學財政稅務系(臺北校區)(正取); 國立雲林科技大學資訊管理系(通過); 國立雲林科技大學財務金融系(正取,分發); 國立彰化師範大學財務金融技術學系(正取)"
CAND_0627,114,ntub_tax,國立臺北商業大學,財政稅務系,國立臺北商業大學 財政稅務系,61090535,林*樂,正取,—,—,未分發或放棄,5,國立臺北商業大學財政稅務系(臺北校區)(正取); 國立雲林科技大學財務金融系(正取); 國立雲林科技大學會計系(通過); 國立臺北科技大學經營管理系(正取); 國立高雄科技大學金融系(通過)
CAND_0628,114,ntub_tax,國立臺北商業大學,財政稅務系,國立臺北商業大學 財政稅務系,61091721,*熒,正取,國立臺北商業大學,國立臺北商業大學財政稅務系(臺北校區),原校系/本校留任,3,"國立臺北商業大學財政稅務系(臺北校區)(正取,分發); 國立雲林科技大學財務金融系(通過); 國立彰化師範大學財務金融技術學系(正取)"
CAND_0629,114,ntub_tax,國立臺北商業大學,財政稅務系,國立臺北商業大學 財政稅務系,68090694,吳*揚,正取,國立臺北科技大學,國立臺北科技大學經營管理系,其他學校錄取,4,"國立臺北商業大學財政稅務系(臺北校區)(正取); 國立雲林科技大學企業管理系(通過); 國立雲林科技大學財務金融系(通過); 國立臺北科技大學經營管理系(正取,分發)"
CAND_0630,114,ntub_tax,國立臺北商業大學,財政稅務系,國立臺北商業大學 財政稅務系,60090064,徐*君,正取,國立雲林科技大學,國立雲林科技大學會計系,其他學校錄取,3,"國立臺北商業大學財政稅務系(臺北校區)(正取); 國立雲林科技大學會計系(正取,分發); 國立高雄科技大學金融系(正取)"
CAND_0631,114,ntub_tax,國立臺北商業大學,財政稅務系,國立臺北商業大學 財政稅務系,68090122,李*榛,正取,國立雲林科技大學,國立雲林科技大學財務金融系,其他學校錄取,5,"國立臺北商業大學財政稅務系(臺北校區)(正取); 國立雲林科技大學企業管理系(通過); 國立雲林科技大學財務金融系(正取,分發); 國立臺北科技大學經營管理系(通過); 國立高雄科技大學金融系(通過)"
CAND_0632,114,ntub_tax,國立臺北商業大學,財政稅務系,國立臺北商業大學 財政稅務系,61090979,吳*,正取,國立臺北商業大學,國立臺北商業大學財政稅務系(臺北校區),原校系/本校留任,2,"國立臺北商業大學財政稅務系(臺北校區)(正取,分發); 國立高雄科技大學金融系(通過)"
CAND_0633,114,ntub_tax,國立臺北商業大學,財政稅務系,國立臺北商業大學 財政稅務系,61091673,葉*妤,正取,國立臺北科技大學,國立臺北科技大學工業工程與管理系,其他學校錄取,3,"國立臺北商業大學財政稅務系(臺北校區)(正取); 國立雲林科技大學財務金融系(正取); 國立臺北科技大學工業工程與管理系(正取,分發)"
CAND_0634,114,ntub_tax,國立臺北商業大學,財政稅務系,國立臺北商業大學 財政稅務系,64090391,黄*晴,正取,國立臺北商業大學,國立臺北商業大學財政稅務系(臺北校區),原校系/本校留任,2,"國立臺北商業大學財政稅務系(臺北校區)(正取,分發); 國立臺灣科技大學企業管理系(通過)"
CAND_0635,114,ntub_tax,國立臺北商業大學,財政稅務系,國立臺北商業大學 財政稅務系,57090442,謝*倪,正取,國立臺北商業大學,國立臺北商業大學財政稅務系(臺北校區),原校系/本校留任,4,"國立臺北商業大學財政稅務系(臺北校區)(正取,分發); 國立雲林科技大學會計系(通過); 國立高雄科技大學金融系(通過); 中原大學會計學系(通過)"
CAND_0636,114,ntub_tax,國立臺北商業大學,財政稅務系,國立臺北商業大學 財政稅務系,55090405,F*,正取,國立臺北商業大學,國立臺北商業大學財政稅務系(臺北校區),原校系/本校留任,2,"國立臺北商業大學財政稅務系(臺北校區)(正取,分發); 國立雲林科技大學會計系(備取)"
CAND_0637,114,ntub_tax,國立臺北商業大學,財政稅務系,國立臺北商業大學 財政稅務系,52090870,陳*妤,正取,國立臺北科技大學,國立臺北科技大學工業工程與管理系,其他學校錄取,3,"國立臺北商業大學財政稅務系(臺北校區)(正取); 國立臺北科技大學工業工程與管理系(正取,分發); 國立臺北科技大學經營管理系(備取)"
CAND_0638,114,ntub_tax,國立臺北商業大學,財政稅務系,國立臺北商業大學 財政稅務系,64090004,尤*,正取,國立臺北科技大學,國立臺北科技大學工業工程與管理系,其他學校錄取,4,"國立臺北商業大學財政稅務系(臺北校區)(正取); 國立雲林科技大學工業工程與管理系(通過); 國立臺北科技大學工業工程與管理系(備取,分發); 國立彰化師範大學財務金融技術學系(通過)"
CAND_0639,114,ntub_tax,國立臺北商業大學,財政稅務系,國立臺北商業大學 財政稅務系,70090754,蘇*喆,正取,國立雲林科技大學,國立雲林科技大學會計系,其他學校錄取,3,"國立臺北商業大學財政稅務系(臺北校區)(正取); 國立雲林科技大學會計系(正取,分發); 國立臺中科技大學財政稅務系(正取)"
CAND_0640,114,ntub_tax,國立臺北商業大學,財政稅務系,國立臺北商業大學 財政稅務系,57090314,楊*,正取,國立臺北商業大學,國立臺北商業大學財政稅務系(臺北校區),原校系/本校留任,1,"國立臺北商業大學財政稅務系(臺北校區)(正取,分發)"
CAND_0641,114,ntub_tax,國立臺北商業大學,財政稅務系,國立臺北商業大學 財政稅務系,59090216,房*綺,正取,國立臺北商業大學,國立臺北商業大學財政稅務系(臺北校區),原校系/本校留任,2,"國立臺北商業大學財政稅務系(臺北校區)(正取,分發); 國立彰化師範大學財務金融技術學系(備取)"
CAND_0642,114,ntub_tax,國立臺北商業大學,財政稅務系,國立臺北商業大學 財政稅務系,52090334,楊*恩,正取,國立臺北商業大學,國立臺北商業大學財政稅務系(臺北校區),原校系/本校留任,5,"國立臺北商業大學財政稅務系(臺北校區)(正取,分發); 中原大學國際經營與貿易學系(正取); 中原大學會計學系(正取); 銘傳大學企業管理學系(台北校區)(正取); 銘傳大學會計學系(台北校區)(正取)"
CAND_0643,114,ntub_tax,國立臺北商業大學,財政稅務系,國立臺北商業大學 財政稅務系,64090290,游*淳,正取,國立臺灣海洋大學,國立臺灣海洋大學航運管理學系,其他學校錄取,2,"國立臺北商業大學財政稅務系(臺北校區)(正取); 國立臺灣海洋大學航運管理學系(正取,分發)"
CAND_0644,114,ntub_tax,國立臺北商業大學,財政稅務系,國立臺北商業大學 財政稅務系,61090815,維*熒,正取,國立雲林科技大學,國立雲林科技大學會計系,其他學校錄取,6,"國立臺北商業大學財政稅務系(臺北校區)(正取); 國立雲林科技大學財務金融系(正取); 國立雲林科技大學會計系(正取,分發); 國立高雄科技大學會計資訊系(正取); 國立虎尾科技大學財務金融系(正取); 國立臺中科技大學財務金融系(正取)"
CAND_0645,114,ntub_tax,國立臺北商業大學,財政稅務系,國立臺北商業大學 財政稅務系,74090147,陳*,正取,國立臺北商業大學,國立臺北商業大學財政稅務系(臺北校區),原校系/本校留任,4,"國立臺北商業大學財政稅務系(臺北校區)(正取,分發); 國立臺北護理健康大學資訊管理系(正取); 國立臺中科技大學國際貿易與經營系(通過); 致理科技大學行銷與流通管理系(通過)"
CAND_0646,114,ntub_tax,國立臺北商業大學,財政稅務系,國立臺北商業大學 財政稅務系,76090020,謝*佑,正取,國立臺北科技大學,國立臺北科技大學資訊與財金管理系,其他學校錄取,5,"國立臺北商業大學財政稅務系(臺北校區)(正取); 國立雲林科技大學財務金融系(通過); 國立臺北科技大學經營管理系(備取); 國立臺北科技大學資訊與財金管理系(正取,分發); 國立澎湖科技大學行銷與物流管理系(通過)"
CAND_0647,114,ntub_tax,國立臺北商業大學,財政稅務系,國立臺北商業大學 財政稅務系,77090020,董*宏,正取,國立臺北商業大學,國立臺北商業大學財政稅務系(臺北校區),原校系/本校留任,6,"國立臺北商業大學財政稅務系(臺北校區)(正取,分發); 國立臺灣科技大學企業管理系(通過); 國立臺北科技大學經營管理系(備取); 國立勤益科技大學企業管理系(備取); 國立臺中科技大學財務金融系(備取); 國立金門大學企業管理學系(正取)"
CAND_0648,114,ntub_tax,國立臺北商業大學,財政稅務系,國立臺北商業大學 財政稅務系,68090166,*瑄,正取,國立臺北商業大學,國立臺北商業大學財政稅務系(臺北校區),原校系/本校留任,4,"國立臺北商業大學財政稅務系(臺北校區)(正取,分發); 國立高雄科技大學財政稅務系(通過); 國立虎尾科技大學財務金融系(通過); 國立臺中科技大學財政稅務系(通過)"
CAND_0649,114,ntub_tax,國立臺北商業大學,財政稅務系,國立臺北商業大學 財政稅務系,64090259,*毅,備取,國立雲林科技大學,國立雲林科技大學工業工程與管理系,其他學校錄取,5,"國立臺北商業大學財政稅務系(臺北校區)(備取); 國立雲林科技大學工業工程與管理系(備取,分發); 國立高雄科技大學工業工程與管理系(備取); 國立高雄科技大學財政稅務系(正取); 國立彰化師範大學財務金融技術學系(備取)"
CAND_0650,114,ntub_tax,國立臺北商業大學,財政稅務系,國立臺北商業大學 財政稅務系,68090221,邱*欣,備取,國立雲林科技大學,國立雲林科技大學會計系,其他學校錄取,4,"國立臺北商業大學財政稅務系(臺北校區)(備取); 國立雲林科技大學會計系(備取,分發); 國立高雄科技大學運籌管理系(正取); 國立臺中科技大學會計資訊系(備取)"
CAND_0651,114,ntub_tax,國立臺北商業大學,財政稅務系,國立臺北商業大學 財政稅務系,61090531,黄*晴,備取,—,—,未分發或放棄,3,國立臺北商業大學財政稅務系(臺北校區)(備取); 國立雲林科技大學財務金融系(通過); 國立雲林科技大學會計系(通過)
CAND_0652,114,ntub_tax,國立臺北商業大學,財政稅務系,國立臺北商業大學 財政稅務系,57090146,許*淇,備取,國立臺北商業大學,國立臺北商業大學財政稅務系(臺北校區),原校系/本校留任,3,"國立臺北商業大學財政稅務系(臺北校區)(備取,分發); 國立雲林科技大學財務金融系(通過); 國立雲林科技大學會計系(通過)"
CAND_0653,114,ntub_tax,國立臺北商業大學,財政稅務系,國立臺北商業大學 財政稅務系,68090241,黄*雅,備取,國立臺北商業大學,國立臺北商業大學財政稅務系(臺北校區),原校系/本校留任,3,"國立臺北商業大學財政稅務系(臺北校區)(備取,分發); 國立雲林科技大學會計系(通過); 國立高雄科技大學財政稅務系(正取)"
CAND_0654,114,ntub_tax,國立臺北商業大學,財政稅務系,國立臺北商業大學 財政稅務系,64090503,黄*晴,備取,國立高雄科技大學,國立高雄科技大學財政稅務系,其他學校錄取,4,"國立臺北商業大學財政稅務系(臺北校區)(備取); 國立雲林科技大學財務金融系(正取); 國立高雄科技大學金融系(正取); 國立高雄科技大學財政稅務系(正取,分發)"
CAND_0655,114,ntub_tax,國立臺北商業大學,財政稅務系,國立臺北商業大學 財政稅務系,52090087,吳*,備取,國立雲林科技大學,國立雲林科技大學資訊管理系,其他學校錄取,4,"國立臺北商業大學財政稅務系(臺北校區)(備取); 國立雲林科技大學資訊管理系(正取,分發); 國立雲林科技大學會計系(正取); 中原大學資訊管理學系(正取)"
CAND_0656,114,ntub_tax,國立臺北商業大學,財政稅務系,國立臺北商業大學 財政稅務系,61090481,李*欣,備取,國立臺灣藝術大學,國立臺灣藝術大學圖文傳播藝術學系,其他學校錄取,5,"國立臺北商業大學財政稅務系(臺北校區)(備取); 國立雲林科技大學工業工程與管理系(備取); 國立雲林科技大學企業管理系(通過); 國立高雄科技大學行銷與流通管理系(通過); 國立臺灣藝術大學圖文傳播藝術學系(正取,分發)"
CAND_0657,114,ntub_tax,國立臺北商業大學,財政稅務系,國立臺北商業大學 財政稅務系,64090527,許*慈,備取,國立雲林科技大學,國立雲林科技大學財務金融系,其他學校錄取,6,"國立臺北商業大學財政稅務系(臺北校區)(備取); 國立雲林科技大學資訊管理系(通過); 國立雲林科技大學財務金融系(正取,分發); 國立高雄科技大學財務管理系(通過); 國立彰化師範大學財務金融技術學系(通過); 國立臺中教育大學國際企業學系(通過)"
CAND_0658,114,ntub_tax,國立臺北商業大學,財政稅務系,國立臺北商業大學 財政稅務系,52090179,葵*,備取,國立臺北科技大學,國立臺北科技大學經營管理系,其他學校錄取,4,"國立臺北商業大學財政稅務系(臺北校區)(備取); 國立雲林科技大學企業管理系(通過); 國立雲林科技大學會計系(通過); 國立臺北科技大學經營管理系(正取,分發)"
CAND_0659,114,ntub_tax,國立臺北商業大學,財政稅務系,國立臺北商業大學 財政稅務系,57090330,宋*虹,備取,國立臺北商業大學,國立臺北商業大學財政稅務系(臺北校區),原校系/本校留任,1,"國立臺北商業大學財政稅務系(臺北校區)(備取,分發)"
CAND_0660,114,ntub_tax,國立臺北商業大學,財政稅務系,國立臺北商業大學 財政稅務系,52090733,李*,備取,國立雲林科技大學,國立雲林科技大學會計系,其他學校錄取,5,"國立臺北商業大學財政稅務系(臺北校區)(備取); 國立雲林科技大學會計系(正取,分發); 東海大學會計學系(備取); 中原大學會計學系(正取); 逢甲大學財稅學系(正取)"
CAND_0661,114,ntub_tax,國立臺北商業大學,財政稅務系,國立臺北商業大學 財政稅務系,58090089,林*妤,備取,國立臺北商業大學,國立臺北商業大學財政稅務系(臺北校區),原校系/本校留任,2,"國立臺北商業大學財政稅務系(臺北校區)(備取,分發); 國立高雄科技大學金融系(備取)"
CAND_0662,114,ntub_tax,國立臺北商業大學,財政稅務系,國立臺北商業大學 財政稅務系,59090141,郭*靖,備取,國立臺灣海洋大學,國立臺灣海洋大學航運管理學系,其他學校錄取,4,"國立臺北商業大學財政稅務系(臺北校區)(備取); 國立雲林科技大學應用外語系(通過); 國立臺灣海洋大學航運管理學系(正取,分發); 國立彰化師範大學財務金融技術學系(備取)"
CAND_0663,114,ntub_tax,國立臺北商業大學,財政稅務系,國立臺北商業大學 財政稅務系,65090094,—,備取,國立臺北商業大學,國立臺北商業大學財政稅務系(臺北校區),原校系/本校留任,1,"國立臺北商業大學財政稅務系(臺北校區)(備取,分發)"
CAND_0664,114,ntub_tax,國立臺北商業大學,財政稅務系,國立臺北商業大學 財政稅務系,61090947,葉*瑾,備取,國立臺北商業大學,國立臺北商業大學財政稅務系(臺北校區),原校系/本校留任,1,"國立臺北商業大學財政稅務系(臺北校區)(備取,分發)"
CAND_0665,114,ntub_tax,國立臺北商業大學,財政稅務系,國立臺北商業大學 財政稅務系,57090865,林*宇,備取,國立臺北商業大學,國立臺北商業大學財政稅務系(臺北校區),原校系/本校留任,4,"國立臺北商業大學財政稅務系(臺北校區)(備取,分發); 國立雲林科技大學企業管理系(備取); 國立雲林科技大學會計系(備取); 國立高雄科技大學金融系(正取)"
CAND_0666,114,ntub_tax,國立臺北商業大學,財政稅務系,國立臺北商業大學 財政稅務系,70090317,李*忻,備取,國立臺北商業大學,國立臺北商業大學財政稅務系(臺北校區),原校系/本校留任,2,"國立臺北商業大學財政稅務系(臺北校區)(備取,分發); 國立臺中科技大學財政稅務系(正取)"
CAND_0667,114,ntub_tax,國立臺北商業大學,財政稅務系,國立臺北商業大學 財政稅務系,57090392,李*宏,備取,國立臺北商業大學,國立臺北商業大學財政稅務系(臺北校區),原校系/本校留任,2,"國立臺北商業大學財政稅務系(臺北校區)(備取,分發); 國立高雄科技大學資訊管理系(通過)"
CAND_0668,114,ntub_tax,國立臺北商業大學,財政稅務系,國立臺北商業大學 財政稅務系,59090153,彭*,備取,國立臺北商業大學,國立臺北商業大學財政稅務系(臺北校區),原校系/本校留任,5,"國立臺北商業大學財政稅務系(臺北校區)(備取,分發); 國立雲林科技大學工業工程與管理系(備取); 國立雲林科技大學企業管理系(通過); 國立臺北護理健康大學資訊管理系(通過); 中原大學資訊管理學系(通過)"
CAND_0669,114,ntub_tax,國立臺北商業大學,財政稅務系,國立臺北商業大學 財政稅務系,64090415,陳*,備取,國立臺北商業大學,國立臺北商業大學財政稅務系(臺北校區),原校系/本校留任,3,"國立臺北商業大學財政稅務系(臺北校區)(備取,分發); 國立雲林科技大學企業管理系(通過); 國立高雄科技大學財務管理系(通過)"
CAND_0670,114,ntub_tax,國立臺北商業大學,財政稅務系,國立臺北商業大學 財政稅務系,56090212,*芳,備取,—,—,未分發或放棄,1,國立臺北商業大學財政稅務系(臺北校區)(備取)
CAND_0671,114,ntub_tax,國立臺北商業大學,財政稅務系,國立臺北商業大學 財政稅務系,70090958,潘*婕,備取,國立臺中科技大學,國立臺中科技大學財政稅務系,其他學校錄取,2,"國立臺北商業大學財政稅務系(臺北校區)(備取); 國立臺中科技大學財政稅務系(正取,分發)"
CAND_0672,114,ntub_tax,國立臺北商業大學,財政稅務系,國立臺北商業大學 財政稅務系,64090195,趙*,備取,—,—,未分發或放棄,1,國立臺北商業大學財政稅務系(臺北校區)(備取)
CAND_0673,114,ntub_tax,國立臺北商業大學,財政稅務系,國立臺北商業大學 財政稅務系,68090362,歐*亞,備取,國立雲林科技大學,國立雲林科技大學會計系,其他學校錄取,5,"國立臺北商業大學財政稅務系(臺北校區)(備取); 國立雲林科技大學會計系(正取,分發); 國立高雄科技大學金融系(正取); 國立高雄科技大學財政稅務系(通過); 國立臺中科技大學財務金融系(正取)"
CAND_0674,114,ntub_tax,國立臺北商業大學,財政稅務系,國立臺北商業大學 財政稅務系,68090470,林*誼,備取,國立雲林科技大學,國立雲林科技大學會計系,其他學校錄取,3,"國立臺北商業大學財政稅務系(臺北校區)(備取); 國立雲林科技大學會計系(正取,分發); 國立高雄科技大學航運管理系(正取)"
CAND_0675,114,ntub_tax,國立臺北商業大學,財政稅務系,國立臺北商業大學 財政稅務系,61091033,何*住,備取,—,—,未分發或放棄,5,國立臺北商業大學財政稅務系(臺北校區)(備取); 國立雲林科技大學財務金融系(通過); 國立雲林科技大學會計系(正取); 國立高雄科技大學會計資訊系(通過); 國立高雄科技大學財政稅務系(通過)
CAND_0676,114,ntub_tax,國立臺北商業大學,財政稅務系,國立臺北商業大學 財政稅務系,59090062,陳*侒,備取,—,—,未分發或放棄,3,國立臺北商業大學財政稅務系(臺北校區)(備取); 國立高雄科技大學財務管理系(通過); 逢甲大學財稅學系(通過)
CAND_0677,114,ntub_tax,國立臺北商業大學,財政稅務系,國立臺北商業大學 財政稅務系,57090105,*婕,備取,中原大學,中原大學會計學系,其他學校錄取,4,"國立臺北商業大學財政稅務系(臺北校區)(備取); 國立臺中科技大學會計資訊系(通過); 中原大學會計學系(備取,分發); 逢甲大學財稅學系(正取)"
CAND_0678,114,ntub_tax,國立臺北商業大學,財政稅務系,國立臺北商業大學 財政稅務系,61091135,吳*叡,備取,—,—,未分發或放棄,1,國立臺北商業大學財政稅務系(臺北校區)(備取)
CAND_0679,114,ntub_tax,國立臺北商業大學,財政稅務系,國立臺北商業大學 財政稅務系,61090587,徐*,備取,國立高雄科技大學,國立高雄科技大學財政稅務系,其他學校錄取,4,"國立臺北商業大學財政稅務系(臺北校區)(備取); 國立高雄科技大學金融系(正取); 國立高雄科技大學人力資源發展系(通過); 國立高雄科技大學財政稅務系(正取,分發)"
CAND_0680,114,ntub_tax,國立臺北商業大學,財政稅務系,國立臺北商業大學 財政稅務系,51090275,*名,備取,—,—,未分發或放棄,1,國立臺北商業大學財政稅務系(臺北校區)(備取)
CAND_0681,114,ntub_tax,國立臺北商業大學,財政稅務系,國立臺北商業大學 財政稅務系,51090283,張*翔,備取,—,—,未分發或放棄,3,國立臺北商業大學財政稅務系(臺北校區)(備取); 國立臺北科技大學經營管理系(備取); 國立高雄科技大學財政稅務系(通過)
CAND_0682,114,ntub_tax,國立臺北商業大學,財政稅務系,國立臺北商業大學 財政稅務系,55090073,謝*舒,備取,國立雲林科技大學,國立雲林科技大學工業工程與管理系,其他學校錄取,2,"國立臺北商業大學財政稅務系(臺北校區)(備取); 國立雲林科技大學工業工程與管理系(備取,分發)"
CAND_0683,114,ntub_tax,國立臺北商業大學,財政稅務系,國立臺北商業大學 財政稅務系,70090905,鄭*恩,備取,—,—,未分發或放棄,2,國立臺北商業大學財政稅務系(臺北校區)(備取); 國立臺中科技大學會計資訊系(通過)
CAND_0684,114,ntub_tax,國立臺北商業大學,財政稅務系,國立臺北商業大學 財政稅務系,68090597,許*,備取,國立高雄科技大學,國立高雄科技大學資訊管理系,其他學校錄取,2,"國立臺北商業大學財政稅務系(臺北校區)(備取); 國立高雄科技大學資訊管理系(正取,分發)"
CAND_0685,114,ntub_tax,國立臺北商業大學,財政稅務系,國立臺北商業大學 財政稅務系,55090017,歐*毅,備取,國立雲林科技大學,國立雲林科技大學工業工程與管理系,其他學校錄取,5,"國立臺北商業大學財政稅務系(臺北校區)(備取); 國立雲林科技大學工業工程與管理系(正取,分發); 中原大學會計學系(通過); 中原大學資訊管理學系(通過); 中原大學資訊管理學系(備取)"
CAND_0686,114,ntub_tax,國立臺北商業大學,財政稅務系,國立臺北商業大學 財政稅務系,70090637,陳*哲,備取,國立高雄科技大學,國立高雄科技大學金融系,其他學校錄取,6,"國立臺北商業大學財政稅務系(臺北校區)(備取); 國立高雄科技大學金融系(備取,分發); 國立高雄科技大學會計資訊系(通過); 國立高雄科技大學財政稅務系(正取); 國立虎尾科技大學財務金融系(通過); 國立臺中科技大學會計資訊系(通過)"
CAND_0687,114,ntub_tax,國立臺北商業大學,財政稅務系,國立臺北商業大學 財政稅務系,58090164,*廷,備取,—,—,未分發或放棄,2,國立臺北商業大學財政稅務系(臺北校區)(備取); 國立雲林科技大學資訊管理系(備取)
CAND_0688,114,ntub_tax,國立臺北商業大學,財政稅務系,國立臺北商業大學 財政稅務系,51090262,謝*,備取,國立臺北商業大學,國立臺北商業大學財政稅務系(臺北校區),原校系/本校留任,3,"國立臺北商業大學財政稅務系(臺北校區)(備取,分發); 國立臺中科技大學財務金融系(通過); 致理科技大學財務金融系(正取)"
CAND_0689,114,ntub_tax,國立臺北商業大學,財政稅務系,國立臺北商業大學 財政稅務系,53530010,陳*,備取,—,—,未分發或放棄,3,國立臺北商業大學財政稅務系(臺北校區)(備取); 朝陽科技大學財務金融系(通過); 致理科技大學財務金融系(通過)
CAND_0690,114,ntub_tax,國立臺北商業大學,財政稅務系,國立臺北商業大學 財政稅務系,76090051,薛*峰,備取,國立臺北商業大學,國立臺北商業大學財政稅務系(臺北校區),原校系/本校留任,4,"國立臺北商業大學財政稅務系(臺北校區)(備取,分發); 國立高雄科技大學財務管理系(正取); 國立高雄科技大學金融資訊系(備取); 國立臺中科技大學財務金融系(備取)"
CAND_0691,114,ntub_tax,國立臺北商業大學,財政稅務系,國立臺北商業大學 財政稅務系,76090008,李*,備取,國立臺中科技大學,國立臺中科技大學企業管理系,其他學校錄取,3,"國立臺北商業大學財政稅務系(臺北校區)(備取); 國立高雄科技大學企業管理系(正取); 國立臺中科技大學企業管理系(正取,分發)"
CAND_0692,114,ntub_tax,國立臺北商業大學,財政稅務系,國立臺北商業大學 財政稅務系,77090002,張*,備取,—,—,未分發或放棄,4,國立臺北商業大學財政稅務系(臺北校區)(備取); 國立勤益科技大學企業管理系(通過); 國立臺中科技大學企業管理系(備取); 國立金門大學企業管理學系(備取)
CAND_0693,114,ntub_tax,國立臺北商業大學,財政稅務系,國立臺北商業大學 財政稅務系,57090951,徐*旋,備取,中原大學,中原大學會計學系,其他學校錄取,5,"國立臺北商業大學財政稅務系(臺北校區)(備取); 國立高雄科技大學金融系(正取); 國立臺中科技大學財務金融系(通過); 中原大學國際經營與貿易學系(通過); 中原大學會計學系(正取,分發)"
CAND_0694,114,ntub_tax,國立臺北商業大學,財政稅務系,國立臺北商業大學 財政稅務系,55090293,—,備取,銘傳大學,銘傳大學企業管理學系(台北校區),其他學校錄取,3,"國立臺北商業大學財政稅務系(臺北校區)(備取); 銘傳大學企業管理學系(台北校區)(正取,分發); 銘傳大學會計學系(台北校區)(通過)"
CAND_0695,114,ntub_tax,國立臺北商業大學,財政稅務系,國立臺北商業大學 財政稅務系,64090140,謝*,備取,國立雲林科技大學,國立雲林科技大學工業工程與管理系,其他學校錄取,2,"國立臺北商業大學財政稅務系(臺北校區)(備取); 國立雲林科技大學工業工程與管理系(備取,分發)"
CAND_0696,114,ntub_tax,國立臺北商業大學,財政稅務系,國立臺北商業大學 財政稅務系,59090268,黄*恩,備取,—,—,未分發或放棄,1,國立臺北商業大學財政稅務系(臺北校區)(備取)
CAND_0697,114,ntub_tax,國立臺北商業大學,財政稅務系,國立臺北商業大學 財政稅務系,51090291,徐*銘,備取,國立臺灣科技大學,國立臺灣科技大學企業管理系,其他學校錄取,6,"國立臺北商業大學財政稅務系(臺北校區)(通過); 國立臺灣科技大學企業管理系(正取,分發); 國立臺灣科技大學資訊管理系(通過); 國立雲林科技大學會計系(通過); 國立臺北科技大學工業工程與管理系(通過); 國立臺北科技大學資訊與財金管理系(通過)"
CAND_0698,114,ntub_tax,國立臺北商業大學,財政稅務系,國立臺北商業大學 財政稅務系,52090043,楊*蓉,備取,國立臺北科技大學,國立臺北科技大學經營管理系,其他學校錄取,5,"國立臺北商業大學財政稅務系(臺北校區)(通過); 國立臺灣科技大學企業管理系(通過); 國立雲林科技大學工業工程與管理系(通過); 國立雲林科技大學財務金融系(通過); 國立臺北科技大學經營管理系(正取,分發)"
CAND_0699,114,ntub_tax,國立臺北商業大學,財政稅務系,國立臺北商業大學 財政稅務系,52090103,李*,備取,國立臺北科技大學,國立臺北科技大學工業工程與管理系,其他學校錄取,3,"國立臺北商業大學財政稅務系(臺北校區)(通過); 國立雲林科技大學財務金融系(通過); 國立臺北科技大學工業工程與管理系(備取,分發)"
CAND_0700,114,ntub_tax,國立臺北商業大學,財政稅務系,國立臺北商業大學 財政稅務系,57090030,李*琳,備取,國立雲林科技大學,國立雲林科技大學會計系,其他學校錄取,5,"國立臺北商業大學財政稅務系(臺北校區)(通過); 國立雲林科技大學財務金融系(通過); 國立雲林科技大學會計系(正取,分發); 國立臺北科技大學工業工程與管理系(通過); 國立高雄科技大學財務管理系(通過)"
CAND_0701,114,ntub_tax,國立臺北商業大學,財政稅務系,國立臺北商業大學 財政稅務系,57090794,黄*哲,備取,—,—,未分發或放棄,4,國立臺北商業大學財政稅務系(臺北校區)(通過); 國立高雄科技大學金融系(通過); 國立高雄科技大學財政稅務系(通過); 國立臺中科技大學會計資訊系(通過)
CAND_0702,114,ntub_tax,國立臺北商業大學,財政稅務系,國立臺北商業大學 財政稅務系,59090053,陳*,備取,—,—,未分發或放棄,1,國立臺北商業大學財政稅務系(臺北校區)(通過)
CAND_0703,114,ntub_tax,國立臺北商業大學,財政稅務系,國立臺北商業大學 財政稅務系,61091549,鄒*沂,備取,—,—,未分發或放棄,2,國立臺北商業大學財政稅務系(臺北校區)(通過); 國立高雄科技大學航運管理系(通過)
CAND_0704,114,ntub_tax,國立臺北商業大學,財政稅務系,國立臺北商業大學 財政稅務系,61091737,李*祐,備取,國立臺北科技大學,國立臺北科技大學工業工程與管理系,其他學校錄取,3,"國立臺北商業大學財政稅務系(臺北校區)(通過); 國立雲林科技大學財務金融系(通過); 國立臺北科技大學工業工程與管理系(備取,分發)"
CAND_0705,114,ntub_tax,國立臺北商業大學,財政稅務系,國立臺北商業大學 財政稅務系,64090011,陳*璇,備取,國立臺北科技大學,國立臺北科技大學經營管理系,其他學校錄取,5,"國立臺北商業大學財政稅務系(臺北校區)(通過); 國立臺灣科技大學企業管理系(備取); 國立雲林科技大學財務金融系(通過); 國立雲林科技大學會計系(通過); 國立臺北科技大學經營管理系(備取,分發)"
CAND_0706,114,ntub_tax,國立臺北商業大學,財政稅務系,國立臺北商業大學 財政稅務系,64090024,許*愷,備取,—,—,未分發或放棄,3,國立臺北商業大學財政稅務系(臺北校區)(通過); 國立雲林科技大學工業工程與管理系(通過); 國立臺北科技大學工業工程與管理系(備取)
CAND_0707,114,ntub_tax,國立臺北商業大學,財政稅務系,國立臺北商業大學 財政稅務系,65090148,吳*,備取,—,—,未分發或放棄,3,國立臺北商業大學財政稅務系(臺北校區)(通過); 國立雲林科技大學工業工程與管理系(通過); 國立雲林科技大學會計系(通過)
CAND_0708,114,ntub_tax,國立臺北商業大學,財政稅務系,國立臺北商業大學 財政稅務系,68090545,陳*晨,備取,—,—,未分發或放棄,4,國立臺北商業大學財政稅務系(臺北校區)(通過); 國立臺灣科技大學資訊管理系(通過); 國立臺灣海洋大學航運管理學系(通過); 國立中正大學經濟學系(正取)
CAND_0709,114,ntub_tax,國立臺北商業大學,財政稅務系,國立臺北商業大學 財政稅務系,70090281,陳*妤,備取,國立臺北科技大學,國立臺北科技大學經營管理系,其他學校錄取,2,"國立臺北商業大學財政稅務系(臺北校區)(通過); 國立臺北科技大學經營管理系(備取,分發)"
CAND_0710,114,ntub_tax,國立臺北商業大學,財政稅務系,國立臺北商業大學 財政稅務系,76090016,蕭*女,備取,—,—,未分發或放棄,6,國立臺北商業大學財政稅務系(臺北校區)(通過); 國立雲林科技大學財務金融系(通過); 國立雲林科技大學文化資產維護系(通過); 國立屏東科技大學企業管理系(通過); 國立屏東科技大學休閒運動健康系(通過); 國立臺中科技大學多媒體設計系(通過)
CAND_0711,113,ntub_tax,國立臺北商業大學,財政稅務系,國立臺北商業大學 財政稅務系,64090563,*容,正取,國立臺北科技大學,國立臺北科技大學工業工程與管理系,其他學校錄取,4,"國立臺北商業大學財政稅務系(臺北校區)(正取); 國立臺灣科技大學資訊管理系(正取); 國立臺北科技大學工業工程與管理系(正取,分發); 國立臺北商業大學會計資訊系(臺北校區)(正取)"
CAND_0712,113,ntub_tax,國立臺北商業大學,財政稅務系,國立臺北商業大學 財政稅務系,64090195,張*柴,正取,國立臺灣科技大學,國立臺灣科技大學企業管理系,其他學校錄取,4,"國立臺北商業大學財政稅務系(臺北校區)(正取); 國立臺灣科技大學企業管理系(正取,分發); 國立臺北商業大學會計資訊系(臺北校區)(正取); 國立臺北商業大學財務金融系(臺北校區)(通過)"
CAND_0713,113,ntub_tax,國立臺北商業大學,財政稅務系,國立臺北商業大學 財政稅務系,61091577,*綸,正取,國立臺北商業大學,國立臺北商業大學會計資訊系(臺北校區),原校系/本校留任,3,"國立臺北商業大學財政稅務系(臺北校區)(正取); 國立臺北商業大學會計資訊系(臺北校區)(正取,分發); 國立臺北商業大學資訊管理系(臺北校區)(通過)"
CAND_0714,113,ntub_tax,國立臺北商業大學,財政稅務系,國立臺北商業大學 財政稅務系,64090379,謝*婷,正取,國立臺北商業大學,國立臺北商業大學財政稅務系(臺北校區),原校系/本校留任,6,"國立臺北商業大學財政稅務系(臺北校區)(正取,分發); 國立雲林科技大學企業管理系(通過); 國立高雄科技大學金融系(通過); 國立高雄科技大學財務管理系(通過); 國立臺北商業大學國際商務系(臺北校區)(通過); 國立臺北商業大學企業管理系(臺北校區)(通過)"
CAND_0715,113,ntub_tax,國立臺北商業大學,財政稅務系,國立臺北商業大學 財政稅務系,61091185,江*,正取,國立臺北商業大學,國立臺北商業大學會計資訊系(臺北校區),原校系/本校留任,4,"國立臺北商業大學財政稅務系(臺北校區)(正取); 國立雲林科技大學財務金融系(正取); 國立雲林科技大學會計系(正取); 國立臺北商業大學會計資訊系(臺北校區)(正取,分發)"
CAND_0716,113,ntub_tax,國立臺北商業大學,財政稅務系,國立臺北商業大學 財政稅務系,61091691,黄*雅,正取,國立雲林科技大學,國立雲林科技大學財務金融系,其他學校錄取,5,"國立臺北商業大學財政稅務系(臺北校區)(正取); 國立雲林科技大學財務金融系(正取,分發); 國立雲林科技大學會計系(正取); 國立高雄科技大學金融系(正取); 國立臺北商業大學財務金融系(臺北校區)(正取)"
CAND_0717,113,ntub_tax,國立臺北商業大學,財政稅務系,國立臺北商業大學 財政稅務系,58090069,*筠,正取,國立臺灣科技大學,國立臺灣科技大學企業管理系,其他學校錄取,5,"國立臺北商業大學財政稅務系(臺北校區)(正取); 國立臺灣科技大學企業管理系(正取,分發); 國立雲林科技大學財務金融系(正取); 國立臺北科技大學經營管理系(備取); 國立臺北商業大學財務金融系(臺北校區)(正取)"
CAND_0718,113,ntub_tax,國立臺北商業大學,財政稅務系,國立臺北商業大學 財政稅務系,58090133,*女,正取,國立臺北商業大學,國立臺北商業大學財政稅務系(臺北校區),原校系/本校留任,2,"國立臺北商業大學財政稅務系(臺北校區)(正取,分發); 國立雲林科技大學工業工程與管理系(正取)"
CAND_0719,113,ntub_tax,國立臺北商業大學,財政稅務系,國立臺北商業大學 財政稅務系,58090285,彭*,正取,國立臺北商業大學,國立臺北商業大學會計資訊系(臺北校區),原校系/本校留任,2,"國立臺北商業大學財政稅務系(臺北校區)(正取); 國立臺北商業大學會計資訊系(臺北校區)(備取,分發)"
CAND_0720,113,ntub_tax,國立臺北商業大學,財政稅務系,國立臺北商業大學 財政稅務系,57090753,黄*媗,正取,—,—,未分發或放棄,3,國立臺北商業大學財政稅務系(臺北校區)(正取); 國立臺北科技大學經營管理系(通過); 國立臺北商業大學企業管理系(臺北校區)(通過)
CAND_0721,113,ntub_tax,國立臺北商業大學,財政稅務系,國立臺北商業大學 財政稅務系,58090066,張*閔,正取,國立臺灣科技大學,國立臺灣科技大學企業管理系,其他學校錄取,4,"國立臺北商業大學財政稅務系(臺北校區)(正取); 國立臺灣科技大學企業管理系(正取,分發); 國立臺北科技大學工業工程與管理系(通過); 國立臺北科技大學資訊與財金管理系(通過)"
CAND_0722,113,ntub_tax,國立臺北商業大學,財政稅務系,國立臺北商業大學 財政稅務系,61090903,陳*葳,正取,國立臺北商業大學,國立臺北商業大學財政稅務系(臺北校區),原校系/本校留任,3,"國立臺北商業大學財政稅務系(臺北校區)(正取,分發); 國立雲林科技大學會計系(備取); 國立屏東大學會計學系(正取)"
CAND_0723,113,ntub_tax,國立臺北商業大學,財政稅務系,國立臺北商業大學 財政稅務系,52090613,*儀,正取,國立臺北商業大學,國立臺北商業大學財政稅務系(臺北校區),原校系/本校留任,3,"國立臺北商業大學財政稅務系(臺北校區)(正取,分發); 中原大學會計學系(通過); 銘傳大學會計學系(台北校區)(通過)"
CAND_0724,113,ntub_tax,國立臺北商業大學,財政稅務系,國立臺北商業大學 財政稅務系,64090451,周*哲,正取,國立臺北科技大學,國立臺北科技大學經營管理系,其他學校錄取,5,"國立臺北商業大學財政稅務系(臺北校區)(正取); 國立雲林科技大學工業工程與管理系(通過); 國立臺北科技大學經營管理系(備取,分發); 國立臺北商業大學會計資訊系(臺北校區)(備取); 國立臺北商業大學國際商務系(臺北校區)(通過)"
CAND_0725,113,ntub_tax,國立臺北商業大學,財政稅務系,國立臺北商業大學 財政稅務系,64090331,黄*瑄,正取,國立臺北商業大學,國立臺北商業大學財務金融系(臺北校區),原校系/本校留任,4,"國立臺北商業大學財政稅務系(臺北校區)(正取); 國立雲林科技大學財務金融系(正取); 國立臺北商業大學財務金融系(臺北校區)(備取,分發); 國立臺北商業大學國際商務系(臺北校區)(通過)"
CAND_0726,113,ntub_tax,國立臺北商業大學,財政稅務系,國立臺北商業大學 財政稅務系,52090322,葵*,正取,國立臺北商業大學,國立臺北商業大學財政稅務系(臺北校區),原校系/本校留任,1,"國立臺北商業大學財政稅務系(臺北校區)(正取,分發)"
CAND_0727,113,ntub_tax,國立臺北商業大學,財政稅務系,國立臺北商業大學 財政稅務系,64090340,林*壕,正取,國立臺北商業大學,國立臺北商業大學財政稅務系(臺北校區),原校系/本校留任,4,"國立臺北商業大學財政稅務系(臺北校區)(正取,分發); 國立臺灣科技大學企業管理系(通過); 國立臺北商業大學會計資訊系(臺北校區)(正取); 國立彰化師範大學財務金融技術學系(通過)"
CAND_0728,113,ntub_tax,國立臺北商業大學,財政稅務系,國立臺北商業大學 財政稅務系,52090678,—,正取,國立臺北商業大學,國立臺北商業大學財政稅務系(臺北校區),原校系/本校留任,2,"國立臺北商業大學財政稅務系(臺北校區)(正取,分發); 國立雲林科技大學資訊管理系(正取)"
CAND_0729,113,ntub_tax,國立臺北商業大學,財政稅務系,國立臺北商業大學 財政稅務系,64090041,宋*楷,正取,國立雲林科技大學,國立雲林科技大學會計系,其他學校錄取,4,"國立臺北商業大學財政稅務系(臺北校區)(正取); 國立雲林科技大學會計系(備取,分發); 國立高雄科技大學會計資訊系(正取); 國立臺中科技大學會計資訊系(正取)"
CAND_0730,113,ntub_tax,國立臺北商業大學,財政稅務系,國立臺北商業大學 財政稅務系,61090961,蘇*,正取,國立臺北科技大學,國立臺北科技大學經營管理系,其他學校錄取,4,"國立臺北商業大學財政稅務系(臺北校區)(正取); 國立雲林科技大學財務金融系(正取); 國立雲林科技大學會計系(通過); 國立臺北科技大學經營管理系(備取,分發)"
CAND_0731,113,ntub_tax,國立臺北商業大學,財政稅務系,國立臺北商業大學 財政稅務系,51090299,賴*彤,正取,國立臺北商業大學,國立臺北商業大學財政稅務系(臺北校區),原校系/本校留任,1,"國立臺北商業大學財政稅務系(臺北校區)(正取,分發)"
CAND_0732,113,ntub_tax,國立臺北商業大學,財政稅務系,國立臺北商業大學 財政稅務系,56090508,邱*媗,正取,國立臺北科技大學,國立臺北科技大學資訊與財金管理系,其他學校錄取,6,"國立臺北商業大學財政稅務系(臺北校區)(正取); 國立臺灣科技大學企業管理系(備取); 國立臺北科技大學經營管理系(正取); 國立臺北科技大學資訊與財金管理系(正取,分發); 國立臺北商業大學會計資訊系(臺北校區)(正取); 國立臺北商業大學財務金融系(臺北校區)(正取)"
CAND_0733,113,ntub_tax,國立臺北商業大學,財政稅務系,國立臺北商業大學 財政稅務系,61091471,楊*潔,正取,國立臺北商業大學,國立臺北商業大學會計資訊系(臺北校區),原校系/本校留任,5,"國立臺北商業大學財政稅務系(臺北校區)(正取); 國立雲林科技大學會計系(備取); 國立高雄科技大學會計資訊系(正取); 國立臺中科技大學會計資訊系(正取); 國立臺北商業大學會計資訊系(臺北校區)(備取,分發)"
CAND_0734,113,ntub_tax,國立臺北商業大學,財政稅務系,國立臺北商業大學 財政稅務系,69090048,*亭,正取,國立臺灣科技大學,國立臺灣科技大學企業管理系,其他學校錄取,3,"國立臺北商業大學財政稅務系(臺北校區)(正取); 國立臺灣科技大學企業管理系(備取,分發); 國立臺北商業大學會計資訊系(臺北校區)(備取)"
CAND_0735,113,ntub_tax,國立臺北商業大學,財政稅務系,國立臺北商業大學 財政稅務系,51090306,*盲,正取,國立臺北商業大學,國立臺北商業大學財政稅務系(臺北校區),原校系/本校留任,2,"國立臺北商業大學財政稅務系(臺北校區)(正取,分發); 國立臺中科技大學財政稅務系(通過)"
CAND_0736,113,ntub_tax,國立臺北商業大學,財政稅務系,國立臺北商業大學 財政稅務系,71090072,梁*愷,正取,國立臺北商業大學,國立臺北商業大學財政稅務系(臺北校區),原校系/本校留任,3,"國立臺北商業大學財政稅務系(臺北校區)(正取,分發); 國立臺北商業大學國際商務系(臺北校區)(正取); 國立臺北商業大學企業管理系(臺北校區)(正取)"
CAND_0737,113,ntub_tax,國立臺北商業大學,財政稅務系,國立臺北商業大學 財政稅務系,76090035,鄭*筠,正取,國立臺北商業大學,國立臺北商業大學財務金融系(臺北校區),原校系/本校留任,6,"國立臺北商業大學財政稅務系(臺北校區)(正取); 國立臺北科技大學經營管理系(正取); 國立高雄科技大學金融系(正取); 國立高雄科技大學會計資訊系(正取); 國立臺北商業大學會計資訊系(臺北校區)(備取); 國立臺北商業大學財務金融系(臺北校區)(正取,分發)"
CAND_0738,113,ntub_tax,國立臺北商業大學,財政稅務系,國立臺北商業大學 財政稅務系,77090022,葉*均,正取,國立臺北科技大學,國立臺北科技大學資訊與財金管理系,其他學校錄取,6,"國立臺北商業大學財政稅務系(臺北校區)(正取); 國立臺北科技大學經營管理系(正取); 國立臺北科技大學資訊與財金管理系(正取,分發); 國立臺北商業大學會計資訊系(臺北校區)(正取); 國立臺北商業大學財務金融系(臺北校區)(正取); 國立金門大學企業管理學系(備取)"
CAND_0739,113,ntub_tax,國立臺北商業大學,財政稅務系,國立臺北商業大學 財政稅務系,57090473,謝*璇,正取,國立雲林科技大學,國立雲林科技大學財務金融系,其他學校錄取,3,"國立臺北商業大學財政稅務系(臺北校區)(正取); 國立雲林科技大學財務金融系(正取,分發); 國立彰化師範大學財務金融技術學系(備取)"
CAND_0740,113,ntub_tax,國立臺北商業大學,財政稅務系,國立臺北商業大學 財政稅務系,52090829,*愷,備取,國立雲林科技大學,國立雲林科技大學財務金融系,其他學校錄取,2,"國立臺北商業大學財政稅務系(臺北校區)(備取); 國立雲林科技大學財務金融系(正取,分發)"
CAND_0741,113,ntub_tax,國立臺北商業大學,財政稅務系,國立臺北商業大學 財政稅務系,56090252,謝*,備取,國立臺北商業大學,國立臺北商業大學會計資訊系(臺北校區),原校系/本校留任,4,"國立臺北商業大學財政稅務系(臺北校區)(備取); 國立雲林科技大學財務金融系(正取); 國立雲林科技大學會計系(備取); 國立臺北商業大學會計資訊系(臺北校區)(備取,分發)"
CAND_0742,113,ntub_tax,國立臺北商業大學,財政稅務系,國立臺北商業大學 財政稅務系,55090117,涂*淇,備取,國立臺北商業大學,國立臺北商業大學財政稅務系(臺北校區),原校系/本校留任,2,"國立臺北商業大學財政稅務系(臺北校區)(備取,分發); 國立臺北科技大學經營管理系(備取)"
CAND_0743,113,ntub_tax,國立臺北商業大學,財政稅務系,國立臺北商業大學 財政稅務系,57090381,袁*,備取,國立臺北商業大學,國立臺北商業大學財政稅務系(臺北校區),原校系/本校留任,2,"國立臺北商業大學財政稅務系(臺北校區)(備取,分發); 國立臺北商業大學資訊管理系(臺北校區)(通過)"
CAND_0744,113,ntub_tax,國立臺北商業大學,財政稅務系,國立臺北商業大學 財政稅務系,64090591,林*儷,備取,國立臺北商業大學,國立臺北商業大學財政稅務系(臺北校區),原校系/本校留任,3,"國立臺北商業大學財政稅務系(臺北校區)(備取,分發); 國立雲林科技大學財務金融系(備取); 國立雲林科技大學會計系(正取)"
CAND_0745,113,ntub_tax,國立臺北商業大學,財政稅務系,國立臺北商業大學 財政稅務系,68090594,*脩,備取,—,—,未分發或放棄,2,國立臺北商業大學財政稅務系(臺北校區)(備取); 國立臺北商業大學會計資訊系(臺北校區)(正取)
CAND_0746,113,ntub_tax,國立臺北商業大學,財政稅務系,國立臺北商業大學 財政稅務系,61091633,林*晴,備取,國立臺北商業大學,國立臺北商業大學財政稅務系(臺北校區),原校系/本校留任,1,"國立臺北商業大學財政稅務系(臺北校區)(備取,分發)"
CAND_0747,113,ntub_tax,國立臺北商業大學,財政稅務系,國立臺北商業大學 財政稅務系,59090049,陳*慈,備取,國立臺北商業大學,國立臺北商業大學國際商務系(臺北校區),原校系/本校留任,4,"國立臺北商業大學財政稅務系(臺北校區)(備取); 國立雲林科技大學國際管理學士學位學程(正取); 國立臺中科技大學國際貿易與經營系(通過); 國立臺北商業大學國際商務系(臺北校區)(正取,分發)"
CAND_0748,113,ntub_tax,國立臺北商業大學,財政稅務系,國立臺北商業大學 財政稅務系,59090094,楊*如,備取,國立雲林科技大學,國立雲林科技大學工業工程與管理系,其他學校錄取,4,"國立臺北商業大學財政稅務系(臺北校區)(備取); 國立雲林科技大學工業工程與管理系(正取,分發); 國立雲林科技大學財務金融系(備取); 國立高雄科技大學工業工程與管理系(通過)"
CAND_0749,113,ntub_tax,國立臺北商業大學,財政稅務系,國立臺北商業大學 財政稅務系,55090170,陳*,備取,國立臺北商業大學,國立臺北商業大學財政稅務系(臺北校區),原校系/本校留任,5,"國立臺北商業大學財政稅務系(臺北校區)(備取,分發); 國立高雄科技大學資訊管理系(正取); 國立高雄科技大學金融資訊系(正取); 國立臺北護理健康大學資訊管理系(正取); 國立臺北商業大學企業管理系(臺北校區)(備取)"
CAND_0750,113,ntub_tax,國立臺北商業大學,財政稅務系,國立臺北商業大學 財政稅務系,61090795,余*秤,備取,國立雲林科技大學,國立雲林科技大學會計系,其他學校錄取,4,"國立臺北商業大學財政稅務系(臺北校區)(備取); 國立雲林科技大學財務金融系(備取); 國立雲林科技大學會計系(備取,分發); 國立臺北商業大學會計資訊系(臺北校區)(備取)"
CAND_0751,113,ntub_tax,國立臺北商業大學,財政稅務系,國立臺北商業大學 財政稅務系,55090133,葉*佑,備取,國立臺北商業大學,國立臺北商業大學企業管理系(臺北校區),原校系/本校留任,3,"國立臺北商業大學財政稅務系(臺北校區)(備取); 國立雲林科技大學工業工程與管理系(正取); 國立臺北商業大學企業管理系(臺北校區)(備取,分發)"
CAND_0752,113,ntub_tax,國立臺北商業大學,財政稅務系,國立臺北商業大學 財政稅務系,61090865,*顥,備取,國立臺北商業大學,國立臺北商業大學財政稅務系(臺北校區),原校系/本校留任,2,"國立臺北商業大學財政稅務系(臺北校區)(備取,分發); 國立雲林科技大學財務金融系(通過)"
CAND_0753,113,ntub_tax,國立臺北商業大學,財政稅務系,國立臺北商業大學 財政稅務系,70090769,*翔,備取,國立臺北商業大學,國立臺北商業大學財政稅務系(臺北校區),原校系/本校留任,3,"國立臺北商業大學財政稅務系(臺北校區)(備取,分發); 國立雲林科技大學財務金融系(備取); 國立臺北商業大學企業管理系(臺北校區)(備取)"
CAND_0754,113,ntub_tax,國立臺北商業大學,財政稅務系,國立臺北商業大學 財政稅務系,58090333,黄*,備取,國立臺北商業大學,國立臺北商業大學財政稅務系(臺北校區),原校系/本校留任,3,"國立臺北商業大學財政稅務系(臺北校區)(備取,分發); 國立雲林科技大學財務金融系(備取); 國立臺北商業大學會計資訊系(臺北校區)(備取)"
CAND_0755,113,ntub_tax,國立臺北商業大學,財政稅務系,國立臺北商業大學 財政稅務系,61091699,*鈞,備取,國立臺北商業大學,國立臺北商業大學財政稅務系(臺北校區),原校系/本校留任,3,"國立臺北商業大學財政稅務系(臺北校區)(備取,分發); 國立雲林科技大學財務金融系(備取); 國立雲林科技大學會計系(備取)"
CAND_0756,113,ntub_tax,國立臺北商業大學,財政稅務系,國立臺北商業大學 財政稅務系,54090337,江*,備取,國立臺北商業大學,國立臺北商業大學資訊管理系(臺北校區),原校系/本校留任,4,"國立臺北商業大學財政稅務系(臺北校區)(備取); 國立雲林科技大學財務金融系(通過); 國立臺北商業大學資訊管理系(臺北校區)(正取,分發); 國立彰化師範大學財務金融技術學系(備取)"
CAND_0757,113,ntub_tax,國立臺北商業大學,財政稅務系,國立臺北商業大學 財政稅務系,58090105,連*淳,備取,國立臺北商業大學,國立臺北商業大學財政稅務系(臺北校區),原校系/本校留任,3,"國立臺北商業大學財政稅務系(臺北校區)(備取,分發); 國立臺中科技大學財務金融系(正取); 國立臺北商業大學企業管理系(臺北校區)(正取)"
CAND_0758,113,ntub_tax,國立臺北商業大學,財政稅務系,國立臺北商業大學 財政稅務系,68530052,車*,備取,國立雲林科技大學,國立雲林科技大學財務金融系,其他學校錄取,3,"國立臺北商業大學財政稅務系(臺北校區)(備取); 國立雲林科技大學財務金融系(備取,分發); 國立臺北商業大學資訊管理系(臺北校區)(正取)"
CAND_0759,113,ntub_tax,國立臺北商業大學,財政稅務系,國立臺北商業大學 財政稅務系,64090388,鄭*祐,備取,國立臺中科技大學,國立臺中科技大學財務金融系,其他學校錄取,4,"國立臺北商業大學財政稅務系(臺北校區)(備取); 國立雲林科技大學會計系(備取); 國立高雄科技大學金融資訊系(通過); 國立臺中科技大學財務金融系(正取,分發)"
CAND_0760,113,ntub_tax,國立臺北商業大學,財政稅務系,國立臺北商業大學 財政稅務系,56090436,F*玫,備取,國立臺北商業大學,國立臺北商業大學財政稅務系(臺北校區),原校系/本校留任,5,"國立臺北商業大學財政稅務系(臺北校區)(備取,分發); 國立高雄科技大學企業管理系(正取); 國立高雄科技大學行銷與流通管理系(正取); 國立臺中科技大學企業管理系(通過); 國立臺北商業大學企業管理系(臺北校區)(備取)"
CAND_0761,113,ntub_tax,國立臺北商業大學,財政稅務系,國立臺北商業大學 財政稅務系,52090713,何*易,備取,國立臺北商業大學,國立臺北商業大學財政稅務系(臺北校區),原校系/本校留任,3,"國立臺北商業大學財政稅務系(臺北校區)(備取,分發); 國立雲林科技大學財務金融系(通過); 國立臺北商業大學企業管理系(臺北校區)(備取)"
CAND_0762,113,ntub_tax,國立臺北商業大學,財政稅務系,國立臺北商業大學 財政稅務系,51090279,林*,備取,國立臺北商業大學,國立臺北商業大學財政稅務系(臺北校區),原校系/本校留任,6,"國立臺北商業大學財政稅務系(臺北校區)(備取,分發); 國立雲林科技大學財務金融系(通過); 國立雲林科技大學會計系(通過); 國立高雄科技大學會計資訊系(通過); 國立高雄科技大學金融資訊系(通過); 國立臺中科技大學財務金融系(通過)"
CAND_0763,113,ntub_tax,國立臺北商業大學,財政稅務系,國立臺北商業大學 財政稅務系,58090369,*奇,備取,國立臺北商業大學,國立臺北商業大學財政稅務系(臺北校區),原校系/本校留任,1,"國立臺北商業大學財政稅務系(臺北校區)(備取,分發)"
CAND_0764,113,ntub_tax,國立臺北商業大學,財政稅務系,國立臺北商業大學 財政稅務系,55090218,江*婷,備取,致理科技大學,致理科技大學會計資訊系,其他學校錄取,3,"國立臺北商業大學財政稅務系(臺北校區)(備取); 國立臺北護理健康大學生死與健康心理諮商系(通過); 致理科技大學會計資訊系(正取,分發)"
CAND_0765,113,ntub_tax,國立臺北商業大學,財政稅務系,國立臺北商業大學 財政稅務系,73090285,周*妤,備取,致理科技大學,致理科技大學財務金融系,其他學校錄取,2,"國立臺北商業大學財政稅務系(臺北校區)(備取); 致理科技大學財務金融系(正取,分發)"
CAND_0766,113,ntub_tax,國立臺北商業大學,財政稅務系,國立臺北商業大學 財政稅務系,76090016,*心,備取,國立臺北商業大學,國立臺北商業大學財政稅務系(臺北校區),原校系/本校留任,5,"國立臺北商業大學財政稅務系(臺北校區)(備取,分發); 國立雲林科技大學會計系(正取); 國立高雄科技大學會計資訊系(正取); 國立臺北商業大學會計資訊系(臺北校區)(備取); 國立彰化師範大學財務金融技術學系(備取)"
CAND_0767,113,ntub_tax,國立臺北商業大學,財政稅務系,國立臺北商業大學 財政稅務系,76090032,*柔,備取,國立高雄科技大學,國立高雄科技大學金融系,其他學校錄取,6,"國立臺北商業大學財政稅務系(臺北校區)(備取); 國立雲林科技大學財務金融系(備取); 國立高雄科技大學企業管理系(正取); 國立高雄科技大學金融系(備取,分發); 國立高雄科技大學財務管理系(備取); 國立臺北商業大學財務金融系(臺北校區)(備取)"
CAND_0768,113,ntub_tax,國立臺北商業大學,財政稅務系,國立臺北商業大學 財政稅務系,76090049,陳*佑,備取,國立臺北科技大學,國立臺北科技大學經營管理系,其他學校錄取,6,"國立臺北商業大學財政稅務系(臺北校區)(備取); 國立雲林科技大學企業管理系(備取); 國立雲林科技大學會計系(通過); 國立臺北科技大學經營管理系(備取,分發); 國立臺北商業大學會計資訊系(臺北校區)(備取); 國立臺北商業大學財務金融系(臺北校區)(備取)"
CAND_0769,113,ntub_tax,國立臺北商業大學,財政稅務系,國立臺北商業大學 財政稅務系,76090052,陳*,備取,國立高雄科技大學,國立高雄科技大學企業管理系,其他學校錄取,6,"國立臺北商業大學財政稅務系(臺北校區)(備取); 國立臺北科技大學經營管理系(通過); 國立高雄科技大學企業管理系(備取,分發); 國立高雄科技大學金融系(備取); 國立高雄科技大學金融資訊系(備取); 國立臺北商業大學財務金融系(臺北校區)(備取)"
CAND_0770,113,ntub_tax,國立臺北商業大學,財政稅務系,國立臺北商業大學 財政稅務系,77090011,李*女,備取,國立臺北商業大學,國立臺北商業大學企業管理系(臺北校區),原校系/本校留任,4,"國立臺北商業大學財政稅務系(臺北校區)(備取); 國立臺北商業大學企業管理系(臺北校區)(正取,分發); 國立金門大學企業管理學系(備取); 國立金門大學觀光管理學系(備取)"
CAND_0771,113,ntub_tax,國立臺北商業大學,財政稅務系,國立臺北商業大學 財政稅務系,77090010,陳*君,備取,國立臺中科技大學,國立臺中科技大學財務金融系,其他學校錄取,6,"國立臺北商業大學財政稅務系(臺北校區)(備取); 國立雲林科技大學財務金融系(通過); 國立臺中科技大學財務金融系(正取,分發); 國立臺北商業大學財務金融系(臺北校區)(正取); 國立臺北商業大學企業管理系(臺北校區)(備取); 國立金門大學企業管理學系(備取)"
CAND_0772,113,ntub_tax,國立臺北商業大學,財政稅務系,國立臺北商業大學 財政稅務系,77090004,李*純,備取,國立金門大學,國立金門大學企業管理學系,其他學校錄取,5,"國立臺北商業大學財政稅務系(臺北校區)(備取); 國立臺北科技大學經營管理系(備取); 國立臺北科技大學資訊與財金管理系(通過); 國立臺北商業大學財務金融系(臺北校區)(備取); 國立金門大學企業管理學系(正取,分發)"
CAND_0773,113,ntub_tax,國立臺北商業大學,財政稅務系,國立臺北商業大學 財政稅務系,77090021,葵*鴻,備取,國立臺北商業大學,國立臺北商業大學財務金融系(臺北校區),原校系/本校留任,6,"國立臺北商業大學財政稅務系(臺北校區)(備取); 國立臺北科技大學經營管理系(備取); 國立臺北科技大學資訊與財金管理系(通過); 國立臺中科技大學財務金融系(備取); 國立臺北商業大學財務金融系(臺北校區)(備取,分發); 國立臺北商業大學企業管理系(臺北校區)(備取)"
CAND_0774,113,ntub_tax,國立臺北商業大學,財政稅務系,國立臺北商業大學 財政稅務系,69530012,邱*庭,備取,國立臺北商業大學,國立臺北商業大學財政稅務系(臺北校區),原校系/本校留任,3,"國立臺北商業大學財政稅務系(臺北校區)(備取,分發); 國立雲林科技大學會計系(通過); 國立臺北商業大學會計資訊系(臺北校區)(備取)"
CAND_0775,113,ntub_tax,國立臺北商業大學,財政稅務系,國立臺北商業大學 財政稅務系,52090761,李*,備取,國立臺北商業大學,國立臺北商業大學財政稅務系(臺北校區),原校系/本校留任,5,"國立臺北商業大學財政稅務系(臺北校區)(備取,分發); 國立臺北科技大學資訊與財金管理系(通過); 國立高雄科技大學財政稅務系(通過); 國立臺中科技大學財政稅務系(通過); 國立臺北商業大學國際商務系(臺北校區)(正取)"
CAND_0776,113,ntub_tax,國立臺北商業大學,財政稅務系,國立臺北商業大學 財政稅務系,64090360,賴*洳,備取,國立雲林科技大學,國立雲林科技大學財務金融系,其他學校錄取,6,"國立臺北商業大學財政稅務系(臺北校區)(備取); 國立雲林科技大學財務金融系(備取,分發); 國立高雄科技大學資訊管理系(通過); 國立高雄科技大學會計資訊系(通過); 國立高雄科技大學金融資訊系(正取); 國立臺中科技大學財務金融系(通過)"
CAND_0777,113,ntub_tax,國立臺北商業大學,財政稅務系,國立臺北商業大學 財政稅務系,52090177,葵*頡,備取,國立臺北科技大學,國立臺北科技大學經營管理系,其他學校錄取,4,"國立臺北商業大學財政稅務系(臺北校區)(通過); 國立臺北科技大學經營管理系(正取,分發); 國立臺北商業大學會計資訊系(臺北校區)(通過); 國立臺北商業大學財務金融系(臺北校區)(備取)"
CAND_0778,113,ntub_tax,國立臺北商業大學,財政稅務系,國立臺北商業大學 財政稅務系,58090038,—,備取,—,—,未分發或放棄,2,國立臺北商業大學財政稅務系(臺北校區)(通過); 國立臺北商業大學資訊管理系(臺北校區)(通過)
CAND_0779,113,ntub_tax,國立臺北商業大學,財政稅務系,國立臺北商業大學 財政稅務系,59090008,徐*,備取,國立臺北商業大學,國立臺北商業大學會計資訊系(臺北校區),原校系/本校留任,4,"國立臺北商業大學財政稅務系(臺北校區)(通過); 國立雲林科技大學會計系(通過); 國立臺北商業大學會計資訊系(臺北校區)(備取,分發); 國立臺北商業大學國際商務系(臺北校區)(通過)"
CAND_0780,113,ntub_tax,國立臺北商業大學,財政稅務系,國立臺北商業大學 財政稅務系,59090125,張*祐,備取,國立臺北科技大學,國立臺北科技大學經營管理系,其他學校錄取,5,"國立臺北商業大學財政稅務系(臺北校區)(通過); 國立雲林科技大學資訊管理系(通過); 國立臺北科技大學工業工程與管理系(通過); 國立臺北科技大學經營管理系(正取,分發); 國立臺北商業大學資訊管理系(臺北校區)(通過)"
CAND_0781,113,ntub_tax,國立臺北商業大學,財政稅務系,國立臺北商業大學 財政稅務系,59090216,*淇,備取,國立臺北科技大學,國立臺北科技大學經營管理系,其他學校錄取,2,"國立臺北商業大學財政稅務系(臺北校區)(通過); 國立臺北科技大學經營管理系(備取,分發)"
CAND_0782,113,ntub_tax,國立臺北商業大學,財政稅務系,國立臺北商業大學 財政稅務系,61090613,楊*汝,備取,國立臺北科技大學,國立臺北科技大學經營管理系,其他學校錄取,4,"國立臺北商業大學財政稅務系(臺北校區)(通過); 國立臺灣科技大學企業管理系(備取); 國立臺北科技大學經營管理系(備取,分發); 國立臺北商業大學財務金融系(臺北校區)(通過)"
CAND_0783,113,ntub_tax,國立臺北商業大學,財政稅務系,國立臺北商業大學 財政稅務系,61090697,陳*瑄,備取,國立彰化師範大學,國立彰化師範大學財務金融技術學系,其他學校錄取,3,"國立臺北商業大學財政稅務系(臺北校區)(通過); 國立臺北商業大學會計資訊系(臺北校區)(正取); 國立彰化師範大學財務金融技術學系(正取,分發)"
CAND_0784,113,ntub_tax,國立臺北商業大學,財政稅務系,國立臺北商業大學 財政稅務系,61090709,*翊,備取,國立臺北商業大學,國立臺北商業大學會計資訊系(臺北校區),原校系/本校留任,4,"國立臺北商業大學財政稅務系(臺北校區)(通過); 國立雲林科技大學會計系(通過); 國立臺北商業大學會計資訊系(臺北校區)(正取,分發); 國立彰化師範大學財務金融技術學系(通過)"
CAND_0785,113,ntub_tax,國立臺北商業大學,財政稅務系,國立臺北商業大學 財政稅務系,61090721,陳*永,備取,國立臺北科技大學,國立臺北科技大學資訊與財金管理系,其他學校錄取,5,"國立臺北商業大學財政稅務系(臺北校區)(通過); 國立臺灣科技大學企業管理系(備取); 國立臺北科技大學資訊與財金管理系(備取,分發); 國立臺北商業大學會計資訊系(臺北校區)(備取); 國立彰化師範大學財務金融技術學系(通過)"
CAND_0786,113,ntub_tax,國立臺北商業大學,財政稅務系,國立臺北商業大學 財政稅務系,61090725,邱*,備取,國立臺北商業大學,國立臺北商業大學會計資訊系(臺北校區),原校系/本校留任,3,"國立臺北商業大學財政稅務系(臺北校區)(通過); 國立雲林科技大學會計系(通過); 國立臺北商業大學會計資訊系(臺北校區)(備取,分發)"
CAND_0787,113,ntub_tax,國立臺北商業大學,財政稅務系,國立臺北商業大學 財政稅務系,61091193,李*,備取,國立雲林科技大學,國立雲林科技大學會計系,其他學校錄取,4,"國立臺北商業大學財政稅務系(臺北校區)(通過); 國立雲林科技大學財務金融系(通過); 國立雲林科技大學會計系(正取,分發); 國立臺北商業大學會計資訊系(臺北校區)(備取)"
CAND_0788,113,ntub_tax,國立臺北商業大學,財政稅務系,國立臺北商業大學 財政稅務系,61091197,林*妤,備取,國立臺中科技大學,國立臺中科技大學財政稅務系,其他學校錄取,3,"國立臺北商業大學財政稅務系(臺北校區)(通過); 國立雲林科技大學會計系(通過); 國立臺中科技大學財政稅務系(正取,分發)"
CAND_0789,113,ntub_tax,國立臺北商業大學,財政稅務系,國立臺北商業大學 財政稅務系,61091241,郭*秀,備取,—,—,未分發或放棄,2,國立臺北商業大學財政稅務系(臺北校區)(通過); 國立臺北商業大學會計資訊系(臺北校區)(正取)
CAND_0790,113,ntub_tax,國立臺北商業大學,財政稅務系,國立臺北商業大學 財政稅務系,61091445,許*瑄,備取,—,—,未分發或放棄,2,國立臺北商業大學財政稅務系(臺北校區)(通過); 國立臺北商業大學數位多媒體設計系(桃園校區)(通過)
CAND_0791,113,ntub_tax,國立臺北商業大學,財政稅務系,國立臺北商業大學 財政稅務系,61091629,*瑄,備取,國立成功大學,國立成功大學會計學系,其他學校錄取,6,"國立臺北商業大學財政稅務系(臺北校區)(通過); 國立臺灣科技大學企業管理系(通過); 國立雲林科技大學財務金融系(通過); 國立雲林科技大學會計系(正取); 國立臺北商業大學會計資訊系(臺北校區)(通過); 國立成功大學會計學系(正取,分發)"
CAND_0792,113,ntub_tax,國立臺北商業大學,財政稅務系,國立臺北商業大學 財政稅務系,64090048,謝*,備取,—,—,未分發或放棄,2,國立臺北商業大學財政稅務系(臺北校區)(通過); 國立雲林科技大學財務金融系(通過)
CAND_0793,113,ntub_tax,國立臺北商業大學,財政稅務系,國立臺北商業大學 財政稅務系,64090051,黄*,備取,—,—,未分發或放棄,5,國立臺北商業大學財政稅務系(臺北校區)(通過); 國立雲林科技大學資訊管理系(通過); 國立雲林科技大學財務金融系(通過); 國立臺中科技大學財務金融系(通過); 國立彰化師範大學財務金融技術學系(通過)
CAND_0794,113,ntub_tax,國立臺北商業大學,財政稅務系,國立臺北商業大學 財政稅務系,64090344,張*𡤃,正取,國立臺北商業大學,國立臺北商業大學財務金融系(臺北校區),原校系/本校留任,4,"國立臺北商業大學財政稅務系(臺北校區)(通過); 國立雲林科技大學會計系(通過); 國立臺北商業大學財務金融系(臺北校區)(正取,分發); 國立彰化師範大學財務金融技術學系(通過)"
CAND_0795,113,ntub_tax,國立臺北商業大學,財政稅務系,國立臺北商業大學 財政稅務系,65090017,林*筑,備取,國立臺北商業大學,國立臺北商業大學財務金融系(臺北校區),原校系/本校留任,6,"國立臺北商業大學財政稅務系(臺北校區)(通過); 國立雲林科技大學企業管理系(通過); 國立雲林科技大學財務金融系(通過); 國立高雄科技大學風險管理與保險系(通過); 國立高雄科技大學財政稅務系(通過); 國立臺北商業大學財務金融系(臺北校區)(備取,分發)"
CAND_0796,113,ntub_tax,國立臺北商業大學,財政稅務系,國立臺北商業大學 財政稅務系,65090034,黄*瑄,備取,—,—,未分發或放棄,6,國立臺北商業大學財政稅務系(臺北校區)(通過); 國立雲林科技大學財務金融系(備取); 國立雲林科技大學國際管理學士學位學程(通過); 國立臺北科技大學經營管理系(通過); 國立高雄科技大學金融系(通過); 國立高雄科技大學財務管理系(通過)
CAND_0797,113,ntub_tax,國立臺北商業大學,財政稅務系,國立臺北商業大學 財政稅務系,65090065,*盈,備取,—,—,未分發或放棄,5,國立臺北商業大學財政稅務系(臺北校區)(通過); 國立雲林科技大學工業工程與管理系(通過); 國立雲林科技大學會計系(通過); 國立高雄科技大學工業工程與管理系(通過); 國立臺北商業大學企業管理系(臺北校區)(通過)
CAND_0798,113,ntub_tax,國立臺北商業大學,財政稅務系,國立臺北商業大學 財政稅務系,68090117,林*靄,正取,國立臺灣科技大學,國立臺灣科技大學企業管理系,其他學校錄取,5,"國立臺北商業大學財政稅務系(臺北校區)(通過); 國立臺灣科技大學企業管理系(正取,分發); 國立臺北科技大學資訊與財金管理系(通過); 國立臺北商業大學財務金融系(臺北校區)(正取); 國立臺北商業大學國際商務系(臺北校區)(通過)"
CAND_0799,113,ntub_tax,國立臺北商業大學,財政稅務系,國立臺北商業大學 財政稅務系,68090125,陳*瑜,備取,國立臺北商業大學,國立臺北商業大學會計資訊系(臺北校區),原校系/本校留任,5,"國立臺北商業大學財政稅務系(臺北校區)(通過); 國立雲林科技大學財務金融系(通過); 國立雲林科技大學會計系(正取); 國立高雄科技大學會計資訊系(通過); 國立臺北商業大學會計資訊系(臺北校區)(備取,分發)"
CAND_0800,113,ntub_tax,國立臺北商業大學,財政稅務系,國立臺北商業大學 財政稅務系,70090042,葵*羽,備取,國立雲林科技大學,國立雲林科技大學會計系,其他學校錄取,4,"國立臺北商業大學財政稅務系(臺北校區)(通過); 國立雲林科技大學財務金融系(通過); 國立雲林科技大學會計系(正取,分發); 國立臺北商業大學會計資訊系(臺北校區)(通過)"
CAND_0801,113,ntub_tax,國立臺北商業大學,財政稅務系,國立臺北商業大學 財政稅務系,70090121,林*恩,備取,—,—,未分發或放棄,2,國立臺北商業大學財政稅務系(臺北校區)(通過); 國立雲林科技大學財務金融系(通過)
CAND_0802,113,ntub_tax,國立臺北商業大學,財政稅務系,國立臺北商業大學 財政稅務系,76090044,陳*智,備取,—,—,未分發或放棄,6,國立臺北商業大學財政稅務系(臺北校區)(通過); 國立臺灣科技大學企業管理系(通過); 國立臺北科技大學經營管理系(通過); 國立高雄科技大學金融系(通過); 國立臺北商業大學財務金融系(臺北校區)(備取); 國立臺北商業大學國際商務系(臺北校區)(通過)
CAND_0803,113,ntub_tax,國立臺北商業大學,財政稅務系,國立臺北商業大學 財政稅務系,77090013,鄭*,備取,國立臺中科技大學,國立臺中科技大學休閒事業經營系,其他學校錄取,5,"國立臺北商業大學財政稅務系(臺北校區)(通過); 國立勤益科技大學企業管理系(備取); 國立臺中科技大學休閒事業經營系(正取,分發); 國立臺北商業大學財務金融系(臺北校區)(通過); 國立金門大學觀光管理學系(備取)"
CAND_0804,115,nkust_tax,國立高雄科技大學,財政稅務系,國立高雄科技大學 財政稅務系,69090076,顏*妤,正取,國立雲林科技大學,國立雲林科技大學會計系,其他學校錄取,6,"國立高雄科技大學財政稅務系(正取); 國立雲林科技大學會計系(正取,分發); 國立臺北科技大學經營管理系(備取); 國立臺中科技大學財政稅務系(正取); 國立臺北商業大學財政稅務系(臺北校區)(備取); 國立臺北商業大學企業管理系(臺北校區)(正取)"
CAND_0805,115,nkust_tax,國立高雄科技大學,財政稅務系,國立高雄科技大學 財政稅務系,59090252,黄*瑄,正取,國立高雄科技大學,國立高雄科技大學金融系,原校系/本校留任,3,"國立高雄科技大學財政稅務系(正取); 國立高雄科技大學資訊管理系(通過); 國立高雄科技大學金融系(備取,分發)"
CAND_0806,115,nkust_tax,國立高雄科技大學,財政稅務系,國立高雄科技大學 財政稅務系,61091158,宋*庭,正取,國立高雄科技大學,國立高雄科技大學財政稅務系,原校系/本校留任,4,"國立高雄科技大學財政稅務系(正取,分發); 國立高雄科技大學金融系(備取); 國立虎尾科技大學企業管理系(正取); 國立虎尾科技大學財務金融系(正取)"
CAND_0807,115,nkust_tax,國立高雄科技大學,財政稅務系,國立高雄科技大學 財政稅務系,68090478,*晴,正取,—,—,未分發或放棄,1,國立高雄科技大學財政稅務系(正取)
CAND_0808,115,nkust_tax,國立高雄科技大學,財政稅務系,國立高雄科技大學 財政稅務系,70090017,蘇*,正取,國立高雄科技大學,國立高雄科技大學財政稅務系,原校系/本校留任,2,"國立高雄科技大學財政稅務系(正取,分發); 國立臺中科技大學財政稅務系(正取)"
CAND_0809,115,nkust_tax,國立高雄科技大學,財政稅務系,國立高雄科技大學 財政稅務系,70090813,楊*淇,正取,國立臺中科技大學,國立臺中科技大學會計資訊系,其他學校錄取,3,"國立高雄科技大學財政稅務系(正取); 國立高雄科技大學會計資訊系(正取); 國立臺中科技大學會計資訊系(正取,分發)"
CAND_0810,115,nkust_tax,國立高雄科技大學,財政稅務系,國立高雄科技大學 財政稅務系,70090704,維*,正取,國立雲林科技大學,國立雲林科技大學會計系,其他學校錄取,3,"國立高雄科技大學財政稅務系(正取); 國立雲林科技大學會計系(備取,分發); 國立高雄科技大學會計資訊系(正取)"
CAND_0811,115,nkust_tax,國立高雄科技大學,財政稅務系,國立高雄科技大學 財政稅務系,57090653,歐*永,正取,中原大學,中原大學會計學系,其他學校錄取,4,"國立高雄科技大學財政稅務系(正取); 國立高雄科技大學人力資源發展系(通過); 國立高雄科技大學會計資訊系(通過); 中原大學會計學系(備取,分發)"
CAND_0812,115,nkust_tax,國立高雄科技大學,財政稅務系,國立高雄科技大學 財政稅務系,51090038,康*齊,正取,國立高雄科技大學,國立高雄科技大學財政稅務系,原校系/本校留任,1,"國立高雄科技大學財政稅務系(正取,分發)"
CAND_0813,115,nkust_tax,國立高雄科技大學,財政稅務系,國立高雄科技大學 財政稅務系,61090130,張*茗,正取,國立高雄科技大學,國立高雄科技大學國際企業系,原校系/本校留任,4,"國立高雄科技大學財政稅務系(正取); 國立高雄科技大學國際企業系(正取,分發); 國立高雄科技大學金融系(正取); 國立臺中科技大學國際貿易與經營系(正取)"
CAND_0814,115,nkust_tax,國立高雄科技大學,財政稅務系,國立高雄科技大學 財政稅務系,61090861,林*青,正取,國立臺北商業大學,國立臺北商業大學商業設計管理系(桃園校區),其他學校錄取,4,"國立高雄科技大學財政稅務系(正取); 國立高雄科技大學人力資源發展系(正取); 國立臺北商業大學商業設計管理系(桃園校區)(正取,分發); 國立臺北商業大學數位多媒體設計系(桃園校區)(正取)"
CAND_0815,115,nkust_tax,國立高雄科技大學,財政稅務系,國立高雄科技大學 財政稅務系,61090645,*恩,正取,國立高雄科技大學,國立高雄科技大學財政稅務系,原校系/本校留任,1,"國立高雄科技大學財政稅務系(正取,分發)"
CAND_0816,115,nkust_tax,國立高雄科技大學,財政稅務系,國立高雄科技大學 財政稅務系,61090701,郭*,正取,國立高雄科技大學,國立高雄科技大學財政稅務系,原校系/本校留任,2,"國立高雄科技大學財政稅務系(正取,分發); 國立高雄科技大學會計資訊系(正取)"
CAND_0817,115,nkust_tax,國立高雄科技大學,財政稅務系,國立高雄科技大學 財政稅務系,51090018,徐*軒,正取,中原大學,中原大學國際經營與貿易學系,其他學校錄取,3,"國立高雄科技大學財政稅務系(正取); 國立臺中科技大學財政稅務系(正取); 中原大學國際經營與貿易學系(正取,分發)"
CAND_0818,115,nkust_tax,國立高雄科技大學,財政稅務系,國立高雄科技大學 財政稅務系,57090363,吳*么,正取,國立高雄科技大學,國立高雄科技大學金融系,原校系/本校留任,5,"國立高雄科技大學財政稅務系(正取); 國立高雄科技大學金融系(備取,分發); 國立虎尾科技大學財務金融系(通過); 國立臺中科技大學國際貿易與經營系(通過); 國立宜蘭大學應用經濟與管理學系(通過)"
CAND_0819,115,nkust_tax,國立高雄科技大學,財政稅務系,國立高雄科技大學 財政稅務系,67090098,吳*,正取,國立高雄科技大學,國立高雄科技大學財務管理系,原校系/本校留任,5,"國立高雄科技大學財政稅務系(正取); 國立高雄科技大學財務管理系(正取,分發); 國立高雄科技大學會計資訊系(正取); 國立臺中科技大學財政稅務系(正取); 國立屏東大學財務金融學系(通過)"
CAND_0820,115,nkust_tax,國立高雄科技大學,財政稅務系,國立高雄科技大學 財政稅務系,61090713,*妤,正取,國立高雄科技大學,國立高雄科技大學財政稅務系,原校系/本校留任,3,"國立高雄科技大學財政稅務系(正取,分發); 國立高雄科技大學會計資訊系(正取); 國立臺中科技大學財政稅務系(通過)"
CAND_0821,115,nkust_tax,國立高雄科技大學,財政稅務系,國立高雄科技大學 財政稅務系,61090261,翁*,正取,國立高雄科技大學,國立高雄科技大學財政稅務系,原校系/本校留任,6,"國立高雄科技大學財政稅務系(正取,分發); 國立屏東科技大學企業管理系(通過); 國立高雄科技大學行銷與流通管理系(通過); 國立高雄科技大學會計資訊系(通過); 國立臺中科技大學財政稅務系(通過); 國立屏東大學會計學系(通過)"
CAND_0822,115,nkust_tax,國立高雄科技大學,財政稅務系,國立高雄科技大學 財政稅務系,61090165,賴*,正取,國立高雄科技大學,國立高雄科技大學金融系,原校系/本校留任,3,"國立高雄科技大學財政稅務系(正取); 國立高雄科技大學運籌管理系(通過); 國立高雄科技大學金融系(備取,分發)"
CAND_0823,115,nkust_tax,國立高雄科技大學,財政稅務系,國立高雄科技大學 財政稅務系,70090781,葵*哈,正取,國立高雄科技大學,國立高雄科技大學財政稅務系,原校系/本校留任,3,"國立高雄科技大學財政稅務系(正取,分發); 國立高雄科技大學文化創意產業系(正取); 國立屏東大學財務金融學系(通過)"
CAND_0824,115,nkust_tax,國立高雄科技大學,財政稅務系,國立高雄科技大學 財政稅務系,64090581,—,正取,國立雲林科技大學,國立雲林科技大學企業管理系,其他學校錄取,3,"國立高雄科技大學財政稅務系(正取); 國立雲林科技大學企業管理系(備取,分發); 國立臺中科技大學財務金融系(正取)"
CAND_0825,115,nkust_tax,國立高雄科技大學,財政稅務系,國立高雄科技大學 財政稅務系,55090242,*婷,正取,國立臺中科技大學,國立臺中科技大學資訊管理系,其他學校錄取,5,"國立高雄科技大學財政稅務系(正取); 國立高雄科技大學資訊管理系(備取); 國立虎尾科技大學財務金融系(通過); 國立臺中科技大學資訊管理系(正取,分發); 銘傳大學國際企業學系(台北校區)(通過)"
CAND_0826,115,nkust_tax,國立高雄科技大學,財政稅務系,國立高雄科技大學 財政稅務系,63090209,*溎,正取,國立臺中科技大學,國立臺中科技大學會計資訊系,其他學校錄取,6,"國立高雄科技大學財政稅務系(正取); 國立雲林科技大學會計系(備取); 國立高雄科技大學會計資訊系(備取); 國立虎尾科技大學財務金融系(通過); 國立臺中科技大學會計資訊系(正取,分發); 逢甲大學會計學系(正取)"
CAND_0827,115,nkust_tax,國立高雄科技大學,財政稅務系,國立高雄科技大學 財政稅務系,68530085,柯*丞,正取,國立雲林科技大學,國立雲林科技大學會計系,其他學校錄取,5,"國立高雄科技大學財政稅務系(正取); 國立雲林科技大學工業工程與管理系(備取); 國立雲林科技大學會計系(備取,分發); 國立高雄科技大學智慧商務系(正取); 國立臺北商業大學企業管理系(臺北校區)(備取)"
CAND_0828,115,nkust_tax,國立高雄科技大學,財政稅務系,國立高雄科技大學 財政稅務系,68090038,張*柔,正取,國立虎尾科技大學,國立虎尾科技大學財務金融系,其他學校錄取,5,"國立高雄科技大學財政稅務系(正取); 國立高雄科技大學金融系(備取); 國立高雄科技大學會計資訊系(備取); 國立虎尾科技大學企業管理系(正取); 國立虎尾科技大學財務金融系(正取,分發)"
CAND_0829,115,nkust_tax,國立高雄科技大學,財政稅務系,國立高雄科技大學 財政稅務系,65090366,趙*,正取,國立高雄科技大學,國立高雄科技大學財政稅務系,原校系/本校留任,5,"國立高雄科技大學財政稅務系(正取,分發); 國立高雄科技大學會計資訊系(備取); 國立虎尾科技大學工業管理系(通過); 國立虎尾科技大學財務金融系(通過); 國立臺中科技大學會計資訊系(通過)"
CAND_0830,115,nkust_tax,國立高雄科技大學,財政稅務系,國立高雄科技大學 財政稅務系,70090650,柴*真,正取,國立高雄科技大學,國立高雄科技大學財政稅務系,原校系/本校留任,3,"國立高雄科技大學財政稅務系(正取,分發); 國立高雄科技大學運籌管理系(通過); 國立高雄科技大學行銷與流通管理系(通過)"
CAND_0831,115,nkust_tax,國立高雄科技大學,財政稅務系,國立高雄科技大學 財政稅務系,61090665,顏*,正取,逢甲大學,逢甲大學財稅學系,其他學校錄取,4,"國立高雄科技大學財政稅務系(正取); 國立高雄科技大學會計資訊系(正取); 國立臺中科技大學財政稅務系(正取); 逢甲大學財稅學系(正取,分發)"
CAND_0832,115,nkust_tax,國立高雄科技大學,財政稅務系,國立高雄科技大學 財政稅務系,61090490,賴*,正取,國立高雄科技大學,國立高雄科技大學航運管理系,原校系/本校留任,4,"國立高雄科技大學財政稅務系(正取); 國立高雄科技大學人力資源發展系(通過); 國立高雄科技大學航運管理系(備取,分發); 國立臺中科技大學財政稅務系(通過)"
CAND_0833,115,nkust_tax,國立高雄科技大學,財政稅務系,國立高雄科技大學 財政稅務系,67090302,林*純,正取,國立臺中科技大學,國立臺中科技大學財政稅務系,其他學校錄取,6,"國立高雄科技大學財政稅務系(正取); 國立高雄科技大學行銷與流通管理系(通過); 國立高雄科技大學會計資訊系(正取); 國立勤益科技大學人工智慧應用工程系(通過); 國立臺中科技大學財政稅務系(正取,分發); 國立臺北商業大學財政稅務系(臺北校區)(通過)"
CAND_0834,115,nkust_tax,國立高雄科技大學,財政稅務系,國立高雄科技大學 財政稅務系,70090869,F*,備取,國立高雄科技大學,國立高雄科技大學金融系,原校系/本校留任,4,"國立高雄科技大學財政稅務系(備取); 國立高雄科技大學金融系(備取,分發); 國立高雄科技大學金融資訊系(正取); 國立臺中科技大學財務金融系(通過)"
CAND_0835,115,nkust_tax,國立高雄科技大學,財政稅務系,國立高雄科技大學 財政稅務系,52090466,鄭*,備取,國立臺中科技大學,國立臺中科技大學財政稅務系,其他學校錄取,4,"國立高雄科技大學財政稅務系(備取); 國立高雄科技大學金融系(備取); 國立虎尾科技大學工業管理系(通過); 國立臺中科技大學財政稅務系(備取,分發)"
CAND_0836,115,nkust_tax,國立高雄科技大學,財政稅務系,國立高雄科技大學 財政稅務系,64090540,李*,備取,國立高雄科技大學,國立高雄科技大學會計資訊系,原校系/本校留任,2,"國立高雄科技大學財政稅務系(備取); 國立高雄科技大學會計資訊系(正取,分發)"
CAND_0837,115,nkust_tax,國立高雄科技大學,財政稅務系,國立高雄科技大學 財政稅務系,65090300,*茜,備取,國立高雄科技大學,國立高雄科技大學會計資訊系,原校系/本校留任,4,"國立高雄科技大學財政稅務系(備取); 國立高雄科技大學會計資訊系(備取,分發); 國立虎尾科技大學財務金融系(通過); 國立臺中科技大學國際貿易與經營系(通過)"
CAND_0838,115,nkust_tax,國立高雄科技大學,財政稅務系,國立高雄科技大學 財政稅務系,57090211,郭*,備取,國立高雄科技大學,國立高雄科技大學財政稅務系,原校系/本校留任,2,"國立高雄科技大學財政稅務系(備取,分發); 國立高雄科技大學資訊管理系(備取)"
CAND_0839,115,nkust_tax,國立高雄科技大學,財政稅務系,國立高雄科技大學 財政稅務系,70090885,陳*女,備取,國立高雄科技大學,國立高雄科技大學財政稅務系,原校系/本校留任,4,"國立高雄科技大學財政稅務系(備取,分發); 國立臺中科技大學國際貿易與經營系(通過); 國立屏東大學國際經營與貿易學系(通過); 國立屏東大學財務金融學系(正取)"
CAND_0840,115,nkust_tax,國立高雄科技大學,財政稅務系,國立高雄科技大學 財政稅務系,68090404,鄭*瑄,備取,國立高雄科技大學,國立高雄科技大學財政稅務系,原校系/本校留任,1,"國立高雄科技大學財政稅務系(備取,分發)"
CAND_0841,115,nkust_tax,國立高雄科技大學,財政稅務系,國立高雄科技大學 財政稅務系,68530071,陳*永,備取,國立高雄科技大學,國立高雄科技大學財政稅務系,原校系/本校留任,5,"國立高雄科技大學財政稅務系(備取,分發); 國立高雄科技大學金融系(備取); 國立高雄科技大學智慧商務系(通過); 國立虎尾科技大學企業管理系(通過); 國立虎尾科技大學財務金融系(正取)"
CAND_0842,115,nkust_tax,國立高雄科技大學,財政稅務系,國立高雄科技大學 財政稅務系,64090490,李*祐,備取,—,—,未分發或放棄,1,國立高雄科技大學財政稅務系(備取)
CAND_0843,115,nkust_tax,國立高雄科技大學,財政稅務系,國立高雄科技大學 財政稅務系,61090518,張*妡,備取,逢甲大學,逢甲大學會計學系,其他學校錄取,4,"國立高雄科技大學財政稅務系(備取); 國立高雄科技大學會計資訊系(備取); 國立臺中科技大學財政稅務系(備取); 逢甲大學會計學系(備取,分發)"
CAND_0844,115,nkust_tax,國立高雄科技大學,財政稅務系,國立高雄科技大學 財政稅務系,57091047,維*銓,備取,國立臺中科技大學,國立臺中科技大學財政稅務系,其他學校錄取,3,"國立高雄科技大學財政稅務系(備取); 國立高雄科技大學金融系(備取); 國立臺中科技大學財政稅務系(正取,分發)"
CAND_0845,115,nkust_tax,國立高雄科技大學,財政稅務系,國立高雄科技大學 財政稅務系,61090514,林*融,備取,國立臺中科技大學,國立臺中科技大學財政稅務系,其他學校錄取,5,"國立高雄科技大學財政稅務系(備取); 國立高雄科技大學會計資訊系(通過); 國立虎尾科技大學工業管理系(通過); 國立高雄餐旅大學航空暨運輸服務管理系(通過); 國立臺中科技大學財政稅務系(正取,分發)"
CAND_0846,115,nkust_tax,國立高雄科技大學,財政稅務系,國立高雄科技大學 財政稅務系,70090886,維*,備取,國立高雄科技大學,國立高雄科技大學財政稅務系,原校系/本校留任,6,"國立高雄科技大學財政稅務系(備取,分發); 國立雲林科技大學企業管理系(正取); 國立高雄科技大學運籌管理系(通過); 國立高雄科技大學金融系(備取); 國立勤益科技大學工業工程與管理系(通過); 國立臺中科技大學財政稅務系(正取)"
CAND_0847,115,nkust_tax,國立高雄科技大學,財政稅務系,國立高雄科技大學 財政稅務系,55090151,—,備取,國立高雄科技大學,國立高雄科技大學財務管理系,原校系/本校留任,6,"國立高雄科技大學財政稅務系(備取); 國立高雄科技大學財務管理系(正取,分發); 國立虎尾科技大學企業管理系(備取); 國立勤益科技大學企業管理系(通過); 國立臺中科技大學財政稅務系(通過); 中原大學會計學系(通過)"
CAND_0848,115,nkust_tax,國立高雄科技大學,財政稅務系,國立高雄科技大學 財政稅務系,52090252,—,備取,—,—,未分發或放棄,4,國立高雄科技大學財政稅務系(通過); 國立高雄科技大學會計資訊系(通過); 國立臺北護理健康大學生死與健康心理諮商系(通過); 國立臺中科技大學會計資訊系(通過)
CAND_0849,115,nkust_tax,國立高雄科技大學,財政稅務系,國立高雄科技大學 財政稅務系,52090358,徐*真,備取,銘傳大學,銘傳大學會計學系(台北校區),其他學校錄取,4,"國立高雄科技大學財政稅務系(通過); 國立臺中科技大學財政稅務系(通過); 逢甲大學財稅學系(通過); 銘傳大學會計學系(台北校區)(正取,分發)"
CAND_0850,115,nkust_tax,國立高雄科技大學,財政稅務系,國立高雄科技大學 財政稅務系,52090482,葉*均,備取,—,—,未分發或放棄,2,國立高雄科技大學財政稅務系(通過); 國立臺中科技大學國際貿易與經營系(通過)
CAND_0851,115,nkust_tax,國立高雄科技大學,財政稅務系,國立高雄科技大學 財政稅務系,53090070,*女,備取,—,—,未分發或放棄,3,國立高雄科技大學財政稅務系(通過); 國立臺中科技大學財務金融系(通過); 國立臺北商業大學國際商務系(臺北校區)(備取)
CAND_0852,115,nkust_tax,國立高雄科技大學,財政稅務系,國立高雄科技大學 財政稅務系,55090448,林*槿,備取,國立臺北商業大學,國立臺北商業大學財政稅務系(臺北校區),其他學校錄取,4,"國立高雄科技大學財政稅務系(通過); 國立高雄科技大學會計資訊系(通過); 國立臺中科技大學會計資訊系(正取); 國立臺北商業大學財政稅務系(臺北校區)(備取,分發)"
CAND_0853,115,nkust_tax,國立高雄科技大學,財政稅務系,國立高雄科技大學 財政稅務系,56090015,吳*羽,備取,國立高雄科技大學,國立高雄科技大學行銷與流通管理系,原校系/本校留任,6,"國立高雄科技大學財政稅務系(通過); 國立高雄科技大學行銷與流通管理系(備取,分發); 國立高雄科技大學會計資訊系(正取); 國立虎尾科技大學企業管理系(通過); 國立勤益科技大學行銷與流通管理系(正取); 國立臺中科技大學財政稅務系(通過)"
CAND_0854,115,nkust_tax,國立高雄科技大學,財政稅務系,國立高雄科技大學 財政稅務系,57090197,彭*偉,備取,—,—,未分發或放棄,3,國立高雄科技大學財政稅務系(通過); 國立臺中科技大學國際貿易與經營系(通過); 中原大學國際經營與貿易學系(通過)
CAND_0855,115,nkust_tax,國立高雄科技大學,財政稅務系,國立高雄科技大學 財政稅務系,57090269,黄*,備取,國立臺北商業大學,國立臺北商業大學財政稅務系(臺北校區),其他學校錄取,4,"國立高雄科技大學財政稅務系(通過); 國立高雄科技大學金融系(通過); 國立臺北商業大學財政稅務系(臺北校區)(備取,分發); 國立彰化師範大學財務金融技術學系(備取)"
CAND_0856,115,nkust_tax,國立高雄科技大學,財政稅務系,國立高雄科技大學 財政稅務系,57090327,陳*永,備取,國立高雄科技大學,國立高雄科技大學金融系,原校系/本校留任,6,"國立高雄科技大學財政稅務系(通過); 國立雲林科技大學財務金融系(正取); 國立高雄科技大學金融系(正取,分發); 國立高雄科技大學財務管理系(通過); 國立臺中科技大學財務金融系(正取); 逢甲大學財稅學系(通過)"
CAND_0857,115,nkust_tax,國立高雄科技大學,財政稅務系,國立高雄科技大學 財政稅務系,57090341,高*,備取,—,—,未分發或放棄,2,國立高雄科技大學財政稅務系(通過); 國立高雄科技大學金融系(備取)
CAND_0858,115,nkust_tax,國立高雄科技大學,財政稅務系,國立高雄科技大學 財政稅務系,57090426,游*永,備取,—,—,未分發或放棄,4,國立高雄科技大學財政稅務系(通過); 國立雲林科技大學企業管理系(通過); 國立高雄科技大學風險管理與保險系(通過); 國立高雄科技大學金融系(備取)
CAND_0859,115,nkust_tax,國立高雄科技大學,財政稅務系,國立高雄科技大學 財政稅務系,57090474,管*慈,備取,國立高雄科技大學,國立高雄科技大學金融系,原校系/本校留任,3,"國立高雄科技大學財政稅務系(通過); 國立高雄科技大學金融系(正取,分發); 國立臺中科技大學財政稅務系(通過)"
CAND_0860,115,nkust_tax,國立高雄科技大學,財政稅務系,國立高雄科技大學 財政稅務系,57090580,*延,備取,國立臺中科技大學,國立臺中科技大學會計資訊系,其他學校錄取,4,"國立高雄科技大學財政稅務系(通過); 國立高雄科技大學會計資訊系(備取); 國立臺中科技大學會計資訊系(正取,分發); 逢甲大學會計學系(正取)"
CAND_0861,115,nkust_tax,國立高雄科技大學,財政稅務系,國立高雄科技大學 財政稅務系,58090545,吳*,備取,國立臺中科技大學,國立臺中科技大學財政稅務系,其他學校錄取,2,"國立高雄科技大學財政稅務系(通過); 國立臺中科技大學財政稅務系(正取,分發)"
CAND_0862,115,nkust_tax,國立高雄科技大學,財政稅務系,國立高雄科技大學 財政稅務系,58090551,葉*,備取,—,—,未分發或放棄,2,國立高雄科技大學財政稅務系(通過); 中原大學會計學系(備取)
CAND_0863,115,nkust_tax,國立高雄科技大學,財政稅務系,國立高雄科技大學 財政稅務系,59090163,游*,備取,國立臺中科技大學,國立臺中科技大學財政稅務系,其他學校錄取,2,"國立高雄科技大學財政稅務系(通過); 國立臺中科技大學財政稅務系(正取,分發)"
CAND_0864,115,nkust_tax,國立高雄科技大學,財政稅務系,國立高雄科技大學 財政稅務系,60090072,葵*珈,備取,—,—,未分發或放棄,5,國立高雄科技大學財政稅務系(通過); 國立高雄科技大學企業管理系(通過); 國立高雄科技大學會計資訊系(通過); 國立勤益科技大學企業管理系(通過); 中原大學會計學系(通過)
CAND_0865,115,nkust_tax,國立高雄科技大學,財政稅務系,國立高雄科技大學 財政稅務系,61090126,—,備取,—,—,未分發或放棄,3,國立高雄科技大學財政稅務系(通過); 國立虎尾科技大學財務金融系(通過); 國立臺中科技大學財務金融系(通過)
CAND_0866,115,nkust_tax,國立高雄科技大學,財政稅務系,國立高雄科技大學 財政稅務系,61090202,胡*祐,備取,國立臺中科技大學,國立臺中科技大學會計資訊系,其他學校錄取,4,"國立高雄科技大學財政稅務系(通過); 國立雲林科技大學會計系(通過); 國立高雄科技大學會計資訊系(通過); 國立臺中科技大學會計資訊系(正取,分發)"
CAND_0867,115,nkust_tax,國立高雄科技大學,財政稅務系,國立高雄科技大學 財政稅務系,61090282,*婷,備取,—,—,未分發或放棄,3,國立高雄科技大學財政稅務系(通過); 國立高雄科技大學國際企業系(通過); 國立虎尾科技大學財務金融系(通過)
CAND_0868,115,nkust_tax,國立高雄科技大學,財政稅務系,國立高雄科技大學 財政稅務系,61090294,魏*玲,備取,—,—,未分發或放棄,4,國立高雄科技大學財政稅務系(通過); 國立高雄科技大學智慧商務系(通過); 國立虎尾科技大學財務金融系(通過); 國立臺中科技大學國際貿易與經營系(通過)
CAND_0869,115,nkust_tax,國立高雄科技大學,財政稅務系,國立高雄科技大學 財政稅務系,61090313,女*,備取,逢甲大學,逢甲大學財稅學系,其他學校錄取,6,"國立高雄科技大學財政稅務系(通過); 國立雲林科技大學工業工程與管理系(正取); 國立臺中科技大學財政稅務系(通過); 國立臺北商業大學財政稅務系(臺北校區)(備取); 逢甲大學財稅學系(正取,分發); 逢甲大學風險管理與保險學系(通過)"
CAND_0870,115,nkust_tax,國立高雄科技大學,財政稅務系,國立高雄科技大學 財政稅務系,61090337,*岑,備取,國立雲林科技大學,國立雲林科技大學工業工程與管理系,其他學校錄取,4,"國立高雄科技大學財政稅務系(通過); 國立雲林科技大學工業工程與管理系(正取,分發); 國立雲林科技大學會計系(正取); 國立臺北商業大學商業設計管理系(桃園校區)(通過)"
CAND_0871,115,nkust_tax,國立高雄科技大學,財政稅務系,國立高雄科技大學 財政稅務系,61090365,謝*臻,備取,國立雲林科技大學,國立雲林科技大學會計系,其他學校錄取,3,"國立高雄科技大學財政稅務系(通過); 國立雲林科技大學會計系(正取,分發); 國立臺北商業大學財政稅務系(臺北校區)(通過)"
CAND_0872,115,nkust_tax,國立高雄科技大學,財政稅務系,國立高雄科技大學 財政稅務系,61091022,*筑,備取,逢甲大學,逢甲大學會計學系,其他學校錄取,6,"國立高雄科技大學財政稅務系(通過); 國立雲林科技大學會計系(備取); 國立臺中科技大學財政稅務系(正取); 國立臺北商業大學財政稅務系(臺北校區)(備取); 逢甲大學會計學系(正取,分發); 逢甲大學財稅學系(通過)"
CAND_0873,115,nkust_tax,國立高雄科技大學,財政稅務系,國立高雄科技大學 財政稅務系,64090044,蕭*,備取,國立臺中科技大學,國立臺中科技大學財政稅務系,其他學校錄取,3,"國立高雄科技大學財政稅務系(通過); 國立高雄科技大學金融系(通過); 國立臺中科技大學財政稅務系(正取,分發)"
CAND_0874,115,nkust_tax,國立高雄科技大學,財政稅務系,國立高雄科技大學 財政稅務系,64090137,*欣,備取,—,—,未分發或放棄,2,國立高雄科技大學財政稅務系(通過); 國立臺中科技大學財務金融系(通過)
CAND_0875,115,nkust_tax,國立高雄科技大學,財政稅務系,國立高雄科技大學 財政稅務系,64090161,黄*住,備取,國立雲林科技大學,國立雲林科技大學會計系,其他學校錄取,6,"國立高雄科技大學財政稅務系(通過); 國立雲林科技大學會計系(正取,分發); 國立高雄科技大學會計資訊系(正取); 國立臺中科技大學會計資訊系(正取); 中原大學會計學系(通過); 逢甲大學會計學系(通過)"
CAND_0876,115,nkust_tax,國立高雄科技大學,財政稅務系,國立高雄科技大學 財政稅務系,64090369,林*晴,備取,逢甲大學,逢甲大學財稅學系,其他學校錄取,3,"國立高雄科技大學財政稅務系(通過); 國立臺北商業大學財政稅務系(臺北校區)(備取); 逢甲大學財稅學系(正取,分發)"
CAND_0877,115,nkust_tax,國立高雄科技大學,財政稅務系,國立高雄科技大學 財政稅務系,64090517,彭*珊,備取,國立臺中科技大學,國立臺中科技大學財政稅務系,其他學校錄取,3,"國立高雄科技大學財政稅務系(通過); 國立高雄科技大學行銷與流通管理系(通過); 國立臺中科技大學財政稅務系(正取,分發)"
CAND_0878,115,nkust_tax,國立高雄科技大學,財政稅務系,國立高雄科技大學 財政稅務系,64090605,李*廷,備取,—,—,未分發或放棄,2,國立高雄科技大學財政稅務系(通過); 國立高雄科技大學運籌管理系(通過)
CAND_0879,115,nkust_tax,國立高雄科技大學,財政稅務系,國立高雄科技大學 財政稅務系,65090150,*穎,備取,國立雲林科技大學,國立雲林科技大學國際管理學士學位學程,其他學校錄取,5,"國立高雄科技大學財政稅務系(通過); 國立雲林科技大學國際管理學士學位學程(正取,分發); 國立虎尾科技大學財務金融系(通過); 國立臺中科技大學財務金融系(正取); 朝陽科技大學財務金融系(通過)"
CAND_0880,115,nkust_tax,國立高雄科技大學,財政稅務系,國立高雄科技大學 財政稅務系,65090258,徐*珊,備取,—,—,未分發或放棄,2,國立高雄科技大學財政稅務系(通過); 國立高雄科技大學智慧商務系(通過)
CAND_0881,115,nkust_tax,國立高雄科技大學,財政稅務系,國立高雄科技大學 財政稅務系,65090369,黄*,備取,—,—,未分發或放棄,3,國立高雄科技大學財政稅務系(通過); 國立高雄科技大學會計資訊系(通過); 國立臺中科技大學財政稅務系(通過)
CAND_0882,115,nkust_tax,國立高雄科技大學,財政稅務系,國立高雄科技大學 財政稅務系,67090053,*儀,備取,國立雲林科技大學,國立雲林科技大學會計系,其他學校錄取,4,"國立高雄科技大學財政稅務系(通過); 國立雲林科技大學會計系(備取,分發); 國立高雄科技大學會計資訊系(正取); 國立臺中科技大學會計資訊系(通過)"
CAND_0883,115,nkust_tax,國立高雄科技大學,財政稅務系,國立高雄科技大學 財政稅務系,68090210,陳*吟,備取,國立澎湖科技大學,國立澎湖科技大學航運管理系,其他學校錄取,4,"國立高雄科技大學財政稅務系(通過); 國立屏東科技大學企業管理系(通過); 國立澎湖科技大學行銷與物流管理系(通過); 國立澎湖科技大學航運管理系(正取,分發)"
CAND_0884,115,nkust_tax,國立高雄科技大學,財政稅務系,國立高雄科技大學 財政稅務系,68090396,吳*,備取,—,—,未分發或放棄,2,國立高雄科技大學財政稅務系(通過); 國立高雄科技大學金融系(備取)
CAND_0885,115,nkust_tax,國立高雄科技大學,財政稅務系,國立高雄科技大學 財政稅務系,68090436,*妤,備取,國立臺中科技大學,國立臺中科技大學財政稅務系,其他學校錄取,5,"國立高雄科技大學財政稅務系(通過); 國立高雄科技大學金融系(備取); 國立高雄科技大學航運管理系(通過); 國立臺中科技大學財政稅務系(正取,分發); 國立臺北商業大學商業設計管理系(桃園校區)(通過)"
CAND_0886,115,nkust_tax,國立高雄科技大學,財政稅務系,國立高雄科技大學 財政稅務系,68090627,徐*忻,備取,國立雲林科技大學,國立雲林科技大學工業工程與管理系,其他學校錄取,3,"國立高雄科技大學財政稅務系(通過); 國立雲林科技大學工業工程與管理系(正取,分發); 國立高雄科技大學金融資訊系(通過)"
CAND_0887,115,nkust_tax,國立高雄科技大學,財政稅務系,國立高雄科技大學 財政稅務系,70090274,*庭,備取,—,—,未分發或放棄,2,國立高雄科技大學財政稅務系(通過); 國立臺中科技大學國際貿易與經營系(通過)
CAND_0888,115,nkust_tax,國立高雄科技大學,財政稅務系,國立高雄科技大學 財政稅務系,70090417,林*喬,備取,—,—,未分發或放棄,2,國立高雄科技大學財政稅務系(通過); 國立高雄科技大學企業管理系(通過)
CAND_0889,115,nkust_tax,國立高雄科技大學,財政稅務系,國立高雄科技大學 財政稅務系,70090682,*褀,備取,—,—,未分發或放棄,1,國立高雄科技大學財政稅務系(通過)
CAND_0890,115,nkust_tax,國立高雄科技大學,財政稅務系,國立高雄科技大學 財政稅務系,70090694,*妮,備取,國立臺北護理健康大學,國立臺北護理健康大學生死與健康心理諮商系,其他學校錄取,4,"國立高雄科技大學財政稅務系(通過); 國立臺北護理健康大學生死與健康心理諮商系(正取,分發); 國立臺中科技大學財政稅務系(通過); 銘傳大學會計學系(台北校區)(通過)"
CAND_0891,115,nkust_tax,國立高雄科技大學,財政稅務系,國立高雄科技大學 財政稅務系,70090789,楊*,備取,逢甲大學,逢甲大學會計學系,其他學校錄取,4,"國立高雄科技大學財政稅務系(通過); 國立高雄科技大學會計資訊系(正取); 國立臺中科技大學會計資訊系(正取); 逢甲大學會計學系(正取,分發)"
CAND_0892,115,nkust_tax,國立高雄科技大學,財政稅務系,國立高雄科技大學 財政稅務系,70090822,林*木,備取,—,—,未分發或放棄,1,國立高雄科技大學財政稅務系(通過)
CAND_0893,115,nkust_tax,國立高雄科技大學,財政稅務系,國立高雄科技大學 財政稅務系,73090271,黄*琇,備取,—,—,未分發或放棄,1,國立高雄科技大學財政稅務系(通過)
CAND_0894,115,nkust_tax,國立高雄科技大學,財政稅務系,國立高雄科技大學 財政稅務系,74090013,簡*瑜,備取,—,—,未分發或放棄,2,國立高雄科技大學財政稅務系(通過); 致理科技大學財務金融系(通過)
CAND_0895,114,nkust_tax,國立高雄科技大學,財政稅務系,國立高雄科技大學 財政稅務系,61090587,徐*,正取,國立高雄科技大學,國立高雄科技大學財政稅務系,原校系/本校留任,4,"國立高雄科技大學財政稅務系(正取,分發); 國立高雄科技大學金融系(正取); 國立高雄科技大學人力資源發展系(通過); 國立臺北商業大學財政稅務系(臺北校區)(備取)"
CAND_0896,114,nkust_tax,國立高雄科技大學,財政稅務系,國立高雄科技大學 財政稅務系,68090282,梁*,正取,國立雲林科技大學,國立雲林科技大學財務金融系,其他學校錄取,5,"國立高雄科技大學財政稅務系(正取); 國立雲林科技大學工業工程與管理系(正取); 國立雲林科技大學財務金融系(正取,分發); 國立高雄科技大學航運管理系(通過); 國立臺中科技大學財務金融系(通過)"
CAND_0897,114,nkust_tax,國立高雄科技大學,財政稅務系,國立高雄科技大學 財政稅務系,74530023,陳*帆,正取,國立高雄科技大學,國立高雄科技大學國際企業系,原校系/本校留任,3,"國立高雄科技大學財政稅務系(正取); 國立高雄科技大學國際企業系(正取,分發); 國立臺中科技大學國際貿易與經營系(正取)"
CAND_0898,114,nkust_tax,國立高雄科技大學,財政稅務系,國立高雄科技大學 財政稅務系,58090021,盧*住,正取,國立雲林科技大學,國立雲林科技大學會計系,其他學校錄取,4,"國立高雄科技大學財政稅務系(正取); 國立雲林科技大學會計系(正取,分發); 國立雲林科技大學國際管理學士學位學程(正取); 國立高雄科技大學金融系(正取)"
CAND_0899,114,nkust_tax,國立高雄科技大學,財政稅務系,國立高雄科技大學 財政稅務系,61091483,梁*,正取,國立雲林科技大學,國立雲林科技大學財務金融系,其他學校錄取,6,"國立高雄科技大學財政稅務系(正取); 國立雲林科技大學企業管理系(正取); 國立雲林科技大學財務金融系(正取,分發); 國立高雄科技大學金融系(正取); 國立高雄科技大學財務管理系(備取); 國立臺北商業大學國際商務系(臺北校區)(正取)"
CAND_0900,114,nkust_tax,國立高雄科技大學,財政稅務系,國立高雄科技大學 財政稅務系,68090130,楊*,正取,國立雲林科技大學,國立雲林科技大學財務金融系,其他學校錄取,6,"國立高雄科技大學財政稅務系(正取); 國立雲林科技大學企業管理系(正取); 國立雲林科技大學財務金融系(正取,分發); 國立高雄科技大學金融系(正取); 國立虎尾科技大學財務金融系(正取); 國立彰化師範大學財務金融技術學系(備取)"
CAND_0901,114,nkust_tax,國立高雄科技大學,財政稅務系,國立高雄科技大學 財政稅務系,64090503,黄*晴,正取,國立高雄科技大學,國立高雄科技大學財政稅務系,原校系/本校留任,4,"國立高雄科技大學財政稅務系(正取,分發); 國立雲林科技大學財務金融系(正取); 國立高雄科技大學金融系(正取); 國立臺北商業大學財政稅務系(臺北校區)(備取)"
CAND_0902,114,nkust_tax,國立高雄科技大學,財政稅務系,國立高雄科技大學 財政稅務系,70090898,葵*芳,正取,國立高雄科技大學,國立高雄科技大學財政稅務系,原校系/本校留任,1,"國立高雄科技大學財政稅務系(正取,分發)"
CAND_0903,114,nkust_tax,國立高雄科技大學,財政稅務系,國立高雄科技大學 財政稅務系,63090385,許*榕,正取,國立雲林科技大學,國立雲林科技大學會計系,其他學校錄取,5,"國立高雄科技大學財政稅務系(正取); 國立雲林科技大學會計系(正取,分發); 國立高雄科技大學金融系(正取); 國立高雄科技大學會計資訊系(正取); 國立虎尾科技大學財務金融系(通過)"
CAND_0904,114,nkust_tax,國立高雄科技大學,財政稅務系,國立高雄科技大學 財政稅務系,52090781,謝*珈,正取,國立雲林科技大學,國立雲林科技大學會計系,其他學校錄取,5,"國立高雄科技大學財政稅務系(正取); 國立雲林科技大學會計系(正取,分發); 國立高雄科技大學會計資訊系(正取); 國立臺中科技大學會計資訊系(備取); 國立臺北商業大學會計資訊系(臺北校區)(備取)"
CAND_0905,114,nkust_tax,國立高雄科技大學,財政稅務系,國立高雄科技大學 財政稅務系,68530040,謝*聿,正取,國立高雄科技大學,國立高雄科技大學會計資訊系,原校系/本校留任,4,"國立高雄科技大學財政稅務系(正取); 國立高雄科技大學金融系(正取); 國立高雄科技大學會計資訊系(正取,分發); 國立臺中科技大學會計資訊系(通過)"
CAND_0906,114,nkust_tax,國立高雄科技大學,財政稅務系,國立高雄科技大學 財政稅務系,61090395,葵*靜,正取,國立雲林科技大學,國立雲林科技大學企業管理系,其他學校錄取,3,"國立高雄科技大學財政稅務系(正取); 國立雲林科技大學企業管理系(備取,分發); 國立高雄科技大學金融系(備取)"
CAND_0907,114,nkust_tax,國立高雄科技大學,財政稅務系,國立高雄科技大學 財政稅務系,61091275,黄*妮,正取,國立虎尾科技大學,國立虎尾科技大學財務金融系,其他學校錄取,3,"國立高雄科技大學財政稅務系(正取); 國立虎尾科技大學財務金融系(正取,分發); 國立屏東大學財務金融學系(正取)"
CAND_0908,114,nkust_tax,國立高雄科技大學,財政稅務系,國立高雄科技大學 財政稅務系,68090085,*緣,正取,國立臺中科技大學,國立臺中科技大學財政稅務系,其他學校錄取,3,"國立高雄科技大學財政稅務系(正取); 國立高雄科技大學運籌管理系(通過); 國立臺中科技大學財政稅務系(正取,分發)"
CAND_0909,114,nkust_tax,國立高雄科技大學,財政稅務系,國立高雄科技大學 財政稅務系,70090729,張*紜,正取,國立高雄科技大學,國立高雄科技大學金融系,原校系/本校留任,5,"國立高雄科技大學財政稅務系(正取); 國立高雄科技大學行銷與流通管理系(正取); 國立高雄科技大學金融系(正取,分發); 國立臺中科技大學會計資訊系(通過); 國立屏東大學財務金融學系(通過)"
CAND_0910,114,nkust_tax,國立高雄科技大學,財政稅務系,國立高雄科技大學 財政稅務系,68530095,林*,正取,國立高雄科技大學,國立高雄科技大學會計資訊系,原校系/本校留任,3,"國立高雄科技大學財政稅務系(正取); 國立高雄科技大學會計資訊系(備取,分發); 國立臺中科技大學會計資訊系(正取)"
CAND_0911,114,nkust_tax,國立高雄科技大學,財政稅務系,國立高雄科技大學 財政稅務系,68090038,林*亭,正取,國立高雄科技大學,國立高雄科技大學財政稅務系,原校系/本校留任,2,"國立高雄科技大學財政稅務系(正取,分發); 國立臺中科技大學財政稅務系(正取)"
CAND_0912,114,nkust_tax,國立高雄科技大學,財政稅務系,國立高雄科技大學 財政稅務系,68090241,黄*雅,正取,國立臺北商業大學,國立臺北商業大學財政稅務系(臺北校區),其他學校錄取,3,"國立高雄科技大學財政稅務系(正取); 國立雲林科技大學會計系(通過); 國立臺北商業大學財政稅務系(臺北校區)(備取,分發)"
CAND_0913,114,nkust_tax,國立高雄科技大學,財政稅務系,國立高雄科技大學 財政稅務系,70090637,陳*哲,正取,國立高雄科技大學,國立高雄科技大學金融系,原校系/本校留任,6,"國立高雄科技大學財政稅務系(正取); 國立高雄科技大學金融系(備取,分發); 國立高雄科技大學會計資訊系(通過); 國立虎尾科技大學財務金融系(通過); 國立臺中科技大學會計資訊系(通過); 國立臺北商業大學財政稅務系(臺北校區)(備取)"
CAND_0914,114,nkust_tax,國立高雄科技大學,財政稅務系,國立高雄科技大學 財政稅務系,56090204,黄*敬,正取,中原大學,中原大學會計學系,其他學校錄取,4,"國立高雄科技大學財政稅務系(正取); 國立高雄科技大學會計資訊系(正取); 國立臺中科技大學財政稅務系(正取); 中原大學會計學系(正取,分發)"
CAND_0915,114,nkust_tax,國立高雄科技大學,財政稅務系,國立高雄科技大學 財政稅務系,58090121,蘇*褀,正取,—,—,未分發或放棄,3,國立高雄科技大學財政稅務系(正取); 國立高雄科技大學金融系(備取); 國立臺中科技大學財政稅務系(通過)
CAND_0916,114,nkust_tax,國立高雄科技大學,財政稅務系,國立高雄科技大學 財政稅務系,64090419,張*,正取,國立高雄科技大學,國立高雄科技大學金融系,原校系/本校留任,3,"國立高雄科技大學財政稅務系(正取); 國立高雄科技大學金融系(備取,分發); 國立臺中科技大學財政稅務系(正取)"
CAND_0917,114,nkust_tax,國立高雄科技大學,財政稅務系,國立高雄科技大學 財政稅務系,64090259,*毅,正取,國立雲林科技大學,國立雲林科技大學工業工程與管理系,其他學校錄取,5,"國立高雄科技大學財政稅務系(正取); 國立雲林科技大學工業工程與管理系(備取,分發); 國立高雄科技大學工業工程與管理系(備取); 國立臺北商業大學財政稅務系(臺北校區)(備取); 國立彰化師範大學財務金融技術學系(備取)"
CAND_0918,114,nkust_tax,國立高雄科技大學,財政稅務系,國立高雄科技大學 財政稅務系,70090402,康*潔,正取,國立高雄科技大學,國立高雄科技大學會計資訊系,原校系/本校留任,4,"國立高雄科技大學財政稅務系(正取); 國立高雄科技大學國際企業系(正取); 國立高雄科技大學會計資訊系(備取,分發); 國立臺中科技大學財政稅務系(通過)"
CAND_0919,114,nkust_tax,國立高雄科技大學,財政稅務系,國立高雄科技大學 財政稅務系,67090371,許*忻,正取,國立高雄科技大學,國立高雄科技大學財政稅務系,原校系/本校留任,2,"國立高雄科技大學財政稅務系(正取,分發); 國立臺中科技大學保險金融管理系(正取)"
CAND_0920,114,nkust_tax,國立高雄科技大學,財政稅務系,國立高雄科技大學 財政稅務系,70090721,林*,正取,國立高雄科技大學,國立高雄科技大學金融系,原校系/本校留任,4,"國立高雄科技大學財政稅務系(正取); 國立高雄科技大學資訊管理系(備取); 國立高雄科技大學金融系(備取,分發); 國立臺中科技大學會計資訊系(通過)"
CAND_0921,114,nkust_tax,國立高雄科技大學,財政稅務系,國立高雄科技大學 財政稅務系,70090006,魏*倢,正取,國立高雄科技大學,國立高雄科技大學財政稅務系,原校系/本校留任,3,"國立高雄科技大學財政稅務系(正取,分發); 國立虎尾科技大學財務金融系(備取); 國立勤益科技大學企業管理系(通過)"
CAND_0922,114,nkust_tax,國立高雄科技大學,財政稅務系,國立高雄科技大學 財政稅務系,68530055,*妏,正取,國立高雄科技大學,國立高雄科技大學金融系,原校系/本校留任,4,"國立高雄科技大學財政稅務系(正取); 國立高雄科技大學金融系(備取,分發); 國立虎尾科技大學財務金融系(通過); 國立臺中科技大學財政稅務系(正取)"
CAND_0923,114,nkust_tax,國立高雄科技大學,財政稅務系,國立高雄科技大學 財政稅務系,70090857,鄭*晴,正取,國立高雄科技大學,國立高雄科技大學金融系,原校系/本校留任,3,"國立高雄科技大學財政稅務系(正取); 國立雲林科技大學文化資產維護系(正取); 國立高雄科技大學金融系(備取,分發)"
CAND_0924,114,nkust_tax,國立高雄科技大學,財政稅務系,國立高雄科技大學 財政稅務系,70090670,李*住,正取,國立高雄科技大學,國立高雄科技大學財政稅務系,原校系/本校留任,2,"國立高雄科技大學財政稅務系(正取,分發); 國立高雄科技大學會計資訊系(通過)"
CAND_0925,114,nkust_tax,國立高雄科技大學,財政稅務系,國立高雄科技大學 財政稅務系,68090262,楊*蓉,正取,國立高雄科技大學,國立高雄科技大學財政稅務系,原校系/本校留任,6,"國立高雄科技大學財政稅務系(正取,分發); 國立高雄科技大學金融系(正取); 國立高雄科技大學航運管理系(通過); 國立勤益科技大學企業管理系(備取); 國立臺中科技大學財政稅務系(正取); 國立屏東大學財務金融學系(正取)"
CAND_0926,114,nkust_tax,國立高雄科技大學,財政稅務系,國立高雄科技大學 財政稅務系,68090293,徐*儀,備取,國立高雄科技大學,國立高雄科技大學會計資訊系,原校系/本校留任,3,"國立高雄科技大學財政稅務系(備取); 國立高雄科技大學會計資訊系(正取,分發); 國立虎尾科技大學財務金融系(通過)"
CAND_0927,114,nkust_tax,國立高雄科技大學,財政稅務系,國立高雄科技大學 財政稅務系,64090175,陳*,備取,國立高雄科技大學,國立高雄科技大學財政稅務系,原校系/本校留任,4,"國立高雄科技大學財政稅務系(備取,分發); 國立高雄科技大學運籌管理系(通過); 國立臺中科技大學財政稅務系(通過); 逢甲大學財稅學系(正取)"
CAND_0928,114,nkust_tax,國立高雄科技大學,財政稅務系,國立高雄科技大學 財政稅務系,61090849,*女,備取,國立雲林科技大學,國立雲林科技大學企業管理系,其他學校錄取,4,"國立高雄科技大學財政稅務系(備取); 國立雲林科技大學企業管理系(備取,分發); 國立高雄科技大學金融系(備取); 國立臺北商業大學國際商務系(臺北校區)(備取)"
CAND_0929,114,nkust_tax,國立高雄科技大學,財政稅務系,國立高雄科技大學 財政稅務系,68530087,楊*挺,備取,國立高雄科技大學,國立高雄科技大學財政稅務系,原校系/本校留任,4,"國立高雄科技大學財政稅務系(備取,分發); 國立雲林科技大學應用外語系(通過); 國立雲林科技大學應用外語系(通過); 國立臺中科技大學財政稅務系(通過)"
CAND_0930,114,nkust_tax,國立高雄科技大學,財政稅務系,國立高雄科技大學 財政稅務系,70090338,周*祐,備取,國立高雄科技大學,國立高雄科技大學財政稅務系,原校系/本校留任,4,"國立高雄科技大學財政稅務系(備取,分發); 國立高雄科技大學會計資訊系(備取); 國立屏東大學會計學系(通過); 國立屏東大學不動產經營學系(通過)"
CAND_0931,114,nkust_tax,國立高雄科技大學,財政稅務系,國立高雄科技大學 財政稅務系,68090209,何*豪,備取,國立高雄科技大學,國立高雄科技大學財政稅務系,原校系/本校留任,1,"國立高雄科技大學財政稅務系(備取,分發)"
CAND_0932,114,nkust_tax,國立高雄科技大學,財政稅務系,國立高雄科技大學 財政稅務系,61090580,陳*,備取,國立雲林科技大學,國立雲林科技大學會計系,其他學校錄取,4,"國立高雄科技大學財政稅務系(備取); 國立雲林科技大學會計系(備取,分發); 國立高雄科技大學金融系(正取); 國立臺中科技大學財務金融系(備取)"
CAND_0933,114,nkust_tax,國立高雄科技大學,財政稅務系,國立高雄科技大學 財政稅務系,61091017,陳*欣,備取,國立臺中科技大學,國立臺中科技大學國際貿易與經營系,其他學校錄取,4,"國立高雄科技大學財政稅務系(備取); 國立高雄科技大學會計資訊系(正取); 國立高雄科技大學商務資訊應用系(正取); 國立臺中科技大學國際貿易與經營系(正取,分發)"
CAND_0934,114,nkust_tax,國立高雄科技大學,財政稅務系,國立高雄科技大學 財政稅務系,61091375,*哈,備取,國立屏東大學,國立屏東大學財務金融學系,其他學校錄取,4,"國立高雄科技大學財政稅務系(備取); 國立屏東科技大學財務金融國際學士學位學程(通過); 國立虎尾科技大學財務金融系(正取); 國立屏東大學財務金融學系(正取,分發)"
CAND_0935,114,nkust_tax,國立高雄科技大學,財政稅務系,國立高雄科技大學 財政稅務系,70090502,*妍,備取,國立高雄科技大學,國立高雄科技大學會計資訊系,原校系/本校留任,5,"國立高雄科技大學財政稅務系(備取); 國立高雄科技大學會計資訊系(正取,分發); 國立虎尾科技大學財務金融系(通過); 國立臺中科技大學會計資訊系(備取); 國立屏東大學會計學系(通過)"
CAND_0936,114,nkust_tax,國立高雄科技大學,財政稅務系,國立高雄科技大學 財政稅務系,61090873,*祐,備取,國立高雄科技大學,國立高雄科技大學財政稅務系,原校系/本校留任,2,"國立高雄科技大學財政稅務系(備取,分發); 國立臺北商業大學國際商務系(臺北校區)(備取)"
CAND_0937,114,nkust_tax,國立高雄科技大學,財政稅務系,國立高雄科技大學 財政稅務系,68090334,郭*均,備取,國立高雄科技大學,國立高雄科技大學財政稅務系,原校系/本校留任,5,"國立高雄科技大學財政稅務系(備取,分發); 國立高雄科技大學會計資訊系(通過); 國立虎尾科技大學工業管理系(通過); 國立臺中科技大學保險金融管理系(通過); 國立臺北商業大學商業設計管理系(桃園校區)(通過)"
CAND_0938,114,nkust_tax,國立高雄科技大學,財政稅務系,國立高雄科技大學 財政稅務系,56090292,楊*語,備取,國立臺中科技大學,國立臺中科技大學財政稅務系,其他學校錄取,3,"國立高雄科技大學財政稅務系(備取); 國立高雄科技大學行銷與流通管理系(正取); 國立臺中科技大學財政稅務系(正取,分發)"
CAND_0939,114,nkust_tax,國立高雄科技大學,財政稅務系,國立高雄科技大學 財政稅務系,68090346,朱*誼,備取,國立高雄科技大學,國立高雄科技大學行銷與流通管理系,原校系/本校留任,6,"國立高雄科技大學財政稅務系(備取); 國立高雄科技大學行銷與流通管理系(備取,分發); 國立高雄科技大學金融系(備取); 國立虎尾科技大學工業管理系(通過); 國立臺中科技大學財政稅務系(通過); 南臺科技大學行銷與流通管理系(通過)"
CAND_0940,114,nkust_tax,國立高雄科技大學,財政稅務系,國立高雄科技大學 財政稅務系,58090005,*家,備取,國立臺中科技大學,國立臺中科技大學財政稅務系,其他學校錄取,3,"國立高雄科技大學財政稅務系(備取); 國立雲林科技大學文化資產維護系(通過); 國立臺中科技大學財政稅務系(正取,分發)"
CAND_0941,114,nkust_tax,國立高雄科技大學,財政稅務系,國立高雄科技大學 財政稅務系,68090222,黄*甯,備取,國立高雄科技大學,國立高雄科技大學運籌管理系,原校系/本校留任,2,"國立高雄科技大學財政稅務系(備取); 國立高雄科技大學運籌管理系(正取,分發)"
CAND_0942,114,nkust_tax,國立高雄科技大學,財政稅務系,國立高雄科技大學 財政稅務系,65090140,*螢,備取,國立臺中科技大學,國立臺中科技大學保險金融管理系,其他學校錄取,5,"國立高雄科技大學財政稅務系(備取); 國立高雄科技大學行銷與流通管理系(通過); 國立高雄科技大學會計資訊系(通過); 國立臺中科技大學保險金融管理系(備取,分發); 逢甲大學財稅學系(通過)"
CAND_0943,114,nkust_tax,國立高雄科技大學,財政稅務系,國立高雄科技大學 財政稅務系,56090264,閻*,備取,國立臺中科技大學,國立臺中科技大學會計資訊系,其他學校錄取,5,"國立高雄科技大學財政稅務系(備取); 國立高雄科技大學會計資訊系(備取); 國立虎尾科技大學財務金融系(備取); 國立勤益科技大學企業管理系(通過); 國立臺中科技大學會計資訊系(備取,分發)"
CAND_0944,114,nkust_tax,國立高雄科技大學,財政稅務系,國立高雄科技大學 財政稅務系,57090166,魏*,備取,國立高雄科技大學,國立高雄科技大學金融系,原校系/本校留任,3,"國立高雄科技大學財政稅務系(備取); 國立高雄科技大學金融系(備取,分發); 國立臺中科技大學保險金融管理系(通過)"
CAND_0945,114,nkust_tax,國立高雄科技大學,財政稅務系,國立高雄科技大學 財政稅務系,68530016,*霆,備取,國立高雄科技大學,國立高雄科技大學資訊管理系,原校系/本校留任,4,"國立高雄科技大學財政稅務系(備取); 國立屏東科技大學資訊管理系(通過); 國立高雄科技大學資訊管理系(備取,分發); 國立高雄科技大學會計資訊系(正取)"
CAND_0946,114,nkust_tax,國立高雄科技大學,財政稅務系,國立高雄科技大學 財政稅務系,51090032,邵*學,備取,國立臺中科技大學,國立臺中科技大學財政稅務系,其他學校錄取,4,"國立高雄科技大學財政稅務系(備取); 國立雲林科技大學工業工程與管理系(備取); 國立臺北護理健康大學資訊管理系(通過); 國立臺中科技大學財政稅務系(正取,分發)"
CAND_0947,114,nkust_tax,國立高雄科技大學,財政稅務系,國立高雄科技大學 財政稅務系,51090283,張*翔,備取,—,—,未分發或放棄,3,國立高雄科技大學財政稅務系(通過); 國立臺北科技大學經營管理系(備取); 國立臺北商業大學財政稅務系(臺北校區)(備取)
CAND_0948,114,nkust_tax,國立高雄科技大學,財政稅務系,國立高雄科技大學 財政稅務系,55090059,李*諺,備取,國立臺中科技大學,國立臺中科技大學財政稅務系,其他學校錄取,2,"國立高雄科技大學財政稅務系(通過); 國立臺中科技大學財政稅務系(正取,分發)"
CAND_0949,114,nkust_tax,國立高雄科技大學,財政稅務系,國立高雄科技大學 財政稅務系,56090364,F*儀,備取,—,—,未分發或放棄,5,國立高雄科技大學財政稅務系(通過); 國立高雄科技大學會計資訊系(通過); 國立高雄科技大學航運管理系(通過); 國立勤益科技大學企業管理系(通過); 國立臺中科技大學會計資訊系(正取)
CAND_0950,114,nkust_tax,國立高雄科技大學,財政稅務系,國立高雄科技大學 財政稅務系,56090368,江*錡,備取,—,—,未分發或放棄,4,國立高雄科技大學財政稅務系(通過); 國立雲林科技大學企業管理系(通過); 國立高雄科技大學國際企業系(通過); 國立臺中科技大學國際貿易與經營系(通過)
CAND_0951,114,nkust_tax,國立高雄科技大學,財政稅務系,國立高雄科技大學 財政稅務系,57090134,范*慈,備取,國立臺北商業大學,國立臺北商業大學財務金融系(臺北校區),其他學校錄取,5,"國立高雄科技大學財政稅務系(通過); 國立臺北科技大學經營管理系(備取); 國立高雄科技大學金融系(通過); 國立臺北商業大學財務金融系(臺北校區)(正取,分發); 國立彰化師範大學財務金融技術學系(備取)"
CAND_0952,114,nkust_tax,國立高雄科技大學,財政稅務系,國立高雄科技大學 財政稅務系,57090794,黄*哲,備取,—,—,未分發或放棄,4,國立高雄科技大學財政稅務系(通過); 國立高雄科技大學金融系(通過); 國立臺中科技大學會計資訊系(通過); 國立臺北商業大學財政稅務系(臺北校區)(通過)
CAND_0953,114,nkust_tax,國立高雄科技大學,財政稅務系,國立高雄科技大學 財政稅務系,57090867,高*能,備取,國立高雄科技大學,國立高雄科技大學金融系,原校系/本校留任,3,"國立高雄科技大學財政稅務系(通過); 國立高雄科技大學金融系(備取,分發); 中原大學會計學系(通過)"
CAND_0954,114,nkust_tax,國立高雄科技大學,財政稅務系,國立高雄科技大學 財政稅務系,57090957,陳*昀,備取,逢甲大學,逢甲大學國際經營與貿易學系,其他學校錄取,5,"國立高雄科技大學財政稅務系(通過); 國立高雄科技大學會計資訊系(通過); 國立勤益科技大學行銷與流通管理系(正取); 國立臺中科技大學國際貿易與經營系(正取); 逢甲大學國際經營與貿易學系(正取,分發)"
CAND_0955,114,nkust_tax,國立高雄科技大學,財政稅務系,國立高雄科技大學 財政稅務系,58540033,林*,備取,—,—,未分發或放棄,5,國立高雄科技大學財政稅務系(通過); 國立雲林科技大學應用外語系(通過); 國立雲林科技大學應用外語系(通過); 國立高雄科技大學會計資訊系(通過); 國立臺中科技大學財政稅務系(通過)
CAND_0956,114,nkust_tax,國立高雄科技大學,財政稅務系,國立高雄科技大學 財政稅務系,59090052,余*彤,備取,國立雲林科技大學,國立雲林科技大學會計系,其他學校錄取,4,"國立高雄科技大學財政稅務系(通過); 國立雲林科技大學會計系(備取,分發); 國立高雄科技大學會計資訊系(通過); 國立臺中科技大學財政稅務系(通過)"
CAND_0957,114,nkust_tax,國立高雄科技大學,財政稅務系,國立高雄科技大學 財政稅務系,59090085,陳*,備取,逢甲大學,逢甲大學國際經營與貿易學系,其他學校錄取,5,"國立高雄科技大學財政稅務系(通過); 國立高雄科技大學行銷與流通管理系(通過); 國立臺中科技大學財政稅務系(通過); 逢甲大學國際經營與貿易學系(備取,分發); 逢甲大學財稅學系(備取)"
CAND_0958,114,nkust_tax,國立高雄科技大學,財政稅務系,國立高雄科技大學 財政稅務系,59090316,陳*庭,備取,—,—,未分發或放棄,5,國立高雄科技大學財政稅務系(通過); 國立雲林科技大學應用外語系(通過); 國立臺北護理健康大學生死與健康心理諮商系(通過); 國立臺北商業大學國際商務系(臺北校區)(備取); 中原大學會計學系(通過)
CAND_0959,114,nkust_tax,國立高雄科技大學,財政稅務系,國立高雄科技大學 財政稅務系,61090260,陳*燕,備取,國立高雄科技大學,國立高雄科技大學航運管理系,原校系/本校留任,4,"國立高雄科技大學財政稅務系(通過); 國立高雄科技大學金融系(備取); 國立高雄科技大學航運管理系(正取,分發); 國立臺中科技大學財政稅務系(通過)"
CAND_0960,114,nkust_tax,國立高雄科技大學,財政稅務系,國立高雄科技大學 財政稅務系,61090495,陳*女,備取,逢甲大學,逢甲大學會計學系,其他學校錄取,4,"國立高雄科技大學財政稅務系(通過); 國立高雄科技大學會計資訊系(通過); 國立臺中科技大學會計資訊系(正取); 逢甲大學會計學系(正取,分發)"
CAND_0961,114,nkust_tax,國立高雄科技大學,財政稅務系,國立高雄科技大學 財政稅務系,61090509,—,備取,國立雲林科技大學,國立雲林科技大學文化資產維護系,其他學校錄取,4,"國立高雄科技大學財政稅務系(通過); 國立雲林科技大學文化資產維護系(正取,分發); 國立虎尾科技大學工業管理系(通過); 國立虎尾科技大學財務金融系(通過)"
CAND_0962,114,nkust_tax,國立高雄科技大學,財政稅務系,國立高雄科技大學 財政稅務系,61090951,李*,備取,國立臺北商業大學,國立臺北商業大學國際商務系(臺北校區),其他學校錄取,5,"國立高雄科技大學財政稅務系(通過); 國立雲林科技大學國際管理學士學位學程(正取); 國立高雄科技大學國際企業系(通過); 國立高雄科技大學會計資訊系(通過); 國立臺北商業大學國際商務系(臺北校區)(正取,分發)"
CAND_0963,114,nkust_tax,國立高雄科技大學,財政稅務系,國立高雄科技大學 財政稅務系,61090999,潘*淳,備取,國立高雄科技大學,國立高雄科技大學航運管理系,原校系/本校留任,6,"國立高雄科技大學財政稅務系(通過); 國立雲林科技大學國際管理學士學位學程(通過); 國立高雄科技大學國際企業系(通過); 國立高雄科技大學航運管理系(正取,分發); 國立臺中科技大學會計資訊系(通過); 國立臺北商業大學國際商務系(臺北校區)(正取)"
CAND_0964,114,nkust_tax,國立高雄科技大學,財政稅務系,國立高雄科技大學 財政稅務系,61091033,何*住,備取,—,—,未分發或放棄,5,國立高雄科技大學財政稅務系(通過); 國立雲林科技大學財務金融系(通過); 國立雲林科技大學會計系(正取); 國立高雄科技大學會計資訊系(通過); 國立臺北商業大學財政稅務系(臺北校區)(備取)
CAND_0965,114,nkust_tax,國立高雄科技大學,財政稅務系,國立高雄科技大學 財政稅務系,61091287,*甄,正取,國立高雄科技大學,國立高雄科技大學金融系,原校系/本校留任,4,"國立高雄科技大學財政稅務系(通過); 國立高雄科技大學金融系(正取,分發); 國立高雄科技大學財務管理系(正取); 國立臺中科技大學財務金融系(通過)"
CAND_0966,114,nkust_tax,國立高雄科技大學,財政稅務系,國立高雄科技大學 財政稅務系,61091597,陳*媛,備取,國立高雄科技大學,國立高雄科技大學航運管理系,原校系/本校留任,3,"國立高雄科技大學財政稅務系(通過); 國立高雄科技大學航運管理系(正取,分發); 國立臺中科技大學國際貿易與經營系(通過)"
CAND_0967,114,nkust_tax,國立高雄科技大學,財政稅務系,國立高雄科技大學 財政稅務系,61091609,—,備取,—,—,未分發或放棄,1,國立高雄科技大學財政稅務系(通過)
CAND_0968,114,nkust_tax,國立高雄科技大學,財政稅務系,國立高雄科技大學 財政稅務系,61091685,林*,備取,國立雲林科技大學,國立雲林科技大學財務金融系,其他學校錄取,5,"國立高雄科技大學財政稅務系(通過); 國立雲林科技大學企業管理系(通過); 國立雲林科技大學財務金融系(正取,分發); 國立臺中科技大學財務金融系(通過); 國立臺北商業大學財務金融系(臺北校區)(備取)"
CAND_0969,114,nkust_tax,國立高雄科技大學,財政稅務系,國立高雄科技大學 財政稅務系,64090063,柯*愷,備取,—,—,未分發或放棄,5,國立高雄科技大學財政稅務系(通過); 國立高雄科技大學金融系(通過); 國立高雄科技大學會計資訊系(通過); 國立臺中科技大學會計資訊系(通過); 逢甲大學會計學系(通過)
CAND_0970,114,nkust_tax,國立高雄科技大學,財政稅務系,國立高雄科技大學 財政稅務系,64090083,葵*翔,備取,—,—,未分發或放棄,4,國立高雄科技大學財政稅務系(通過); 國立雲林科技大學企業管理系(通過); 國立雲林科技大學會計系(通過); 國立臺中科技大學會計資訊系(通過)
CAND_0971,114,nkust_tax,國立高雄科技大學,財政稅務系,國立高雄科技大學 財政稅務系,64090111,葵*,備取,國立臺北護理健康大學,國立臺北護理健康大學生死與健康心理諮商系,其他學校錄取,5,"國立高雄科技大學財政稅務系(通過); 國立高雄科技大學海洋休閒管理系(通過); 國立勤益科技大學企業管理系(通過); 國立臺北護理健康大學生死與健康心理諮商系(正取,分發); 國立臺中科技大學老人服務事業管理系(正取)"
CAND_0972,114,nkust_tax,國立高雄科技大學,財政稅務系,國立高雄科技大學 財政稅務系,64090191,*鈞,備取,國立高雄科技大學,國立高雄科技大學金融系,原校系/本校留任,5,"國立高雄科技大學財政稅務系(通過); 國立高雄科技大學國際企業系(通過); 國立高雄科技大學金融系(備取,分發); 國立臺中科技大學財政稅務系(通過); 逢甲大學財稅學系(通過)"
CAND_0973,114,nkust_tax,國立高雄科技大學,財政稅務系,國立高雄科技大學 財政稅務系,64090418,粘*翎,備取,國立臺中科技大學,國立臺中科技大學財政稅務系,其他學校錄取,2,"國立高雄科技大學財政稅務系(通過); 國立臺中科技大學財政稅務系(正取,分發)"
CAND_0974,114,nkust_tax,國立高雄科技大學,財政稅務系,國立高雄科技大學 財政稅務系,64530004,鄭*永,備取,弘光科技大學,弘光科技大學物理治療系,其他學校錄取,4,"國立高雄科技大學財政稅務系(通過); 弘光科技大學物理治療系(正取,分發); 弘光科技大學語言治療與聽力學系(備取); 逢甲大學財稅學系(正取)"
CAND_0975,114,nkust_tax,國立高雄科技大學,財政稅務系,國立高雄科技大學 財政稅務系,67090200,吳*瑜,備取,國立雲林科技大學,國立雲林科技大學企業管理系,其他學校錄取,4,"國立高雄科技大學財政稅務系(通過); 國立雲林科技大學企業管理系(正取,分發); 國立高雄科技大學金融系(正取); 國立臺北商業大學國際商務系(臺北校區)(備取)"
CAND_0976,114,nkust_tax,國立高雄科技大學,財政稅務系,國立高雄科技大學 財政稅務系,67090246,維*育,備取,國立臺北商業大學,國立臺北商業大學財政稅務系(臺北校區),其他學校錄取,6,"國立高雄科技大學財政稅務系(通過); 國立雲林科技大學財務金融系(通過); 國立雲林科技大學會計系(正取); 國立高雄科技大學會計資訊系(通過); 國立臺中科技大學財政稅務系(正取); 國立臺北商業大學財政稅務系(臺北校區)(正取,分發)"
CAND_0977,114,nkust_tax,國立高雄科技大學,財政稅務系,國立高雄科技大學 財政稅務系,67090314,葵*㚬,備取,國立臺中科技大學,國立臺中科技大學財政稅務系,其他學校錄取,4,"國立高雄科技大學財政稅務系(通過); 國立虎尾科技大學財務金融系(通過); 國立勤益科技大學企業管理系(通過); 國立臺中科技大學財政稅務系(正取,分發)"
CAND_0978,114,nkust_tax,國立高雄科技大學,財政稅務系,國立高雄科技大學 財政稅務系,68090074,葵*,備取,—,—,未分發或放棄,4,國立高雄科技大學財政稅務系(通過); 國立高雄科技大學運籌管理系(通過); 國立臺中科技大學國際貿易與經營系(通過); 國立屏東大學國際經營與貿易學系(通過)
CAND_0979,114,nkust_tax,國立高雄科技大學,財政稅務系,國立高雄科技大學 財政稅務系,68090134,鄒*琦,備取,國立臺中科技大學,國立臺中科技大學財務金融系,其他學校錄取,4,"國立高雄科技大學財政稅務系(通過); 國立高雄科技大學金融系(通過); 國立虎尾科技大學財務金融系(正取); 國立臺中科技大學財務金融系(正取,分發)"
CAND_0980,114,nkust_tax,國立高雄科技大學,財政稅務系,國立高雄科技大學 財政稅務系,68090166,*瑄,備取,國立臺北商業大學,國立臺北商業大學財政稅務系(臺北校區),其他學校錄取,4,"國立高雄科技大學財政稅務系(通過); 國立虎尾科技大學財務金融系(通過); 國立臺中科技大學財政稅務系(通過); 國立臺北商業大學財政稅務系(臺北校區)(正取,分發)"
CAND_0981,114,nkust_tax,國立高雄科技大學,財政稅務系,國立高雄科技大學 財政稅務系,68090362,歐*亞,備取,國立雲林科技大學,國立雲林科技大學會計系,其他學校錄取,5,"國立高雄科技大學財政稅務系(通過); 國立雲林科技大學會計系(正取,分發); 國立高雄科技大學金融系(正取); 國立臺中科技大學財務金融系(正取); 國立臺北商業大學財政稅務系(臺北校區)(備取)"
CAND_0982,114,nkust_tax,國立高雄科技大學,財政稅務系,國立高雄科技大學 財政稅務系,68090557,顏*璇,備取,逢甲大學,逢甲大學工業工程與系統管理學系,其他學校錄取,3,"國立高雄科技大學財政稅務系(通過); 國立高雄科技大學會計資訊系(通過); 逢甲大學工業工程與系統管理學系(正取,分發)"
CAND_0983,114,nkust_tax,國立高雄科技大學,財政稅務系,國立高雄科技大學 財政稅務系,68530059,陳*源,備取,—,—,未分發或放棄,4,國立高雄科技大學財政稅務系(通過); 國立高雄科技大學金融資訊系(通過); 國立虎尾科技大學財務金融系(通過); 國立臺中科技大學財政稅務系(通過)
CAND_0984,114,nkust_tax,國立高雄科技大學,財政稅務系,國立高雄科技大學 財政稅務系,69090089,陳*,備取,逢甲大學,逢甲大學風險管理與保險學系,其他學校錄取,2,"國立高雄科技大學財政稅務系(通過); 逢甲大學風險管理與保險學系(正取,分發)"
CAND_0985,114,nkust_tax,國立高雄科技大學,財政稅務系,國立高雄科技大學 財政稅務系,70090309,沈*愷,備取,—,—,未分發或放棄,1,國立高雄科技大學財政稅務系(通過)
CAND_0986,114,nkust_tax,國立高雄科技大學,財政稅務系,國立高雄科技大學 財政稅務系,70090702,黄*熙,備取,國立高雄科技大學,國立高雄科技大學會計資訊系,原校系/本校留任,2,"國立高雄科技大學財政稅務系(通過); 國立高雄科技大學會計資訊系(正取,分發)"
CAND_0987,114,nkust_tax,國立高雄科技大學,財政稅務系,國立高雄科技大學 財政稅務系,70090765,李*熙,備取,國立高雄科技大學,國立高雄科技大學國際企業系,原校系/本校留任,4,"國立高雄科技大學財政稅務系(通過); 國立高雄科技大學國際企業系(正取,分發); 國立臺中科技大學國際貿易與經營系(通過); 國立屏東大學財務金融學系(通過)"
CAND_0988,114,nkust_tax,國立高雄科技大學,財政稅務系,國立高雄科技大學 財政稅務系,70090921,單*,備取,—,—,未分發或放棄,1,國立高雄科技大學財政稅務系(通過)
CAND_0989,114,nkust_tax,國立高雄科技大學,財政稅務系,國立高雄科技大學 財政稅務系,74090119,陳*,備取,國立高雄科技大學,國立高雄科技大學風險管理與保險系,原校系/本校留任,5,"國立高雄科技大學財政稅務系(通過); 國立高雄科技大學風險管理與保險系(正取,分發); 朝陽科技大學行銷與流通管理系(通過); 南臺科技大學資訊管理系(備取); 德明財經科技大學資訊管理系(通過)"
CAND_0990,114,nkust_tax,國立高雄科技大學,財政稅務系,國立高雄科技大學 財政稅務系,75090121,張*柔,備取,國立臺中科技大學,國立臺中科技大學國際貿易與經營系,其他學校錄取,4,"國立高雄科技大學財政稅務系(通過); 國立高雄科技大學財務管理系(通過); 國立臺中科技大學國際貿易與經營系(正取,分發); 國立屏東大學國際經營與貿易學系(正取)"
CAND_0991,113,nkust_tax,國立高雄科技大學,財政稅務系,國立高雄科技大學 財政稅務系,65090442,邱*翔,正取,國立臺中科技大學,國立臺中科技大學會計資訊系,其他學校錄取,3,"國立高雄科技大學財政稅務系(正取); 國立高雄科技大學會計資訊系(備取); 國立臺中科技大學會計資訊系(正取,分發)"
CAND_0992,113,nkust_tax,國立高雄科技大學,財政稅務系,國立高雄科技大學 財政稅務系,70090337,簡*女,正取,國立雲林科技大學,國立雲林科技大學會計系,其他學校錄取,3,"國立高雄科技大學財政稅務系(正取); 國立雲林科技大學會計系(正取,分發); 國立高雄科技大學財務管理系(正取)"
CAND_0993,113,nkust_tax,國立高雄科技大學,財政稅務系,國立高雄科技大學 財政稅務系,70090765,陳*渘,正取,國立高雄科技大學,國立高雄科技大學金融系,原校系/本校留任,4,"國立高雄科技大學財政稅務系(正取); 國立高雄科技大學金融系(正取,分發); 國立臺中科技大學財政稅務系(通過); 國立彰化師範大學財務金融技術學系(備取)"
CAND_0994,113,nkust_tax,國立高雄科技大學,財政稅務系,國立高雄科技大學 財政稅務系,65090107,徐*芳,正取,國立高雄科技大學,國立高雄科技大學財政稅務系,原校系/本校留任,5,"國立高雄科技大學財政稅務系(正取,分發); 國立臺北科技大學經營管理系(通過); 國立高雄科技大學金融系(備取); 國立高雄科技大學會計資訊系(正取); 國立臺中科技大學會計資訊系(通過)"
CAND_0995,113,nkust_tax,國立高雄科技大學,財政稅務系,國立高雄科技大學 財政稅務系,68530055,黄*靜,正取,國立高雄科技大學,國立高雄科技大學金融系,原校系/本校留任,3,"國立高雄科技大學財政稅務系(正取); 國立雲林科技大學會計系(通過); 國立高雄科技大學金融系(正取,分發)"
CAND_0996,113,nkust_tax,國立高雄科技大學,財政稅務系,國立高雄科技大學 財政稅務系,61090879,葉*,正取,逢甲大學,逢甲大學會計學系,其他學校錄取,3,"國立高雄科技大學財政稅務系(正取); 國立高雄科技大學會計資訊系(正取); 逢甲大學會計學系(正取,分發)"
CAND_0997,113,nkust_tax,國立高雄科技大學,財政稅務系,國立高雄科技大學 財政稅務系,69530010,*均,正取,—,—,未分發或放棄,2,國立高雄科技大學財政稅務系(正取); 國立臺中科技大學財政稅務系(正取)
CAND_0998,113,nkust_tax,國立高雄科技大學,財政稅務系,國立高雄科技大學 財政稅務系,71090118,葵*,正取,國立高雄科技大學,國立高雄科技大學金融系,原校系/本校留任,3,"國立高雄科技大學財政稅務系(正取); 國立高雄科技大學金融系(正取,分發); 國立高雄科技大學財務管理系(通過)"
CAND_0999,113,nkust_tax,國立高雄科技大學,財政稅務系,國立高雄科技大學 財政稅務系,71090245,*伶,正取,國立高雄科技大學,國立高雄科技大學財政稅務系,原校系/本校留任,3,"國立高雄科技大學財政稅務系(正取,分發); 國立高雄科技大學會計資訊系(正取); 國立臺中科技大學會計資訊系(通過)"
CAND_1000,113,nkust_tax,國立高雄科技大學,財政稅務系,國立高雄科技大學 財政稅務系,64090300,林*廷,正取,—,—,未分發或放棄,1,國立高雄科技大學財政稅務系(正取)
CAND_1001,113,nkust_tax,國立高雄科技大學,財政稅務系,國立高雄科技大學 財政稅務系,66090078,陳*翊,正取,國立雲林科技大學,國立雲林科技大學財務金融系,其他學校錄取,5,"國立高雄科技大學財政稅務系(正取); 國立雲林科技大學財務金融系(正取,分發); 國立高雄科技大學金融系(正取); 國立臺中科技大學財務金融系(正取); 國立彰化師範大學財務金融技術學系(備取)"
CAND_1002,113,nkust_tax,國立高雄科技大學,財政稅務系,國立高雄科技大學 財政稅務系,65090013,*臻,正取,國立臺中科技大學,國立臺中科技大學財政稅務系,其他學校錄取,4,"國立高雄科技大學財政稅務系(正取); 國立高雄科技大學會計資訊系(通過); 國立高雄科技大學金融資訊系(通過); 國立臺中科技大學財政稅務系(正取,分發)"
CAND_1003,113,nkust_tax,國立高雄科技大學,財政稅務系,國立高雄科技大學 財政稅務系,70091037,陳*廷,正取,國立高雄科技大學,國立高雄科技大學財政稅務系,原校系/本校留任,4,"國立高雄科技大學財政稅務系(正取,分發); 國立高雄科技大學金融系(通過); 國立高雄科技大學會計資訊系(正取); 國立臺中科技大學財政稅務系(通過)"
CAND_1004,113,nkust_tax,國立高雄科技大學,財政稅務系,國立高雄科技大學 財政稅務系,64090091,鄭*妮,正取,—,—,未分發或放棄,2,國立高雄科技大學財政稅務系(正取); 國立臺北商業大學企業管理系(臺北校區)(備取)
CAND_1005,113,nkust_tax,國立高雄科技大學,財政稅務系,國立高雄科技大學 財政稅務系,55090141,周*潔,正取,國立高雄科技大學,國立高雄科技大學財政稅務系,原校系/本校留任,1,"國立高雄科技大學財政稅務系(正取,分發)"
CAND_1006,113,nkust_tax,國立高雄科技大學,財政稅務系,國立高雄科技大學 財政稅務系,61090929,—,正取,—,—,未分發或放棄,3,國立高雄科技大學財政稅務系(正取); 國立雲林科技大學會計系(備取); 國立臺中科技大學會計資訊系(通過)
CAND_1007,113,nkust_tax,國立高雄科技大學,財政稅務系,國立高雄科技大學 財政稅務系,61091191,吳*妮,正取,國立高雄科技大學,國立高雄科技大學財政稅務系,原校系/本校留任,3,"國立高雄科技大學財政稅務系(正取,分發); 國立臺中科技大學會計資訊系(正取); 國立臺北商業大學商業設計管理系(桃園校區)(正取)"
CAND_1008,113,nkust_tax,國立高雄科技大學,財政稅務系,國立高雄科技大學 財政稅務系,64090335,沈*,正取,逢甲大學,逢甲大學財稅學系,其他學校錄取,6,"國立高雄科技大學財政稅務系(正取); 國立高雄科技大學會計資訊系(備取); 國立高雄科技大學智慧商務系(備取); 國立臺中科技大學會計資訊系(正取); 逢甲大學財稅學系(正取,分發); 逢甲大學會計學系(正取)"
CAND_1009,113,nkust_tax,國立高雄科技大學,財政稅務系,國立高雄科技大學 財政稅務系,71090329,陳*伶,正取,國立高雄科技大學,國立高雄科技大學會計資訊系,原校系/本校留任,6,"國立高雄科技大學財政稅務系(正取); 國立高雄科技大學金融系(正取); 國立高雄科技大學會計資訊系(正取,分發); 國立臺中科技大學會計資訊系(正取); 國立屏東大學財務金融學系(通過); 國立屏東大學會計學系(正取)"
CAND_1010,113,nkust_tax,國立高雄科技大學,財政稅務系,國立高雄科技大學 財政稅務系,68530048,朱*璟,正取,國立高雄科技大學,國立高雄科技大學財政稅務系,原校系/本校留任,5,"國立高雄科技大學財政稅務系(正取,分發); 國立高雄科技大學金融系(備取); 國立虎尾科技大學企業管理系(通過); 國立虎尾科技大學財務金融系(通過); 國立勤益科技大學企業管理系(通過)"
CAND_1011,113,nkust_tax,國立高雄科技大學,財政稅務系,國立高雄科技大學 財政稅務系,61091025,朱*絜,正取,國立高雄科技大學,國立高雄科技大學財政稅務系,原校系/本校留任,1,"國立高雄科技大學財政稅務系(正取,分發)"
CAND_1012,113,nkust_tax,國立高雄科技大學,財政稅務系,國立高雄科技大學 財政稅務系,64090271,侯*J,正取,國立高雄科技大學,國立高雄科技大學財政稅務系,原校系/本校留任,4,"國立高雄科技大學財政稅務系(正取,分發); 國立高雄科技大學航運管理系(通過); 國立虎尾科技大學財務金融系(通過); 國立臺中科技大學財政稅務系(正取)"
CAND_1013,113,nkust_tax,國立高雄科技大學,財政稅務系,國立高雄科技大學 財政稅務系,71090295,黄*紹,正取,國立高雄科技大學,國立高雄科技大學風險管理與保險系,原校系/本校留任,2,"國立高雄科技大學財政稅務系(正取); 國立高雄科技大學風險管理與保險系(正取,分發)"
CAND_1014,113,nkust_tax,國立高雄科技大學,財政稅務系,國立高雄科技大學 財政稅務系,61090761,*綺,正取,國立高雄科技大學,國立高雄科技大學財政稅務系,原校系/本校留任,2,"國立高雄科技大學財政稅務系(正取,分發); 國立臺中科技大學會計資訊系(通過)"
CAND_1015,113,nkust_tax,國立高雄科技大學,財政稅務系,國立高雄科技大學 財政稅務系,59090148,陳*玥,正取,國立高雄科技大學,國立高雄科技大學會計資訊系,原校系/本校留任,2,"國立高雄科技大學財政稅務系(正取); 國立高雄科技大學會計資訊系(備取,分發)"
CAND_1016,113,nkust_tax,國立高雄科技大學,財政稅務系,國立高雄科技大學 財政稅務系,51090204,唐*,正取,國立高雄科技大學,國立高雄科技大學財政稅務系,原校系/本校留任,2,"國立高雄科技大學財政稅務系(正取,分發); 國立高雄科技大學企業管理系(備取)"
CAND_1017,113,nkust_tax,國立高雄科技大學,財政稅務系,國立高雄科技大學 財政稅務系,65090077,朱*𡤃,正取,—,—,未分發或放棄,2,國立高雄科技大學財政稅務系(正取); 國立高雄科技大學航運管理系(備取)
CAND_1018,113,nkust_tax,國立高雄科技大學,財政稅務系,國立高雄科技大學 財政稅務系,70090365,胡*淩,正取,國立高雄科技大學,國立高雄科技大學財政稅務系,原校系/本校留任,3,"國立高雄科技大學財政稅務系(正取,分發); 國立屏東科技大學企業管理系(通過); 國立屏東科技大學財務金融國際學士學位學程(正取)"
CAND_1019,113,nkust_tax,國立高雄科技大學,財政稅務系,國立高雄科技大學 財政稅務系,58090140,陳*竹,正取,國立臺北商業大學,國立臺北商業大學企業管理系(臺北校區),其他學校錄取,2,"國立高雄科技大學財政稅務系(正取); 國立臺北商業大學企業管理系(臺北校區)(備取,分發)"
CAND_1020,113,nkust_tax,國立高雄科技大學,財政稅務系,國立高雄科技大學 財政稅務系,65090100,林*,正取,國立臺中科技大學,國立臺中科技大學財政稅務系,其他學校錄取,2,"國立高雄科技大學財政稅務系(正取); 國立臺中科技大學財政稅務系(正取,分發)"
CAND_1021,113,nkust_tax,國立高雄科技大學,財政稅務系,國立高雄科技大學 財政稅務系,61090913,李*煊,正取,國立高雄科技大學,國立高雄科技大學財政稅務系,原校系/本校留任,1,"國立高雄科技大學財政稅務系(正取,分發)"
CAND_1022,113,nkust_tax,國立高雄科技大學,財政稅務系,國立高雄科技大學 財政稅務系,74090121,陳*甯,正取,國立高雄科技大學,國立高雄科技大學航運管理系,原校系/本校留任,5,"國立高雄科技大學財政稅務系(正取); 國立高雄科技大學航運管理系(備取,分發); 國立勤益科技大學企業管理系(通過); 國立臺中科技大學會計資訊系(通過); 國立臺北商業大學會計資訊系(臺北校區)(備取)"
CAND_1023,113,nkust_tax,國立高雄科技大學,財政稅務系,國立高雄科技大學 財政稅務系,68090762,*永,正取,國立高雄科技大學,國立高雄科技大學財政稅務系,原校系/本校留任,5,"國立高雄科技大學財政稅務系(正取,分發); 國立雲林科技大學會計系(正取); 國立虎尾科技大學財務金融系(通過); 國立勤益科技大學企業管理系(正取); 國立臺中科技大學會計資訊系(通過)"
CAND_1024,113,nkust_tax,國立高雄科技大學,財政稅務系,國立高雄科技大學 財政稅務系,78090001,吳*,正取,國立臺北商業大學,國立臺北商業大學企業管理系(臺北校區),其他學校錄取,5,"國立高雄科技大學財政稅務系(正取); 國立高雄科技大學金融系(正取); 國立臺中科技大學財務金融系(備取); 國立臺北商業大學財務金融系(臺北校區)(備取); 國立臺北商業大學企業管理系(臺北校區)(正取,分發)"
CAND_1025,113,nkust_tax,國立高雄科技大學,財政稅務系,國立高雄科技大學 財政稅務系,68090357,張*尹,正取,國立高雄科技大學,國立高雄科技大學會計資訊系,原校系/本校留任,3,"國立高雄科技大學財政稅務系(正取); 國立雲林科技大學會計系(備取); 國立高雄科技大學會計資訊系(正取,分發)"
CAND_1026,113,nkust_tax,國立高雄科技大學,財政稅務系,國立高雄科技大學 財政稅務系,70091162,鄭*呈,正取,國立高雄科技大學,國立高雄科技大學財政稅務系,原校系/本校留任,1,"國立高雄科技大學財政稅務系(正取,分發)"
CAND_1027,113,nkust_tax,國立高雄科技大學,財政稅務系,國立高雄科技大學 財政稅務系,67090194,*宏,備取,國立高雄科技大學,國立高雄科技大學財政稅務系,原校系/本校留任,2,"國立高雄科技大學財政稅務系(備取,分發); 國立高雄科技大學會計資訊系(備取)"
CAND_1028,113,nkust_tax,國立高雄科技大學,財政稅務系,國立高雄科技大學 財政稅務系,69090105,周*潔,備取,國立高雄科技大學,國立高雄科技大學會計資訊系,原校系/本校留任,2,"國立高雄科技大學財政稅務系(備取); 國立高雄科技大學會計資訊系(正取,分發)"
CAND_1029,113,nkust_tax,國立高雄科技大學,財政稅務系,國立高雄科技大學 財政稅務系,61090639,林*帆,備取,國立高雄科技大學,國立高雄科技大學財政稅務系,原校系/本校留任,1,"國立高雄科技大學財政稅務系(備取,分發)"
CAND_1030,113,nkust_tax,國立高雄科技大學,財政稅務系,國立高雄科技大學 財政稅務系,61090523,—,備取,國立臺中科技大學,國立臺中科技大學財政稅務系,其他學校錄取,3,"國立高雄科技大學財政稅務系(備取); 國立虎尾科技大學財務金融系(通過); 國立臺中科技大學財政稅務系(正取,分發)"
CAND_1031,113,nkust_tax,國立高雄科技大學,財政稅務系,國立高雄科技大學 財政稅務系,59090046,陳*,備取,國立高雄科技大學,國立高雄科技大學財政稅務系,原校系/本校留任,2,"國立高雄科技大學財政稅務系(備取,分發); 國立臺中科技大學財政稅務系(正取)"
CAND_1032,113,nkust_tax,國立高雄科技大學,財政稅務系,國立高雄科技大學 財政稅務系,61090901,張*妤,備取,國立高雄科技大學,國立高雄科技大學財政稅務系,原校系/本校留任,2,"國立高雄科技大學財政稅務系(備取,分發); 國立臺中科技大學會計資訊系(正取)"
CAND_1033,113,nkust_tax,國立高雄科技大學,財政稅務系,國立高雄科技大學 財政稅務系,64090111,許*,備取,國立臺中科技大學,國立臺中科技大學財政稅務系,其他學校錄取,3,"國立高雄科技大學財政稅務系(備取); 國立臺中科技大學財政稅務系(正取,分發); 國立臺北商業大學商業設計管理系(桃園校區)(備取)"
CAND_1034,113,nkust_tax,國立高雄科技大學,財政稅務系,國立高雄科技大學 財政稅務系,64090320,葵*,備取,國立臺中科技大學,國立臺中科技大學財政稅務系,其他學校錄取,2,"國立高雄科技大學財政稅務系(備取); 國立臺中科技大學財政稅務系(備取,分發)"
CAND_1035,113,nkust_tax,國立高雄科技大學,財政稅務系,國立高雄科技大學 財政稅務系,61091067,*盈,備取,國立高雄科技大學,國立高雄科技大學財政稅務系,原校系/本校留任,1,"國立高雄科技大學財政稅務系(備取,分發)"
CAND_1036,113,nkust_tax,國立高雄科技大學,財政稅務系,國立高雄科技大學 財政稅務系,73090341,*程,備取,國立高雄科技大學,國立高雄科技大學會計資訊系,原校系/本校留任,4,"國立高雄科技大學財政稅務系(備取); 國立高雄科技大學會計資訊系(備取,分發); 中原大學會計學系(備取); 逢甲大學會計學系(備取)"
CAND_1037,113,nkust_tax,國立高雄科技大學,財政稅務系,國立高雄科技大學 財政稅務系,65090113,楊*縈,備取,國立臺中科技大學,國立臺中科技大學應用日語系,其他學校錄取,2,"國立高雄科技大學財政稅務系(備取); 國立臺中科技大學應用日語系(正取,分發)"
CAND_1038,113,nkust_tax,國立高雄科技大學,財政稅務系,國立高雄科技大學 財政稅務系,61091623,周*,備取,國立臺中科技大學,國立臺中科技大學財政稅務系,其他學校錄取,3,"國立高雄科技大學財政稅務系(備取); 國立虎尾科技大學財務金融系(正取); 國立臺中科技大學財政稅務系(正取,分發)"
CAND_1039,113,nkust_tax,國立高雄科技大學,財政稅務系,國立高雄科技大學 財政稅務系,60090014,黄*綸,備取,國立臺北商業大學,國立臺北商業大學國際商務系(臺北校區),其他學校錄取,5,"國立高雄科技大學財政稅務系(備取); 國立高雄科技大學金融系(備取); 國立虎尾科技大學財務金融系(正取); 國立臺中科技大學財政稅務系(正取); 國立臺北商業大學國際商務系(臺北校區)(正取,分發)"
CAND_1040,113,nkust_tax,國立高雄科技大學,財政稅務系,國立高雄科技大學 財政稅務系,61090723,—,備取,—,—,未分發或放棄,2,國立高雄科技大學財政稅務系(備取); 國立虎尾科技大學財務金融系(正取)
CAND_1041,113,nkust_tax,國立高雄科技大學,財政稅務系,國立高雄科技大學 財政稅務系,68090384,*哈,備取,國立高雄科技大學,國立高雄科技大學財政稅務系,原校系/本校留任,3,"國立高雄科技大學財政稅務系(備取,分發); 國立臺中科技大學財政稅務系(通過); 國立屏東大學資訊管理學系(正取)"
CAND_1042,113,nkust_tax,國立高雄科技大學,財政稅務系,國立高雄科技大學 財政稅務系,69090130,吳*丞,備取,國立高雄科技大學,國立高雄科技大學財政稅務系,原校系/本校留任,3,"國立高雄科技大學財政稅務系(備取,分發); 國立高雄科技大學企業管理系(正取); 國立臺中科技大學財務金融系(通過)"
CAND_1043,113,nkust_tax,國立高雄科技大學,財政稅務系,國立高雄科技大學 財政稅務系,65090061,蕭*璇,備取,國立虎尾科技大學,國立虎尾科技大學財務金融系,其他學校錄取,5,"國立高雄科技大學財政稅務系(備取); 國立虎尾科技大學企業管理系(正取); 國立虎尾科技大學財務金融系(備取,分發); 國立勤益科技大學企業管理系(備取); 國立臺中科技大學財政稅務系(備取)"
CAND_1044,113,nkust_tax,國立高雄科技大學,財政稅務系,國立高雄科技大學 財政稅務系,52090761,李*,備取,國立臺北商業大學,國立臺北商業大學財政稅務系(臺北校區),其他學校錄取,5,"國立高雄科技大學財政稅務系(通過); 國立臺北科技大學資訊與財金管理系(通過); 國立臺中科技大學財政稅務系(通過); 國立臺北商業大學財政稅務系(臺北校區)(備取,分發); 國立臺北商業大學國際商務系(臺北校區)(正取)"
CAND_1045,113,nkust_tax,國立高雄科技大學,財政稅務系,國立高雄科技大學 財政稅務系,52090833,賴*彤,備取,國立臺中科技大學,國立臺中科技大學會計資訊系,其他學校錄取,3,"國立高雄科技大學財政稅務系(通過); 國立高雄科技大學會計資訊系(通過); 國立臺中科技大學會計資訊系(正取,分發)"
CAND_1046,113,nkust_tax,國立高雄科技大學,財政稅務系,國立高雄科技大學 財政稅務系,54090101,林*臻,備取,—,—,未分發或放棄,2,國立高雄科技大學財政稅務系(通過); 國立臺北商業大學商業設計管理系(桃園校區)(通過)
CAND_1047,113,nkust_tax,國立高雄科技大學,財政稅務系,國立高雄科技大學 財政稅務系,55090230,林*堃,備取,國立高雄科技大學,國立高雄科技大學國際企業系,原校系/本校留任,2,"國立高雄科技大學財政稅務系(通過); 國立高雄科技大學國際企業系(正取,分發)"
CAND_1048,113,nkust_tax,國立高雄科技大學,財政稅務系,國立高雄科技大學 財政稅務系,55090238,賴*彤,備取,—,—,未分發或放棄,2,國立高雄科技大學財政稅務系(通過); 國立高雄科技大學金融系(通過)
CAND_1049,113,nkust_tax,國立高雄科技大學,財政稅務系,國立高雄科技大學 財政稅務系,57090875,彭*虹,備取,國立臺中科技大學,國立臺中科技大學會計資訊系,其他學校錄取,4,"國立高雄科技大學財政稅務系(通過); 國立高雄科技大學會計資訊系(通過); 國立臺中科技大學會計資訊系(正取,分發); 中原大學會計學系(正取)"
CAND_1050,113,nkust_tax,國立高雄科技大學,財政稅務系,國立高雄科技大學 財政稅務系,58090157,范*,備取,國立臺中科技大學,國立臺中科技大學財務金融系,其他學校錄取,2,"國立高雄科技大學財政稅務系(通過); 國立臺中科技大學財務金融系(正取,分發)"
CAND_1051,113,nkust_tax,國立高雄科技大學,財政稅務系,國立高雄科技大學 財政稅務系,58090173,謝*穎,備取,國立臺北商業大學,國立臺北商業大學商業設計管理系(桃園校區),其他學校錄取,5,"國立高雄科技大學財政稅務系(通過); 國立高雄科技大學文化創意產業系(正取); 國立臺中科技大學財政稅務系(通過); 國立臺北商業大學商業設計管理系(桃園校區)(正取,分發); 國立臺北商業大學數位多媒體設計系(桃園校區)(備取)"
CAND_1052,113,nkust_tax,國立高雄科技大學,財政稅務系,國立高雄科技大學 財政稅務系,58090413,—,備取,—,—,未分發或放棄,2,國立高雄科技大學財政稅務系(通過); 國立臺中科技大學財政稅務系(通過)
CAND_1053,113,nkust_tax,國立高雄科技大學,財政稅務系,國立高雄科技大學 財政稅務系,61090072,吳*J,備取,國立臺北商業大學,國立臺北商業大學企業管理系(臺北校區),其他學校錄取,3,"國立高雄科技大學財政稅務系(通過); 國立高雄科技大學財務管理系(通過); 國立臺北商業大學企業管理系(臺北校區)(備取,分發)"
CAND_1054,113,nkust_tax,國立高雄科技大學,財政稅務系,國立高雄科技大學 財政稅務系,61090551,袁*棋,備取,—,—,未分發或放棄,2,國立高雄科技大學財政稅務系(通過); 國立高雄科技大學金融系(備取)
CAND_1055,113,nkust_tax,國立高雄科技大學,財政稅務系,國立高雄科技大學 財政稅務系,61090583,郭*妤,備取,國立雲林科技大學,國立雲林科技大學企業管理系,其他學校錄取,3,"國立高雄科技大學財政稅務系(通過); 國立雲林科技大學企業管理系(備取,分發); 國立臺中科技大學財政稅務系(通過)"
CAND_1056,113,nkust_tax,國立高雄科技大學,財政稅務系,國立高雄科技大學 財政稅務系,61090609,賴*靜,備取,國立高雄科技大學,國立高雄科技大學航運管理系,原校系/本校留任,3,"國立高雄科技大學財政稅務系(通過); 國立高雄科技大學金融系(正取); 國立高雄科技大學航運管理系(正取,分發)"
CAND_1057,113,nkust_tax,國立高雄科技大學,財政稅務系,國立高雄科技大學 財政稅務系,61090623,楊*瑜,備取,國立虎尾科技大學,國立虎尾科技大學財務金融系,其他學校錄取,3,"國立高雄科技大學財政稅務系(通過); 國立虎尾科技大學財務金融系(正取,分發); 國立臺中科技大學財政稅務系(通過)"
CAND_1058,113,nkust_tax,國立高雄科技大學,財政稅務系,國立高雄科技大學 財政稅務系,61090737,張*穎,備取,國立臺北商業大學,國立臺北商業大學數位多媒體設計系(桃園校區),其他學校錄取,5,"國立高雄科技大學財政稅務系(通過); 國立高雄科技大學智慧商務系(正取); 國立勤益科技大學資訊管理系(正取); 國立臺中科技大學財政稅務系(正取); 國立臺北商業大學數位多媒體設計系(桃園校區)(正取,分發)"
CAND_1059,113,nkust_tax,國立高雄科技大學,財政稅務系,國立高雄科技大學 財政稅務系,61091031,李*臻,備取,—,—,未分發或放棄,2,國立高雄科技大學財政稅務系(通過); 國立高雄科技大學資訊管理系(通過)
CAND_1060,113,nkust_tax,國立高雄科技大學,財政稅務系,國立高雄科技大學 財政稅務系,61091137,陳*廷,備取,逢甲大學,逢甲大學財稅學系,其他學校錄取,3,"國立高雄科技大學財政稅務系(通過); 國立臺中科技大學財政稅務系(正取); 逢甲大學財稅學系(正取,分發)"
CAND_1061,113,nkust_tax,國立高雄科技大學,財政稅務系,國立高雄科技大學 財政稅務系,61091279,*晨,備取,—,—,未分發或放棄,4,國立高雄科技大學財政稅務系(通過); 國立高雄科技大學金融資訊系(通過); 國立虎尾科技大學企業管理系(通過); 朝陽科技大學企業管理系(通過)
CAND_1062,113,nkust_tax,國立高雄科技大學,財政稅務系,國立高雄科技大學 財政稅務系,61091307,蕭*晅,備取,國立彰化師範大學,國立彰化師範大學財務金融技術學系,其他學校錄取,2,"國立高雄科技大學財政稅務系(通過); 國立彰化師範大學財務金融技術學系(備取,分發)"
CAND_1063,113,nkust_tax,國立高雄科技大學,財政稅務系,國立高雄科技大學 財政稅務系,61091419,葵*,備取,—,—,未分發或放棄,4,國立高雄科技大學財政稅務系(通過); 國立雲林科技大學企業管理系(通過); 國立雲林科技大學財務金融系(備取); 國立高雄科技大學金融系(通過)
CAND_1064,113,nkust_tax,國立高雄科技大學,財政稅務系,國立高雄科技大學 財政稅務系,61091463,林*頡,備取,國立高雄科技大學,國立高雄科技大學航運管理系,原校系/本校留任,3,"國立高雄科技大學財政稅務系(通過); 國立高雄科技大學航運管理系(備取,分發); 國立臺中科技大學國際貿易與經營系(通過)"
CAND_1065,113,nkust_tax,國立高雄科技大學,財政稅務系,國立高雄科技大學 財政稅務系,61091587,蘇*婷,備取,國立高雄科技大學,國立高雄科技大學金融系,原校系/本校留任,3,"國立高雄科技大學財政稅務系(通過); 國立高雄科技大學金融系(備取,分發); 國立臺中科技大學國際貿易與經營系(通過)"
CAND_1066,113,nkust_tax,國立高雄科技大學,財政稅務系,國立高雄科技大學 財政稅務系,61091677,魏*蓓,備取,國立高雄科技大學,國立高雄科技大學航運管理系,原校系/本校留任,3,"國立高雄科技大學財政稅務系(通過); 國立高雄科技大學航運管理系(正取,分發); 國立臺中科技大學國際貿易與經營系(通過)"
CAND_1067,113,nkust_tax,國立高雄科技大學,財政稅務系,國立高雄科技大學 財政稅務系,64090031,徐*瑜,備取,國立高雄科技大學,國立高雄科技大學金融系,原校系/本校留任,4,"國立高雄科技大學財政稅務系(通過); 國立雲林科技大學資訊管理系(通過); 國立高雄科技大學金融系(正取,分發); 國立臺中科技大學財務金融系(正取)"
CAND_1068,113,nkust_tax,國立高雄科技大學,財政稅務系,國立高雄科技大學 財政稅務系,64090064,張*楷,備取,國立雲林科技大學,國立雲林科技大學財務金融系,其他學校錄取,6,"國立高雄科技大學財政稅務系(通過); 國立雲林科技大學工業工程與管理系(備取); 國立雲林科技大學財務金融系(備取,分發); 國立高雄科技大學金融系(正取); 國立高雄科技大學財務管理系(通過); 國立臺中科技大學財務金融系(通過)"
CAND_1069,113,nkust_tax,國立高雄科技大學,財政稅務系,國立高雄科技大學 財政稅務系,64090107,*容,備取,—,—,未分發或放棄,1,國立高雄科技大學財政稅務系(通過)
CAND_1070,113,nkust_tax,國立高雄科技大學,財政稅務系,國立高雄科技大學 財政稅務系,64090139,鄭*婕,備取,—,—,未分發或放棄,4,國立高雄科技大學財政稅務系(通過); 國立高雄科技大學財務管理系(通過); 國立虎尾科技大學財務金融系(通過); 國立臺中科技大學財務金融系(通過)
CAND_1071,113,nkust_tax,國立高雄科技大學,財政稅務系,國立高雄科技大學 財政稅務系,64090160,沈*茜,備取,逢甲大學,逢甲大學國際經營與貿易學系,其他學校錄取,4,"國立高雄科技大學財政稅務系(通過); 國立高雄科技大學航運管理系(備取); 國立臺中科技大學國際貿易與經營系(通過); 逢甲大學國際經營與貿易學系(正取,分發)"
CAND_1072,113,nkust_tax,國立高雄科技大學,財政稅務系,國立高雄科技大學 財政稅務系,64090169,陳*,備取,—,—,未分發或放棄,1,國立高雄科技大學財政稅務系(通過)
CAND_1073,113,nkust_tax,國立高雄科技大學,財政稅務系,國立高雄科技大學 財政稅務系,64090359,許*𡤃,備取,國立高雄科技大學,國立高雄科技大學金融系,原校系/本校留任,4,"國立高雄科技大學財政稅務系(通過); 國立高雄科技大學金融系(備取,分發); 國立高雄科技大學會計資訊系(通過); 國立臺中科技大學會計資訊系(通過)"
CAND_1074,113,nkust_tax,國立高雄科技大學,財政稅務系,國立高雄科技大學 財政稅務系,64090539,林*妤,備取,國立雲林科技大學,國立雲林科技大學會計系,其他學校錄取,5,"國立高雄科技大學財政稅務系(通過); 國立雲林科技大學會計系(正取,分發); 國立高雄科技大學金融系(通過); 國立高雄科技大學會計資訊系(通過); 國立臺中科技大學會計資訊系(通過)"
CAND_1075,113,nkust_tax,國立高雄科技大學,財政稅務系,國立高雄科技大學 財政稅務系,64090575,許*,備取,國立雲林科技大學,國立雲林科技大學會計系,其他學校錄取,5,"國立高雄科技大學財政稅務系(通過); 國立雲林科技大學會計系(正取,分發); 國立高雄科技大學財務管理系(通過); 國立高雄科技大學會計資訊系(通過); 國立臺中科技大學會計資訊系(通過)"
CAND_1076,113,nkust_tax,國立高雄科技大學,財政稅務系,國立高雄科技大學 財政稅務系,64090595,黄*祐,備取,—,—,未分發或放棄,2,國立高雄科技大學財政稅務系(通過); 國立雲林科技大學會計系(備取)
CAND_1077,113,nkust_tax,國立高雄科技大學,財政稅務系,國立高雄科技大學 財政稅務系,65090017,林*筑,備取,國立臺北商業大學,國立臺北商業大學財務金融系(臺北校區),其他學校錄取,6,"國立高雄科技大學財政稅務系(通過); 國立雲林科技大學企業管理系(通過); 國立雲林科技大學財務金融系(通過); 國立高雄科技大學風險管理與保險系(通過); 國立臺北商業大學財務金融系(臺北校區)(備取,分發); 國立臺北商業大學財政稅務系(臺北校區)(通過)"
CAND_1078,113,nkust_tax,國立高雄科技大學,財政稅務系,國立高雄科技大學 財政稅務系,65090062,林*晨,備取,國立高雄科技大學,國立高雄科技大學金融系,原校系/本校留任,2,"國立高雄科技大學財政稅務系(通過); 國立高雄科技大學金融系(備取,分發)"
CAND_1079,113,nkust_tax,國立高雄科技大學,財政稅務系,國立高雄科技大學 財政稅務系,65090086,盧*日,備取,—,—,未分發或放棄,3,國立高雄科技大學財政稅務系(通過); 國立高雄科技大學金融系(通過); 國立臺中科技大學財務金融系(通過)
CAND_1080,113,nkust_tax,國立高雄科技大學,財政稅務系,國立高雄科技大學 財政稅務系,65090265,陳*航,備取,國立高雄科技大學,國立高雄科技大學金融系,原校系/本校留任,4,"國立高雄科技大學財政稅務系(通過); 國立高雄科技大學國際企業系(通過); 國立高雄科技大學金融系(備取,分發); 國立臺中科技大學財政稅務系(通過)"
CAND_1081,113,nkust_tax,國立高雄科技大學,財政稅務系,國立高雄科技大學 財政稅務系,66090334,林*儀,備取,國立臺中科技大學,國立臺中科技大學財務金融系,其他學校錄取,3,"國立高雄科技大學財政稅務系(通過); 國立高雄科技大學金融系(正取); 國立臺中科技大學財務金融系(正取,分發)"
CAND_1082,113,nkust_tax,國立高雄科技大學,財政稅務系,國立高雄科技大學 財政稅務系,67090142,黄*𤋺,備取,—,—,未分發或放棄,2,國立高雄科技大學財政稅務系(通過); 國立臺中科技大學財務金融系(通過)
CAND_1083,113,nkust_tax,國立高雄科技大學,財政稅務系,國立高雄科技大學 財政稅務系,67090150,蘇*岑,備取,國立雲林科技大學,國立雲林科技大學財務金融系,其他學校錄取,6,"國立高雄科技大學財政稅務系(通過); 國立雲林科技大學財務金融系(正取,分發); 國立雲林科技大學會計系(正取); 國立高雄科技大學金融系(正取); 國立高雄科技大學財務管理系(通過); 國立臺中科技大學財務金融系(通過)"
CAND_1084,113,nkust_tax,國立高雄科技大學,財政稅務系,國立高雄科技大學 財政稅務系,67090198,朱*瑄,備取,國立雲林科技大學,國立雲林科技大學企業管理系,其他學校錄取,5,"國立高雄科技大學財政稅務系(通過); 國立雲林科技大學企業管理系(正取,分發); 國立高雄科技大學金融系(通過); 國立高雄科技大學財務管理系(通過); 國立臺中科技大學財務金融系(通過)"
CAND_1085,113,nkust_tax,國立高雄科技大學,財政稅務系,國立高雄科技大學 財政稅務系,67090238,陳*杉,備取,—,—,未分發或放棄,2,國立高雄科技大學財政稅務系(通過); 國立高雄科技大學國際企業系(通過)
CAND_1086,113,nkust_tax,國立高雄科技大學,財政稅務系,國立高雄科技大學 財政稅務系,67090259,黄*珊,備取,國立臺中科技大學,國立臺中科技大學國際貿易與經營系,其他學校錄取,4,"國立高雄科技大學財政稅務系(通過); 國立高雄科技大學航運管理系(備取); 國立臺中科技大學國際貿易與經營系(正取,分發); 國立屏東大學國際經營與貿易學系(通過)"
CAND_1087,113,nkust_tax,國立高雄科技大學,財政稅務系,國立高雄科技大學 財政稅務系,67090282,陳*倫,備取,國立雲林科技大學,國立雲林科技大學會計系,其他學校錄取,4,"國立高雄科技大學財政稅務系(通過); 國立雲林科技大學會計系(正取,分發); 國立高雄科技大學會計資訊系(通過); 國立臺中科技大學會計資訊系(正取)"
CAND_1088,113,nkust_tax,國立高雄科技大學,財政稅務系,國立高雄科技大學 財政稅務系,67090334,簡*豪,備取,—,—,未分發或放棄,4,國立高雄科技大學財政稅務系(通過); 國立高雄科技大學會計資訊系(通過); 國立臺中科技大學財政稅務系(通過); 國立屏東大學會計學系(通過)
CAND_1089,113,nkust_tax,國立高雄科技大學,財政稅務系,國立高雄科技大學 財政稅務系,67090422,維*甯,備取,—,—,未分發或放棄,3,國立高雄科技大學財政稅務系(通過); 國立虎尾科技大學財務金融系(通過); 國立臺中科技大學會計資訊系(通過)
CAND_1090,113,nkust_tax,國立高雄科技大學,財政稅務系,國立高雄科技大學 財政稅務系,68090266,*揚,備取,—,—,未分發或放棄,2,國立高雄科技大學財政稅務系(通過); 國立臺中科技大學會計資訊系(通過)
CAND_1091,113,nkust_tax,國立高雄科技大學,財政稅務系,國立高雄科技大學 財政稅務系,68090273,林*,備取,國立高雄科技大學,國立高雄科技大學人力資源發展系,原校系/本校留任,4,"國立高雄科技大學財政稅務系(通過); 國立雲林科技大學財務金融系(備取); 國立高雄科技大學人力資源發展系(正取,分發); 國立高雄科技大學金融資訊系(通過)"
CAND_1092,113,nkust_tax,國立高雄科技大學,財政稅務系,國立高雄科技大學 財政稅務系,68090286,余*翎,備取,國立高雄科技大學,國立高雄科技大學會計資訊系,原校系/本校留任,2,"國立高雄科技大學財政稅務系(通過); 國立高雄科技大學會計資訊系(正取,分發)"
CAND_1093,113,nkust_tax,國立高雄科技大學,財政稅務系,國立高雄科技大學 財政稅務系,69090024,蕭*,備取,國立高雄科技大學,國立高雄科技大學金融系,原校系/本校留任,2,"國立高雄科技大學財政稅務系(通過); 國立高雄科技大學金融系(備取,分發)"
CAND_1094,113,nkust_tax,國立高雄科技大學,財政稅務系,國立高雄科技大學 財政稅務系,69090097,陳*,備取,—,—,未分發或放棄,4,國立高雄科技大學財政稅務系(通過); 國立雲林科技大學會計系(通過); 國立高雄科技大學金融系(通過); 國立臺中科技大學會計資訊系(正取)
CAND_1095,113,nkust_tax,國立高雄科技大學,財政稅務系,國立高雄科技大學 財政稅務系,70090438,張*綜,備取,—,—,未分發或放棄,3,國立高雄科技大學財政稅務系(通過); 國立高雄科技大學金融系(通過); 國立臺中科技大學財政稅務系(通過)
CAND_1096,113,nkust_tax,國立高雄科技大學,財政稅務系,國立高雄科技大學 財政稅務系,70090989,許*熙,備取,—,—,未分發或放棄,1,國立高雄科技大學財政稅務系(通過)
CAND_1097,113,nkust_tax,國立高雄科技大學,財政稅務系,國立高雄科技大學 財政稅務系,70091170,朱*瑄,備取,—,—,未分發或放棄,1,國立高雄科技大學財政稅務系(通過)
CAND_1098,113,nkust_tax,國立高雄科技大學,財政稅務系,國立高雄科技大學 財政稅務系,74090014,賴*潔,備取,朝陽科技大學,朝陽科技大學財務金融系,其他學校錄取,5,"國立高雄科技大學財政稅務系(通過); 國立臺中科技大學財政稅務系(備取); 朝陽科技大學財務金融系(正取,分發); 僑光科技大學財務金融系(通過); 慈濟科技大學經營管理系(通過)"
CAND_1099,113,nkust_tax,國立高雄科技大學,財政稅務系,國立高雄科技大學 財政稅務系,78090020,陳*女,備取,國立臺北商業大學,國立臺北商業大學會計資訊系(臺北校區),其他學校錄取,4,"國立高雄科技大學財政稅務系(通過); 國立臺中科技大學財務金融系(正取); 國立臺北商業大學會計資訊系(臺北校區)(正取,分發); 國立臺北商業大學財務金融系(臺北校區)(正取)"
CAND_1100,115,fcu_tax,逢甲大學,財稅學系,逢甲大學 財稅學系,112,楊*均,正取,逢甲大學,"逢甲大學
土地管理學系",原校系/本校留任,3,"逢甲大學
財稅學系(正取); 逢甲大學
土地管理學系(正取,分發); 國立臺南大學
經營與管理學系(備取)"
CAND_1101,115,fcu_tax,逢甲大學,財稅學系,逢甲大學 財稅學系,1127,藍*永,正取,逢甲大學,"逢甲大學
財務金融學系",原校系/本校留任,4,"逢甲大學
財稅學系(正取); 東海大學
會計學系(正取); 逢甲大學
財務金融學系(正取,分發); 國立高雄科技大學財政稅務系(通過)"
CAND_1102,115,fcu_tax,逢甲大學,財稅學系,逢甲大學 財稅學系,1112,楊*瑄,正取,逢甲大學,"逢甲大學
財稅學系",原校系/本校留任,5,"逢甲大學
財稅學系(正取,分發); 東海大學
會計學系(正取); 逢甲大學
會計學系(正取); 靜宜大學
會計學系(通過); 靜宜大學
財務金融學系(正取)"
CAND_1103,115,fcu_tax,逢甲大學,財稅學系,逢甲大學 財稅學系,1126,張*,正取,亞洲大學,"亞洲大學
職能治療學系",其他學校錄取,3,"逢甲大學
財稅學系(正取); 逢甲大學
會計學系(正取); 亞洲大學
職能治療學系(正取,分發)"
CAND_1104,115,fcu_tax,逢甲大學,財稅學系,逢甲大學 財稅學系,1126,吳*悅,正取,逢甲大學,"逢甲大學
財稅學系",原校系/本校留任,5,"逢甲大學
財稅學系(正取,分發); 東海大學
會計學系(正取); 逢甲大學
土地管理學系(正取); 國立聯合大學
財務金融學系(通過); 國立高雄科技大學財政稅務系(備取)"
CAND_1105,115,fcu_tax,逢甲大學,財稅學系,逢甲大學 財稅學系,1125,葉*,正取,逢甲大學,"逢甲大學
財稅學系",原校系/本校留任,6,"逢甲大學
財稅學系(正取,分發); 中原大學
國際經營與貿易學系(備取); 中原大學
會計學系(備取); 逢甲大學
會計學系(正取); 逢甲大學
國際經營與貿易學系(正取); 國立嘉義大學
企業管理學系(備取)"
CAND_1106,115,fcu_tax,逢甲大學,財稅學系,逢甲大學 財稅學系,1115,朱*盈,正取,逢甲大學,"逢甲大學
財稅學系",原校系/本校留任,3,"逢甲大學
財稅學系(正取,分發); 逢甲大學
企業管理學系(備取); 逢甲大學
行銷學系(備取)"
CAND_1107,115,fcu_tax,逢甲大學,財稅學系,逢甲大學 財稅學系,1115,賴*堯,正取,東海大學,"東海大學
會計學系",其他學校錄取,4,"逢甲大學
財稅學系(正取); 東海大學
會計學系(正取,分發); 逢甲大學
會計學系(正取); 亞洲大學
財經法律學系(正取)"
CAND_1108,115,fcu_tax,逢甲大學,財稅學系,逢甲大學 財稅學系,1133,蘇*語,正取,逢甲大學,"逢甲大學
財稅學系",原校系/本校留任,7,"逢甲大學
財稅學系(正取,分發); 東海大學
經濟學系(正取); 逢甲大學
會計學系(備取); 逢甲大學
統計學系商業大數據組(通過); 國立高雄科技大學會計資訊系(備取); 南臺科技大學國際企業系(通過); 南臺科技大學財務金融系(備取)"
CAND_1109,115,fcu_tax,逢甲大學,財稅學系,逢甲大學 財稅學系,1125,朱*瑜,正取,淡江大學,"淡江大學
企業管理學系",其他學校錄取,4,"逢甲大學
財稅學系(正取); 東海大學
會計學系(正取); 淡江大學
企業管理學系(正取,分發); 銘傳大學
企業管理學系品牌行銷組(臺北校區)(正取)"
CAND_1110,115,fcu_tax,逢甲大學,財稅學系,逢甲大學 財稅學系,112,陳*呈,正取,逢甲大學,"逢甲大學
財稅學系",原校系/本校留任,5,"逢甲大學
財稅學系(正取,分發); 中國醫藥大學
公共衛生學院大一不分系(備取); 逢甲大學
自動控制工程學系(備取); 逢甲大學
通訊工程學系(備取); 國立臺中教育大學
數位內容科技學系(通過)"
CAND_1111,115,fcu_tax,逢甲大學,財稅學系,逢甲大學 財稅學系,1128,歐*,正取,東海大學,"東海大學
會計學系",其他學校錄取,5,"逢甲大學
財稅學系(正取); 東海大學
會計學系(正取,分發); 靜宜大學
應用化學系(通過); 國立高雄科技大學會計資訊系(備取); 嘉南藥理大學食藥產業暨檢測科技系(備取)"
CAND_1112,115,fcu_tax,逢甲大學,財稅學系,逢甲大學 財稅學系,1102,葉*恩,正取,逢甲大學,"逢甲大學
財稅學系",原校系/本校留任,4,"逢甲大學
財稅學系(正取,分發); 淡江大學
經濟學系(備取); 逢甲大學
經濟學系(正取); 亞洲大學
財務金融學系智能投資組(備取)"
CAND_1113,115,fcu_tax,逢甲大學,財稅學系,逢甲大學 財稅學系,1119,何*謙,正取,逢甲大學,"逢甲大學
財稅學系",原校系/本校留任,3,"逢甲大學
財稅學系(正取,分發); 逢甲大學
會計學系(正取); 逢甲大學
國際經營與貿易學系(正取)"
CAND_1114,115,fcu_tax,逢甲大學,財稅學系,逢甲大學 財稅學系,1114,—,正取,東海大學,"東海大學
會計學系",其他學校錄取,4,"逢甲大學
財稅學系(正取); 東海大學
會計學系(正取,分發); 逢甲大學
企業管理學系(備取); 靜宜大學
會計學系(備取)"
CAND_1115,115,fcu_tax,逢甲大學,財稅學系,逢甲大學 財稅學系,1126,朱*,正取,逢甲大學,"逢甲大學
會計學系",原校系/本校留任,6,"逢甲大學
財稅學系(正取); 中原大學
會計學系(通過); 東海大學
會計學系(正取); 逢甲大學
會計學系(正取,分發); 逢甲大學
國際經營與貿易學系(通過); 靜宜大學
會計學系(通過)"
CAND_1116,115,fcu_tax,逢甲大學,財稅學系,逢甲大學 財稅學系,1125,黄*綺,正取,逢甲大學,"逢甲大學
財稅學系",原校系/本校留任,5,"逢甲大學
財稅學系(正取,分發); 東海大學
國際經營與貿易學系(備取); 淡江大學
會計學系(通過); 逢甲大學
會計學系(正取); 逢甲大學
國際經營與貿易學系(備取)"
CAND_1117,115,fcu_tax,逢甲大學,財稅學系,逢甲大學 財稅學系,1123,鄭*,正取,逢甲大學,"逢甲大學
財稅學系",原校系/本校留任,4,"逢甲大學
財稅學系(正取,分發); 東海大學
日本語言文化學系(通過); 東海大學
財務金融學系(通過); 逢甲大學
會計學系(通過)"
CAND_1118,115,fcu_tax,逢甲大學,財稅學系,逢甲大學 財稅學系,1136,侯*翔,正取,逢甲大學,"逢甲大學
財稅學系",原校系/本校留任,4,"逢甲大學
財稅學系(正取,分發); 淡江大學
會計學系(備取); 逢甲大學
會計學系(正取); 世新大學
財務金融學系(備取)"
CAND_1119,115,fcu_tax,逢甲大學,財稅學系,逢甲大學 財稅學系,1118,郭*,正取,逢甲大學,"逢甲大學
財稅學系",原校系/本校留任,3,"逢甲大學
財稅學系(正取,分發); 中原大學
財務金融學系(正取); 銘傳大學
財金法律學系(臺北校區)(通過)"
CAND_1120,115,fcu_tax,逢甲大學,財稅學系,逢甲大學 財稅學系,1128,*妤,正取,東海大學,"東海大學
會計學系",其他學校錄取,5,"逢甲大學
財稅學系(正取); 東海大學
會計學系(正取,分發); 淡江大學
會計學系(備取); 淡江大學
資訊管理學系(備取); 國立高雄科技大學會計資訊系(備取)"
CAND_1121,115,fcu_tax,逢甲大學,財稅學系,逢甲大學 財稅學系,1128,邴*,正取,逢甲大學,"逢甲大學
財稅學系",原校系/本校留任,3,"逢甲大學
財稅學系(正取,分發); 中原大學
會計學系(備取); 逢甲大學
會計學系(正取)"
CAND_1122,115,fcu_tax,逢甲大學,財稅學系,逢甲大學 財稅學系,1115,林*瑜,正取,逢甲大學,"逢甲大學
財稅學系",原校系/本校留任,4,"逢甲大學
財稅學系(正取,分發); 東海大學
會計學系(正取); 淡江大學
風險管理與保險學系(備取); 逢甲大學
風險管理與保險學系(正取)"
CAND_1123,115,fcu_tax,逢甲大學,財稅學系,逢甲大學 財稅學系,1111,陳*,正取,逢甲大學,"逢甲大學
財稅學系",原校系/本校留任,4,"逢甲大學
財稅學系(正取,分發); 淡江大學
會計學系(正取); 銘傳大學
會計學系會計審計組(臺北校區)(正取); 銘傳大學
會計學系稅務規劃組(臺北校區)(備取)"
CAND_1124,115,fcu_tax,逢甲大學,財稅學系,逢甲大學 財稅學系,1129,陳*豪,正取,逢甲大學,"逢甲大學
財稅學系",原校系/本校留任,3,"逢甲大學
財稅學系(正取,分發); 國立金門大學
企業管理學系(正取); 國立金門大學
都市計畫與景觀學系(正取)"
CAND_1125,115,fcu_tax,逢甲大學,財稅學系,逢甲大學 財稅學系,1111,—,正取,逢甲大學,"逢甲大學
土地管理學系",原校系/本校留任,4,"逢甲大學
財稅學系(正取); 逢甲大學
土地管理學系(正取,分發); 國立屏東大學
中國語文學系(備取); 銘傳大學
犯罪防治學系(桃園校區)(正取)"
CAND_1126,115,fcu_tax,逢甲大學,財稅學系,逢甲大學 財稅學系,1123,*翔,正取,逢甲大學,"逢甲大學
財稅學系",原校系/本校留任,4,"逢甲大學
財稅學系(正取,分發); 東海大學
會計學系(備取); 淡江大學
會計學系(備取); 銘傳大學
會計學系會計審計組(臺北校區)(正取)"
CAND_1127,115,fcu_tax,逢甲大學,財稅學系,逢甲大學 財稅學系,1127,余*妍,正取,逢甲大學,"逢甲大學
財稅學系",原校系/本校留任,4,"逢甲大學
財稅學系(正取,分發); 中原大學
會計學系(正取); 東海大學
會計學系(備取); 逢甲大學
會計學系(正取)"
CAND_1128,115,fcu_tax,逢甲大學,財稅學系,逢甲大學 財稅學系,1118,黄*穎,正取,逢甲大學,"逢甲大學
財稅學系",原校系/本校留任,3,"逢甲大學
財稅學系(正取,分發); 逢甲大學
國際企業管理全英語學士學位學程(備取); 逢甲大學
風險管理與保險學系(備取)"
CAND_1129,115,fcu_tax,逢甲大學,財稅學系,逢甲大學 財稅學系,1118,林*,正取,逢甲大學,"逢甲大學
財稅學系",原校系/本校留任,4,"逢甲大學
財稅學系(正取,分發); 東海大學
中國文學系(正取); 東海大學
企業管理學系(備取); 逢甲大學
中國文學系(備取)"
CAND_1130,115,fcu_tax,逢甲大學,財稅學系,逢甲大學 財稅學系,1103,連*勛,正取,淡江大學,"淡江大學
風險管理與保險學系",其他學校錄取,4,"逢甲大學
財稅學系(正取); 淡江大學
風險管理與保險學系(正取,分發); 逢甲大學
經濟學系(正取); 逢甲大學
風險管理與保險學系(備取)"
CAND_1131,115,fcu_tax,逢甲大學,財稅學系,逢甲大學 財稅學系,1112,林*恩,正取,逢甲大學,"逢甲大學
經濟學系",原校系/本校留任,6,"逢甲大學
財稅學系(正取); 逢甲大學
經濟學系(備取,分發); 國立高雄科技大學環境與安全衛生工程系(備取); 朝陽科技大學企業管理系(通過); 嘉南藥理大學環境工程與科學系(備取); 致理科技大學財務金融系(通過)"
CAND_1132,115,fcu_tax,逢甲大學,財稅學系,逢甲大學 財稅學系,1115,林*凱,正取,逢甲大學,"逢甲大學
會計學系",原校系/本校留任,6,"逢甲大學
財稅學系(正取); 中原大學
財務金融學系(通過); 東海大學
會計學系(通過); 東海大學
財務金融學系(通過); 逢甲大學
會計學系(正取,分發); 逢甲大學
財務金融學系(備取)"
CAND_1133,115,fcu_tax,逢甲大學,財稅學系,逢甲大學 財稅學系,1101,陳*,正取,國立暨南國際大學,"國立暨南國際大學
教育政策與行政學系",其他學校錄取,4,"逢甲大學
財稅學系(正取); 淡江大學
日本語文學系(正取); 靜宜大學
日本語文學系(正取); 國立暨南國際大學
教育政策與行政學系(正取,分發)"
CAND_1134,115,fcu_tax,逢甲大學,財稅學系,逢甲大學 財稅學系,1113,*宇,正取,逢甲大學,"逢甲大學
財稅學系",原校系/本校留任,2,"逢甲大學
財稅學系(正取,分發); 東海大學
會計學系(備取)"
CAND_1135,115,fcu_tax,逢甲大學,財稅學系,逢甲大學 財稅學系,1111,潘*,正取,—,—,未分發或放棄,5,"逢甲大學
財稅學系(正取); 中原大學
企業管理學系服務業管理組(備取); 國立聯合大學
經營管理學系(通過); 國立中央大學
企業管理學系(通過); 健行科技大學財務金融系投資理財組(通過)"
CAND_1136,115,fcu_tax,逢甲大學,財稅學系,逢甲大學 財稅學系,1112,陳*浩,正取,逢甲大學,"逢甲大學
財稅學系",原校系/本校留任,4,"逢甲大學
財稅學系(正取,分發); 中原大學
會計學系(通過); 淡江大學
風險管理與保險學系(通過); 逢甲大學
會計學系(備取)"
CAND_1137,115,fcu_tax,逢甲大學,財稅學系,逢甲大學 財稅學系,1117,陳*祥,正取,逢甲大學,"逢甲大學
會計學系",原校系/本校留任,4,"逢甲大學
財稅學系(正取); 逢甲大學
會計學系(備取,分發); 國立高雄科技大學財政稅務系(通過); 朝陽科技大學保險金融管理系(通過)"
CAND_1138,115,fcu_tax,逢甲大學,財稅學系,逢甲大學 財稅學系,1133,林*,正取,逢甲大學,"逢甲大學
財稅學系",原校系/本校留任,3,"逢甲大學
財稅學系(正取,分發); 東海大學
會計學系(備取); 淡江大學
會計學系(備取)"
CAND_1139,115,fcu_tax,逢甲大學,財稅學系,逢甲大學 財稅學系,1126,葵*,正取,逢甲大學,"逢甲大學
財稅學系",原校系/本校留任,6,"逢甲大學
財稅學系(正取,分發); 逢甲大學
經濟學系(正取); 靜宜大學
社會工作與兒童少年福利學系(備取); 亞洲大學
會計與資訊學系(正取); 亞洲大學
財務金融學系金融科技組(正取); 國立高雄科技大學會計資訊系(通過)"
CAND_1140,115,fcu_tax,逢甲大學,財稅學系,逢甲大學 財稅學系,1103,林*軒,正取,中原大學,"中原大學
會計學系",其他學校錄取,4,"逢甲大學
財稅學系(正取); 中原大學
企業管理學系工商管理組(備取); 中原大學
會計學系(備取,分發); 銘傳大學
會計學系會計審計組(臺北校區)(備取)"
CAND_1141,115,fcu_tax,逢甲大學,財稅學系,逢甲大學 財稅學系,1106,吳*璇,正取,逢甲大學,"逢甲大學
風險管理與保險學系",原校系/本校留任,4,"逢甲大學
財稅學系(正取); 中原大學
企業管理學系工商管理組(備取); 淡江大學
風險管理與保險學系(正取); 逢甲大學
風險管理與保險學系(正取,分發)"
CAND_1142,115,fcu_tax,逢甲大學,財稅學系,逢甲大學 財稅學系,1126,朱*珊,正取,逢甲大學,"逢甲大學
財稅學系",原校系/本校留任,3,"逢甲大學
財稅學系(正取,分發); 東海大學
會計學系(正取); 逢甲大學
經濟學系(正取)"
CAND_1143,115,fcu_tax,逢甲大學,財稅學系,逢甲大學 財稅學系,1116,*鈞,正取,逢甲大學,"逢甲大學
財稅學系",原校系/本校留任,5,"逢甲大學
財稅學系(正取,分發); 靜宜大學
財務金融學系(通過); 亞洲大學
資訊傳播學系(通過); 亞洲大學
財經法律學系(通過); 朝陽科技大學傳播藝術系(通過)"
CAND_1144,115,fcu_tax,逢甲大學,財稅學系,逢甲大學 財稅學系,1101,徐*,正取,中原大學,"中原大學
企業管理學系服務業管理組",其他學校錄取,5,"逢甲大學
財稅學系(正取); 中原大學
企業管理學系服務業管理組(正取,分發); 東海大學
會計學系(備取); 靜宜大學
行銷與數位經營管理學系(備取); 銘傳大學
公共事務與行政管理學系(桃園校區)(通過)"
CAND_1145,115,fcu_tax,逢甲大學,財稅學系,逢甲大學 財稅學系,1124,郭*兌,正取,國立東華大學,"國立東華大學
會計學系",其他學校錄取,6,"逢甲大學
財稅學系(正取); 國立東華大學
會計學系(正取,分發); 國立東華大學
管理學院會計與資訊管理國際學士班智慧會計與風險管理組(備取); 國立屏東大學
商業大數據學系(正取); 國立臺東大學
公共與文化事務學系(備取); 義守大學
會計學系(備取)"
CAND_1146,115,fcu_tax,逢甲大學,財稅學系,逢甲大學 財稅學系,1129,—,正取,逢甲大學,"逢甲大學
財稅學系",原校系/本校留任,3,"逢甲大學
財稅學系(正取,分發); 東海大學
會計學系(通過); 逢甲大學
土地管理學系(備取)"
CAND_1147,115,fcu_tax,逢甲大學,財稅學系,逢甲大學 財稅學系,1106,陳*妍,正取,中原大學,"中原大學
財務金融學系",其他學校錄取,6,"逢甲大學
財稅學系(正取); 中原大學
企業管理學系工商管理組(正取); 中原大學
財務金融學系(備取,分發); 東海大學
會計學系(備取); 銘傳大學
會計學系稅務規劃組(臺北校區)(正取); 銘傳大學
財金法律學系(臺北校區)(正取)"
CAND_1148,115,fcu_tax,逢甲大學,財稅學系,逢甲大學 財稅學系,1115,黄*喬,正取,逢甲大學,"逢甲大學
財稅學系",原校系/本校留任,4,"逢甲大學
財稅學系(正取,分發); 逢甲大學
財務工程與精算學士學位學程(備取); 逢甲大學
金融學院學士班(備取); 國立臺北藝術大學
新媒體藝術學系(通過)"
CAND_1149,115,fcu_tax,逢甲大學,財稅學系,逢甲大學 財稅學系,1118,陳*臻,正取,逢甲大學,"逢甲大學
財稅學系",原校系/本校留任,7,"逢甲大學
財稅學系(正取,分發); 東海大學
會計學系(備取); 東海大學
經濟學系(正取); 逢甲大學
國際經營與貿易學系(通過); 逢甲大學
風險管理與保險學系(備取); 國立聯合大學
財務金融學系(通過); 朝陽科技大學保險金融管理系(通過)"
CAND_1150,115,fcu_tax,逢甲大學,財稅學系,逢甲大學 財稅學系,〇****OTT,邱*霆,正取,逢甲大學,"逢甲大學
財稅學系",原校系/本校留任,4,"逢甲大學
財稅學系(正取,分發); 淡江大學
會計學系(備取); 中國文化大學
會計學系(通過); 銘傳大學
會計學系會計審計組(臺北校區)(備取)"
CAND_1151,115,fcu_tax,逢甲大學,財稅學系,逢甲大學 財稅學系,1118,尤*君,正取,東海大學,"東海大學
會計學系",其他學校錄取,4,"逢甲大學
財稅學系(正取); 中原大學
會計學系(備取); 東海大學
會計學系(正取,分發); 逢甲大學
會計學系(備取)"
CAND_1152,115,fcu_tax,逢甲大學,財稅學系,逢甲大學 財稅學系,1111,陳*緯,正取,中原大學,"中原大學
財務金融學系",其他學校錄取,5,"逢甲大學
財稅學系(正取); 中原大學
企業管理學系服務業管理組(正取); 中原大學
會計學系(備取); 中原大學
財務金融學系(備取,分發); 輔仁大學
歷史學系(通過)"
CAND_1153,115,fcu_tax,逢甲大學,財稅學系,逢甲大學 財稅學系,1111,鄭*婷,正取,東海大學,"東海大學
會計學系",其他學校錄取,6,"逢甲大學
財稅學系(正取); 中原大學
會計學系(備取); 東海大學
會計學系(備取,分發); 淡江大學
會計學系(備取); 逢甲大學
會計學系(備取); 逢甲大學
風險管理與保險學系(備取)"
CAND_1154,115,fcu_tax,逢甲大學,財稅學系,逢甲大學 財稅學系,1124,陳*錡,正取,東海大學,"東海大學
會計學系",其他學校錄取,3,"逢甲大學
財稅學系(正取); 東海大學
會計學系(備取,分發); 亞洲大學
會計與資訊學系(正取)"
CAND_1155,115,fcu_tax,逢甲大學,財稅學系,逢甲大學 財稅學系,1114,佘*諭,正取,中原大學,"中原大學
會計學系",其他學校錄取,3,"逢甲大學
財稅學系(正取); 中原大學
會計學系(備取,分發); 國立屏東大學
商業大數據學系(正取)"
CAND_1156,115,fcu_tax,逢甲大學,財稅學系,逢甲大學 財稅學系,1127,歐*瑜,正取,逢甲大學,"逢甲大學
財稅學系",原校系/本校留任,2,"逢甲大學
財稅學系(正取,分發); 逢甲大學
經濟學系(正取)"
CAND_1157,115,fcu_tax,逢甲大學,財稅學系,逢甲大學 財稅學系,1115,*恩,正取,東海大學,"東海大學
會計學系",其他學校錄取,5,"逢甲大學
財稅學系(正取); 中原大學
會計學系(正取); 東海大學
會計學系(正取,分發); 淡江大學
會計學系(通過); 靜宜大學
會計學系(備取)"
CAND_1158,115,fcu_tax,逢甲大學,財稅學系,逢甲大學 財稅學系,1122,*任,正取,逢甲大學,"逢甲大學
財稅學系",原校系/本校留任,5,"逢甲大學
財稅學系(正取,分發); 中原大學
半導體產業學士學位學程(備取); 東海大學
生命科學系(生物醫學組)(備取); 國立臺南大學
生態暨環境資源學系(備取); 國立嘉義大學
行銷與觀光管理學系(備取)"
CAND_1159,115,fcu_tax,逢甲大學,財稅學系,逢甲大學 財稅學系,1113,張*,正取,中原大學,"中原大學
財務金融學系",其他學校錄取,4,"逢甲大學
財稅學系(正取); 中原大學
企業管理學系工商管理組(正取); 中原大學
財務金融學系(備取,分發); 逢甲大學
國際經營與貿易學系(備取)"
CAND_1160,115,fcu_tax,逢甲大學,財稅學系,逢甲大學 財稅學系,1113,鄭*曜,正取,逢甲大學,"逢甲大學
財稅學系",原校系/本校留任,4,"逢甲大學
財稅學系(正取,分發); 東海大學
企業管理學系(通過); 東海大學
會計學系(備取); 東海大學
行政管理暨政策學系(正取)"
CAND_1161,115,fcu_tax,逢甲大學,財稅學系,逢甲大學 財稅學系,1128,*翔,正取,逢甲大學,"逢甲大學
財稅學系",原校系/本校留任,5,"逢甲大學
財稅學系(正取,分發); 東海大學
統計學系(決策管理組)(備取); 東海大學
經濟學系(正取); 逢甲大學
經濟學系(正取); 世新大學
財務金融學系(通過)"
CAND_1162,115,fcu_tax,逢甲大學,財稅學系,逢甲大學 財稅學系,1126,陳*臻,正取,逢甲大學,"逢甲大學
財稅學系",原校系/本校留任,2,"逢甲大學
財稅學系(正取,分發); 淡江大學
人工智慧學系(備取)"
CAND_1163,115,fcu_tax,逢甲大學,財稅學系,逢甲大學 財稅學系,1126,侯*妤,備取,國立暨南國際大學,"國立暨南國際大學
經濟學系",其他學校錄取,8,"逢甲大學
財稅學系(備取); 逢甲大學
國際經營與貿易學系(備取); 逢甲大學
風險管理與保險學系(正取); 國立暨南國際大學
經濟學系(備取,分發); 國立宜蘭大學
應用經濟與管理學系(通過); 國立高雄科技大學風險管理與保險系(正取); 國立臺北商業大學數位多媒體設計系(桃園校區)(通過); 輔英科技大學物理治療系(通過)"
CAND_1164,115,fcu_tax,逢甲大學,財稅學系,逢甲大學 財稅學系,1118,彭*吴,備取,—,—,未分發或放棄,5,"逢甲大學
財稅學系(備取); 逢甲大學
經濟學系(正取); 國立聯合大學
財務金融學系(通過); 國立勤益科技大學智慧自動化工程系(備取); 明新科技大學電子工程系(正取)"
CAND_1165,115,fcu_tax,逢甲大學,財稅學系,逢甲大學 財稅學系,112,張*均,備取,逢甲大學,"逢甲大學
財稅學系",原校系/本校留任,4,"逢甲大學
財稅學系(備取,分發); 東海大學
會計學系(備取); 靜宜大學
財務金融學系(正取); 亞洲大學
財務金融學系金融科技組(備取)"
CAND_1166,115,fcu_tax,逢甲大學,財稅學系,逢甲大學 財稅學系,1125,周*佑,備取,逢甲大學,"逢甲大學
財稅學系",原校系/本校留任,7,"逢甲大學
財稅學系(備取,分發); 東海大學
工業工程與經營資訊學系(智慧經營與管理組)(備取); 逢甲大學
企業管理學系(備取); 靜宜大學
財務金融學系(備取); 國立金門大學
工業工程與管理學系(正取); 國立勤益科技大學智慧自動化工程系(通過); 朝陽科技大學飛行與民航人員技術系(通過)"
CAND_1167,115,fcu_tax,逢甲大學,財稅學系,逢甲大學 財稅學系,1115,*如,備取,逢甲大學,"逢甲大學
財稅學系",原校系/本校留任,3,"逢甲大學
財稅學系(備取,分發); 東海大學
會計學系(備取); 銘傳大學
會計學系會計審計組(臺北校區)(通過)"
CAND_1168,115,fcu_tax,逢甲大學,財稅學系,逢甲大學 財稅學系,1116,邱*晨,備取,東海大學,"東海大學
會計學系",其他學校錄取,4,"逢甲大學
財稅學系(備取); 東海大學
會計學系(正取,分發); 淡江大學
會計學系(備取); 逢甲大學
國際經營與貿易學系(備取)"
CAND_1169,115,fcu_tax,逢甲大學,財稅學系,逢甲大學 財稅學系,1115,—,備取,逢甲大學,"逢甲大學
財稅學系",原校系/本校留任,3,"逢甲大學
財稅學系(備取,分發); 中原大學
企業管理學系工商管理組(備取); 國立東華大學
企業管理學系經營管理組(通過)"
CAND_1170,115,fcu_tax,逢甲大學,財稅學系,逢甲大學 財稅學系,1111,黄*口,備取,逢甲大學,"逢甲大學
財稅學系",原校系/本校留任,2,"逢甲大學
財稅學系(備取,分發); 靜宜大學
財務金融學系(正取)"
CAND_1171,115,fcu_tax,逢甲大學,財稅學系,逢甲大學 財稅學系,1945,—,備取,逢甲大學,"逢甲大學
財稅學系",原校系/本校留任,4,"逢甲大學
財稅學系(備取,分發); 東海大學
中國文學系(通過); 東海大學
歷史學系(通過); 逢甲大學
國際經營與貿易學系(備取)"
CAND_1172,115,fcu_tax,逢甲大學,財稅學系,逢甲大學 財稅學系,1111,張*瑜,備取,逢甲大學,"逢甲大學
財稅學系",原校系/本校留任,3,"逢甲大學
財稅學系(備取,分發); 逢甲大學
土地管理學系(備取); 國立高雄科技大學會計資訊系(通過)"
CAND_1173,115,fcu_tax,逢甲大學,財稅學系,逢甲大學 財稅學系,1135,董*,備取,東吳大學,"東吳大學
資料科學系",其他學校錄取,2,"逢甲大學
財稅學系(備取); 東吳大學
資料科學系(備取,分發)"
CAND_1174,115,fcu_tax,逢甲大學,財稅學系,逢甲大學 財稅學系,1117,葵*均,備取,逢甲大學,"逢甲大學
財稅學系",原校系/本校留任,7,"逢甲大學
財稅學系(備取,分發); 東海大學
會計學系(備取); 逢甲大學
經濟學系(備取); 靜宜大學
財務金融學系(通過); 國立暨南國際大學
東南亞學系(通過); 朝陽科技大學企業管理系(通過); 文藻外語大學東南亞學系(通過)"
CAND_1175,115,fcu_tax,逢甲大學,財稅學系,逢甲大學 財稅學系,1111,李*容,備取,逢甲大學,"逢甲大學
財稅學系",原校系/本校留任,4,"逢甲大學
財稅學系(備取,分發); 逢甲大學
金融學院學士班(備取); 元智大學
管理學院學士班(主修：財務金融)(備取); 元智大學
管理學院學士班(主修：會計)(正取)"
CAND_1176,115,fcu_tax,逢甲大學,財稅學系,逢甲大學 財稅學系,1111,彭*瑄,備取,逢甲大學,"逢甲大學
風險管理與保險學系",原校系/本校留任,3,"逢甲大學
財稅學系(備取); 東海大學
會計學系(備取); 逢甲大學
風險管理與保險學系(備取,分發)"
CAND_1177,115,fcu_tax,逢甲大學,財稅學系,逢甲大學 財稅學系,1118,顏*叡,備取,東海大學,"東海大學
國際經營與貿易學系",其他學校錄取,11,"逢甲大學
財稅學系(備取); 東海大學
國際經營與貿易學系(備取,分發); 東海大學
會計學系(正取); 國立臺灣體育運動大學
運動事業管理學系(正取); 亞洲大學
會計與資訊學系(備取); 亞洲大學
財務金融學系智能投資組(備取); 國立高雄科技大學企業管理系(通過); 國立高雄餐旅大學旅館管理系(通過); 朝陽科技大學企業管理系(通過); 景文科技大學應用外語系(通過); 文藻外語大學英國語文系(通過)"
CAND_1178,115,fcu_tax,逢甲大學,財稅學系,逢甲大學 財稅學系,112,魏*煌,備取,逢甲大學,"逢甲大學
財稅學系",原校系/本校留任,5,"逢甲大學
財稅學系(備取,分發); 中原大學
財務金融學系(備取); 東海大學
會計學系(通過); 東海大學
行政管理暨政策學系(備取); 淡江大學
公共行政暨法律學系(通過)"
CAND_1179,115,fcu_tax,逢甲大學,財稅學系,逢甲大學 財稅學系,1123,游*鈞,備取,逢甲大學,"逢甲大學
財稅學系",原校系/本校留任,1,"逢甲大學
財稅學系(備取,分發)"
CAND_1180,115,fcu_tax,逢甲大學,財稅學系,逢甲大學 財稅學系,1117,方*程,備取,逢甲大學,"逢甲大學
財稅學系",原校系/本校留任,11,"逢甲大學
財稅學系(備取,分發); 靜宜大學
財務金融學系(備取); 靜宜大學
資訊管理學系(人工智慧應用組)(備取); 亞洲大學
財務金融學系金融科技組(備取); 亞洲大學
財經法律學系(正取); 朝陽科技大學保險金融管理系(通過); 建國科技大學電機工程系(通過); 建國科技大學土木工程系(通過); 嶺東科技大學人工智慧應用科技系(通過); 南開科技大學車輛工程系(通過); 僑光科技大學財經法律系(通過)"
CAND_1181,115,fcu_tax,逢甲大學,財稅學系,逢甲大學 財稅學系,1125,*伶,備取,逢甲大學,"逢甲大學
財稅學系",原校系/本校留任,1,"逢甲大學
財稅學系(備取,分發)"
CAND_1182,115,fcu_tax,逢甲大學,財稅學系,逢甲大學 財稅學系,1106,林*佑,備取,中原大學,"中原大學
會計學系",其他學校錄取,4,"逢甲大學
財稅學系(備取); 中原大學
會計學系(備取,分發); 銘傳大學
會計學系稅務規劃組(臺北校區)(備取); 銘傳大學
金融學系(桃園校區)(備取)"
CAND_1183,115,fcu_tax,逢甲大學,財稅學系,逢甲大學 財稅學系,1122,許*,備取,中原大學,"中原大學
財務金融學系",其他學校錄取,5,"逢甲大學
財稅學系(備取); 中原大學
企業管理學系工商管理組(正取); 中原大學
財務金融學系(備取,分發); 東海大學
會計學系(備取); 國立屏東大學
不動產經營學系(備取)"
CAND_1184,115,fcu_tax,逢甲大學,財稅學系,逢甲大學 財稅學系,1134,陳*,備取,逢甲大學,"逢甲大學
財稅學系",原校系/本校留任,5,"逢甲大學
財稅學系(備取,分發); 中原大學
財務金融學系(備取); 中國文化大學
韓國語文學系(通過); 中山醫學大學
公共衛生學系(B組)(備取); 國立臺南大學
文化與自然資源學系(備取)"
CAND_1185,115,fcu_tax,逢甲大學,財稅學系,逢甲大學 財稅學系,1121,沈*琪,備取,東海大學,"東海大學
會計學系",其他學校錄取,2,"逢甲大學
財稅學系(備取); 東海大學
會計學系(備取,分發)"
CAND_1186,115,fcu_tax,逢甲大學,財稅學系,逢甲大學 財稅學系,1113,*媛,備取,東海大學,"東海大學
會計學系",其他學校錄取,5,"逢甲大學
財稅學系(備取); 東海大學
會計學系(備取,分發); 逢甲大學
經濟學系(備取); 靜宜大學
法律學系(通過); 靜宜大學
會計學系(備取)"
CAND_1187,115,fcu_tax,逢甲大學,財稅學系,逢甲大學 財稅學系,1126,蘇*晴,備取,東海大學,"東海大學
行政管理暨政策學系",其他學校錄取,5,"逢甲大學
財稅學系(備取); 東海大學
會計學系(備取); 東海大學
行政管理暨政策學系(備取,分發); 逢甲大學
風險管理與保險學系(備取); 亞洲大學
財務金融學系智能投資組(通過)"
CAND_1188,115,fcu_tax,逢甲大學,財稅學系,逢甲大學 財稅學系,112,李*宏,備取,逢甲大學,"逢甲大學
經濟學系",原校系/本校留任,5,"逢甲大學
財稅學系(備取); 逢甲大學
經濟學系(備取,分發); 中國文化大學
財務金融學系數位金融組(通過); 國立聯合大學
經營管理學系(正取); 國立金門大學
企業管理學系(備取)"
CAND_1189,115,fcu_tax,逢甲大學,財稅學系,逢甲大學 財稅學系,1123,黄*豪,備取,逢甲大學,"逢甲大學
財稅學系",原校系/本校留任,4,"逢甲大學
財稅學系(備取,分發); 中原大學
企業管理學系工商管理組(備取); 逢甲大學
都市計畫與空間資訊學系(正取); 亞洲大學
財經法律學系(備取)"
CAND_1190,115,fcu_tax,逢甲大學,財稅學系,逢甲大學 財稅學系,1125,方*雅,備取,逢甲大學,"逢甲大學
土地管理學系",原校系/本校留任,5,"逢甲大學
財稅學系(備取); 東海大學
會計學系(通過); 東海大學
行政管理暨政策學系(通過); 逢甲大學
土地管理學系(正取,分發); 國立屏東大學
不動產經營學系(正取)"
CAND_1191,115,fcu_tax,逢甲大學,財稅學系,逢甲大學 財稅學系,1128,陳*佐,備取,中原大學,"中原大學
財務金融學系",其他學校錄取,3,"逢甲大學
財稅學系(備取); 中原大學
財務金融學系(備取,分發); 淡江大學
公共行政暨法律學系(備取)"
CAND_1192,115,fcu_tax,逢甲大學,財稅學系,逢甲大學 財稅學系,1114,江*,備取,逢甲大學,"逢甲大學
財稅學系",原校系/本校留任,4,"逢甲大學
財稅學系(備取,分發); 逢甲大學
土地管理學系(備取); 逢甲大學
風險管理與保險學系(備取); 靜宜大學
資訊管理學系(智慧商務與大數據應用組)(備取)"
CAND_1193,115,fcu_tax,逢甲大學,財稅學系,逢甲大學 財稅學系,1124,*瑄,備取,逢甲大學,"逢甲大學
財稅學系",原校系/本校留任,4,"逢甲大學
財稅學系(備取,分發); 東海大學
會計學系(備取); 靜宜大學
會計學系(備取); 靜宜大學
財務金融學系(正取)"
CAND_1194,115,fcu_tax,逢甲大學,財稅學系,逢甲大學 財稅學系,1127,—,備取,東海大學,"東海大學
會計學系",其他學校錄取,6,"逢甲大學
財稅學系(備取); 東海大學
會計學系(備取,分發); 東海大學
統計學系(決策管理組)(備取); 國立高雄科技大學海洋生物技術系(備取); 國立澎湖科技大學水產養殖系(通過); 明志科技大學環境與安全衛生工程系(通過)"
CAND_1195,115,fcu_tax,逢甲大學,財稅學系,逢甲大學 財稅學系,1127,楊*甯,備取,逢甲大學,"逢甲大學
財稅學系",原校系/本校留任,5,"逢甲大學
財稅學系(備取,分發); 逢甲大學
土地管理學系(通過); 輔英科技大學護理系(通過); 弘光科技大學護理系(備取); 長庚科技大學護理系(林口校區)(備取)"
CAND_1196,115,fcu_tax,逢甲大學,財稅學系,逢甲大學 財稅學系,1122,陳*彰,備取,逢甲大學,"逢甲大學
土地管理學系",原校系/本校留任,4,"逢甲大學
財稅學系(備取); 逢甲大學
水利工程與資源保育學系(通過); 逢甲大學
土地管理學系(正取,分發); 中山醫學大學
公共衛生學系(B組)(備取)"
CAND_1197,115,fcu_tax,逢甲大學,財稅學系,逢甲大學 財稅學系,1111,陳*竹,備取,逢甲大學,"逢甲大學
會計學系",原校系/本校留任,4,"逢甲大學
財稅學系(備取); 中原大學
會計學系(備取); 逢甲大學
會計學系(備取,分發); 國立暨南國際大學
經濟學系(備取)"
CAND_1198,115,fcu_tax,逢甲大學,財稅學系,逢甲大學 財稅學系,1113,陳*,備取,逢甲大學,"逢甲大學
會計學系",原校系/本校留任,4,"逢甲大學
財稅學系(備取); 東海大學
餐旅管理學系(備取); 逢甲大學
會計學系(備取,分發); 亞洲大學
財務金融學系金融科技組(備取)"
CAND_1199,115,fcu_tax,逢甲大學,財稅學系,逢甲大學 財稅學系,1102,*小,備取,淡江大學,"淡江大學
管理科學學系",其他學校錄取,3,"逢甲大學
財稅學系(備取); 淡江大學
管理科學學系(正取,分發); 逢甲大學
土地管理學系(備取)"
CAND_1200,115,fcu_tax,逢甲大學,財稅學系,逢甲大學 財稅學系,1127,林*融,備取,逢甲大學,"逢甲大學
財稅學系",原校系/本校留任,2,"逢甲大學
財稅學系(備取,分發); 逢甲大學
經濟學系(備取)"
CAND_1201,115,fcu_tax,逢甲大學,財稅學系,逢甲大學 財稅學系,1113,吳*,備取,東海大學,"東海大學
會計學系",其他學校錄取,7,"逢甲大學
財稅學系(備取); 東海大學
會計學系(備取,分發); 逢甲大學
都市計畫與空間資訊學系(備取); 國立高雄科技大學財政稅務系(備取); 國立臺北護理健康大學嬰幼兒保育系(通過); 龍華科技大學財務金融系(通過); 弘光科技大學環境與安全衛生工程系職業安全衛生組(通過)"
CAND_1202,115,fcu_tax,逢甲大學,財稅學系,逢甲大學 財稅學系,1122,周*伶,備取,逢甲大學,"逢甲大學
財稅學系",原校系/本校留任,5,"逢甲大學
財稅學系(備取,分發); 東海大學
歷史學系(備取); 東海大學
會計學系(備取); 東海大學
社會工作學系(通過); 國立高雄科技大學會計資訊系(通過)"
CAND_1203,115,fcu_tax,逢甲大學,財稅學系,逢甲大學 財稅學系,1116,陳*廷,備取,逢甲大學,"逢甲大學
財稅學系",原校系/本校留任,4,"逢甲大學
財稅學系(備取,分發); 東海大學
歷史學系(通過); 靜宜大學
西班牙語文學系(通過); 亞洲大學
人工智慧學系(通過)"
CAND_1204,115,fcu_tax,逢甲大學,財稅學系,逢甲大學 財稅學系,1124,*軒,備取,逢甲大學,"逢甲大學
財稅學系",原校系/本校留任,3,"逢甲大學
財稅學系(備取,分發); 東海大學
餐旅管理學系(備取); 逢甲大學
土地管理學系(備取)"
CAND_1205,115,fcu_tax,逢甲大學,財稅學系,逢甲大學 財稅學系,1113,李*毅,備取,淡江大學,"淡江大學
公共行政暨法律學系",其他學校錄取,6,"逢甲大學
財稅學系(備取); 東吳大學
社會工作學系(通過); 東海大學
行政管理暨政策學系(備取); 東海大學
社會工作學系(通過); 淡江大學
公共行政暨法律學系(正取,分發); 逢甲大學
土地管理學系(備取)"
CAND_1206,115,fcu_tax,逢甲大學,財稅學系,逢甲大學 財稅學系,1112,林*穎,備取,逢甲大學,"逢甲大學
財稅學系",原校系/本校留任,1,"逢甲大學
財稅學系(備取,分發)"
CAND_1207,115,fcu_tax,逢甲大學,財稅學系,逢甲大學 財稅學系,1114,彭*聿,備取,銘傳大學,"銘傳大學
金融學系(桃園校區)",其他學校錄取,4,"逢甲大學
財稅學系(備取); 銘傳大學
金融學系(桃園校區)(正取,分發); 銘傳大學
金融科技應用學系(桃園校區)(備取); 實踐大學
財務金融學系(臺北校區)(正取)"
CAND_1208,115,fcu_tax,逢甲大學,財稅學系,逢甲大學 財稅學系,1103,李*瑄,備取,逢甲大學,"逢甲大學
財稅學系",原校系/本校留任,2,"逢甲大學
財稅學系(備取,分發); 淡江大學
會計學系(備取)"
CAND_1209,115,fcu_tax,逢甲大學,財稅學系,逢甲大學 財稅學系,1132,張*,備取,逢甲大學,"逢甲大學
財稅學系",原校系/本校留任,5,"逢甲大學
財稅學系(備取,分發); 中國文化大學
會計學系(備取); 銘傳大學
會計學系會計審計組(臺北校區)(備取); 銘傳大學
會計學系稅務規劃組(臺北校區)(備取); 銘傳大學
資訊管理學系電子商務管理組(桃園校區)(通過)"
CAND_1210,115,fcu_tax,逢甲大學,財稅學系,逢甲大學 財稅學系,1131,林*頡,備取,淡江大學,"淡江大學
會計學系",其他學校錄取,4,"逢甲大學
財稅學系(備取); 淡江大學
會計學系(正取,分發); 逢甲大學
會計學系(備取); 銘傳大學
會計學系會計審計組(臺北校區)(備取)"
CAND_1211,115,fcu_tax,逢甲大學,財稅學系,逢甲大學 財稅學系,1135,陳*穎,備取,逢甲大學,"逢甲大學
財稅學系",原校系/本校留任,4,"逢甲大學
財稅學系(備取,分發); 淡江大學
管理科學學系(備取); 逢甲大學
土地管理學系(備取); 銘傳大學
會計學系稅務規劃組(臺北校區)(備取)"
CAND_1212,115,fcu_tax,逢甲大學,財稅學系,逢甲大學 財稅學系,1124,葵*凱,備取,逢甲大學,"逢甲大學
財稅學系",原校系/本校留任,6,"逢甲大學
財稅學系(備取,分發); 靜宜大學
國際企業學系(正取); 國立勤益科技大學智慧自動化工程系(通過); 朝陽科技大學企業管理系(備取); 南臺科技大學工業管理與資訊系(通過); 崑山科技大學機械工程系(通過)"
CAND_1213,115,fcu_tax,逢甲大學,財稅學系,逢甲大學 財稅學系,1124,許*,備取,逢甲大學,"逢甲大學
財稅學系",原校系/本校留任,3,"逢甲大學
財稅學系(備取,分發); 東海大學
會計學系(備取); 靜宜大學
財務金融學系(備取)"
CAND_1214,115,fcu_tax,逢甲大學,財稅學系,逢甲大學 財稅學系,1129,蘇*銘,備取,逢甲大學,"逢甲大學
經濟學系",原校系/本校留任,4,"逢甲大學
財稅學系(備取); 逢甲大學
經濟學系(備取,分發); 銘傳大學
財務金融學系(臺北校區)(備取); 銘傳大學
國際企業學系外貿行銷管理組(臺北校區)(備取)"
CAND_1215,115,fcu_tax,逢甲大學,財稅學系,逢甲大學 財稅學系,1117,黄*佑,備取,中原大學,"中原大學
財務金融學系",其他學校錄取,6,"逢甲大學
財稅學系(備取); 中原大學
財務金融學系(備取,分發); 國立東華大學
資訊管理學系人工智慧與商務組(備取); 國立勤益科技大學工業工程與管理系(通過); 國立臺中科技大學智慧生產工程系(通過); 輔英科技大學物理治療系(通過)"
CAND_1216,115,fcu_tax,逢甲大學,財稅學系,逢甲大學 財稅學系,1116,—,備取,逢甲大學,"逢甲大學
會計學系",原校系/本校留任,5,"逢甲大學
財稅學系(備取); 逢甲大學
會計學系(備取,分發); 靜宜大學
大眾傳播學系(備取); 靜宜大學
智慧媒體與創新科技應用學士學位學程(備取); 世新大學
新聞學系(通過)"
CAND_1217,115,fcu_tax,逢甲大學,財稅學系,逢甲大學 財稅學系,1134,孔*賀,備取,銘傳大學,"銘傳大學
國際企業學系外貿行銷管理組(臺北校區)",其他學校錄取,9,"逢甲大學
財稅學系(備取); 逢甲大學
經濟學系(備取); 銘傳大學
企業管理學系品牌行銷組(臺北校區)(備取); 銘傳大學
國際企業學系外貿行銷管理組(臺北校區)(備取,分發); 國立臺北護理健康大學高齡健康照護系(通過); 嘉南藥理大學環境資源管理系(通過); 龍華科技大學工業管理系(通過); 輔英科技大學環境工程與科學系(通過); 文藻外語大學國際事務系(通過)"
CAND_1218,115,fcu_tax,逢甲大學,財稅學系,逢甲大學 財稅學系,1115,黄*鈞,備取,—,—,未分發或放棄,1,"逢甲大學
財稅學系(備取)"
CAND_1219,115,fcu_tax,逢甲大學,財稅學系,逢甲大學 財稅學系,1126,*程,備取,東海大學,"東海大學
統計學系(巨量資料管理組)",其他學校錄取,3,"逢甲大學
財稅學系(備取); 東海大學
統計學系(巨量資料管理組)(正取,分發); 靜宜大學
行銷與數位經營管理學系(正取)"
CAND_1220,115,fcu_tax,逢甲大學,財稅學系,逢甲大學 財稅學系,1121,葵*祐,備取,亞洲大學,"亞洲大學
心理學系工商與社會心理組",其他學校錄取,9,"逢甲大學
財稅學系(備取); 東海大學
歷史學系(通過); 國立東華大學
臺灣文化學系(正取); 國立東華大學
社會學系(備取); 亞洲大學
心理學系工商與社會心理組(正取,分發); 國立屏東科技大學水土保持系(通過); 國立虎尾科技大學車輛工程系(備取); 國立勤益科技大學冷凍空調與能源系(備取); 國立高雄餐旅大學西餐廚藝系(通過)"
CAND_1221,115,fcu_tax,逢甲大學,財稅學系,逢甲大學 財稅學系,1113,林*庭,備取,銘傳大學,"銘傳大學
資訊管理學系電子商務管理組(桃園校區)",其他學校錄取,2,"逢甲大學
財稅學系(備取); 銘傳大學
資訊管理學系電子商務管理組(桃園校區)(備取,分發)"
CAND_1222,115,fcu_tax,逢甲大學,財稅學系,逢甲大學 財稅學系,1115,*女,備取,亞洲大學,"亞洲大學
會計與資訊學系",其他學校錄取,4,"逢甲大學
財稅學系(備取); 亞洲大學
會計與資訊學系(備取,分發); 亞洲大學
財務金融學系金融科技組(正取); 元培醫事科技大學視光系(備取)"
CAND_1223,115,fcu_tax,逢甲大學,財稅學系,逢甲大學 財稅學系,1113,吳*恩,備取,—,—,未分發或放棄,6,"逢甲大學
財稅學系(備取); 明新科技大學財務金融系智慧理財組(備取); 健行科技大學財務金融系金融管理組(通過); 元培醫事科技大學寵物保健系(備取); 長庚科技大學護理系(林口校區)(備取); 亞東科技大學工業管理系(通過)"
CAND_1224,115,fcu_tax,逢甲大學,財稅學系,逢甲大學 財稅學系,1133,黄*鴻,備取,—,—,未分發或放棄,1,"逢甲大學
財稅學系(備取)"
CAND_1225,115,fcu_tax,逢甲大學,財稅學系,逢甲大學 財稅學系,1102,蘇*九,備取,—,—,未分發或放棄,4,"逢甲大學
財稅學系(備取); 中國文化大學
都市計劃與開發管理學系(不動產投資與估價組)(通過); 銘傳大學
都市設計與永續發展學系都市更新與土地開發組(桃園校區)(通過); 銘傳大學
餐旅管理學系(桃園校區)(通過)"
CAND_1226,115,fcu_tax,逢甲大學,財稅學系,逢甲大學 財稅學系,1118,陳*,備取,輔仁大學,"輔仁大學
哲學系",其他學校錄取,5,"逢甲大學
財稅學系(備取); 東海大學
歷史學系(正取); 輔仁大學
哲學系(備取,分發); 國立高雄科技大學財政稅務系(備取); 國立臺北護理健康大學高齡健康照護系(通過)"
CAND_1227,115,fcu_tax,逢甲大學,財稅學系,逢甲大學 財稅學系,1101,陳*,備取,—,—,未分發或放棄,1,"逢甲大學
財稅學系(備取)"
CAND_1228,115,fcu_tax,逢甲大學,財稅學系,逢甲大學 財稅學系,1115,*尹,備取,東海大學,"東海大學
企業管理學系",其他學校錄取,5,"逢甲大學
財稅學系(備取); 東海大學
企業管理學系(備取,分發); 世新大學
數位多媒體設計學系(備取); 實踐大學
國際經營與貿易學系國際金融組(臺北校區)(備取); 國立高雄科技大學金融系(備取)"
CAND_1229,115,fcu_tax,逢甲大學,財稅學系,逢甲大學 財稅學系,1112,A*琪,備取,逢甲大學,"逢甲大學
經濟學系",原校系/本校留任,3,"逢甲大學
財稅學系(備取); 逢甲大學
經濟學系(備取,分發); 亞洲大學
財務金融學系金融科技組(備取)"
CAND_1230,115,fcu_tax,逢甲大學,財稅學系,逢甲大學 財稅學系,1119,李*龍,備取,亞洲大學,"亞洲大學
人工智慧學系",其他學校錄取,2,"逢甲大學
財稅學系(備取); 亞洲大學
人工智慧學系(備取,分發)"
CAND_1231,115,fcu_tax,逢甲大學,財稅學系,逢甲大學 財稅學系,1101,郭*J,備取,—,—,未分發或放棄,3,"逢甲大學
財稅學系(備取); 東海大學
會計學系(備取); 淡江大學
管理科學學系(備取)"
CAND_1232,115,fcu_tax,逢甲大學,財稅學系,逢甲大學 財稅學系,1118,張*,備取,—,—,未分發或放棄,4,"逢甲大學
財稅學系(備取); 逢甲大學
運輸與物流學系(備取); 臺北市立大學
城市發展學系(通過); 元智大學
工業工程與管理學系(通過)"
CAND_1233,115,fcu_tax,逢甲大學,財稅學系,逢甲大學 財稅學系,1126,陳*,備取,東海大學,"東海大學
歷史學系",其他學校錄取,3,"逢甲大學
財稅學系(備取); 東海大學
歷史學系(正取,分發); 靜宜大學
日本語文學系(備取)"
CAND_1234,115,fcu_tax,逢甲大學,財稅學系,逢甲大學 財稅學系,1117,*宇,備取,中國文化大學,"中國文化大學
國際貿易學系",其他學校錄取,5,"逢甲大學
財稅學系(備取); 逢甲大學
經濟學系(備取); 中國文化大學
國際貿易學系(備取,分發); 銘傳大學
國際企業學系外貿行銷管理組(臺北校區)(備取); 實踐大學
財務金融學系(臺北校區)(備取)"
CAND_1235,115,fcu_tax,逢甲大學,財稅學系,逢甲大學 財稅學系,1122,鄭*,備取,—,—,未分發或放棄,1,"逢甲大學
財稅學系(備取)"
CAND_1236,115,fcu_tax,逢甲大學,財稅學系,逢甲大學 財稅學系,1112,張*-,備取,—,—,未分發或放棄,1,"逢甲大學
財稅學系(備取)"
CAND_1237,115,fcu_tax,逢甲大學,財稅學系,逢甲大學 財稅學系,1104,黄*洋,備取,東海大學,"東海大學
會計學系",其他學校錄取,4,"逢甲大學
財稅學系(備取); 東海大學
會計學系(備取,分發); 淡江大學
會計學系(備取); 元智大學
管理學院學士班(主修：會計)(通過)"
CAND_1238,115,fcu_tax,逢甲大學,財稅學系,逢甲大學 財稅學系,1114,陳*女,備取,—,—,未分發或放棄,3,"逢甲大學
財稅學系(備取); 東海大學
歷史學系(備取); 銘傳大學
國際企業學系外貿行銷管理組(臺北校區)(通過)"
CAND_1239,115,fcu_tax,逢甲大學,財稅學系,逢甲大學 財稅學系,1104,許*誠,備取,—,—,未分發或放棄,5,"逢甲大學
財稅學系(備取); 銘傳大學
企業管理學系品牌行銷組(臺北校區)(備取); 銘傳大學
國際企業學系外貿行銷管理組(臺北校區)(備取); 世新大學
企業管理學系跨域創新組(備取); 亞洲大學
會計與資訊學系(通過)"
CAND_1240,115,fcu_tax,逢甲大學,財稅學系,逢甲大學 財稅學系,1126,楊*喆,備取,國立屏東大學,"國立屏東大學
不動產經營學系",其他學校錄取,3,"逢甲大學
財稅學系(備取); 國立屏東大學
不動產經營學系(備取,分發); 國立雲林科技大學文化資產維護系(通過)"
CAND_1241,115,fcu_tax,逢甲大學,財稅學系,逢甲大學 財稅學系,1115,彭*豪,備取,逢甲大學,"逢甲大學
經濟學系",原校系/本校留任,6,"逢甲大學
財稅學系(備取); 逢甲大學
經濟學系(備取,分發); 世新大學
財務金融學系(通過); 國立高雄科技大學財政稅務系(通過); 朝陽科技大學保險金融管理系(通過); 嶺東科技大學數位媒體設計系(通過)"
CAND_1242,115,fcu_tax,逢甲大學,財稅學系,逢甲大學 財稅學系,1112,陳*,備取,靜宜大學,"靜宜大學
中國文學系",其他學校錄取,4,"逢甲大學
財稅學系(備取); 東海大學
歷史學系(備取); 中國文化大學
國際貿易學系(通過); 靜宜大學
中國文學系(備取,分發)"
CAND_1243,115,fcu_tax,逢甲大學,財稅學系,逢甲大學 財稅學系,1128,陳*,備取,—,—,未分發或放棄,2,"逢甲大學
財稅學系(備取); 國立高雄科技大學模具工程系(備取)"
CAND_1244,115,fcu_tax,逢甲大學,財稅學系,逢甲大學 財稅學系,1112,游*,備取,東海大學,"東海大學
歷史學系",其他學校錄取,4,"逢甲大學
財稅學系(備取); 東海大學
歷史學系(備取,分發); 中國文化大學
國際貿易學系(通過); 中國文化大學
財務金融學系金融行銷組(通過)"
CAND_1245,115,fcu_tax,逢甲大學,財稅學系,逢甲大學 財稅學系,1129,速*,備取,—,—,未分發或放棄,3,"逢甲大學
財稅學系(備取); 逢甲大學
會計學系(備取); 義守大學
生物醫學工程學系(通過)"
CAND_1246,115,fcu_tax,逢甲大學,財稅學系,逢甲大學 財稅學系,1109,—,備取,—,—,未分發或放棄,2,"逢甲大學
財稅學系(通過); 淡江大學
財務金融學系(通過)"
CAND_1247,115,fcu_tax,逢甲大學,財稅學系,逢甲大學 財稅學系,1105,—,備取,—,—,未分發或放棄,3,"逢甲大學
財稅學系(通過); 東吳大學
歷史學系(通過); 淡江大學
歷史學系(通過)"
CAND_1248,115,fcu_tax,逢甲大學,財稅學系,逢甲大學 財稅學系,1104,—,備取,中原大學,"中原大學
企業管理學系工商管理組",其他學校錄取,4,"逢甲大學
財稅學系(通過); 中原大學
企業管理學系工商管理組(備取,分發); 淡江大學
公共行政暨法律學系(通過); 銘傳大學
犯罪防治學系(桃園校區)(通過)"
CAND_1249,115,fcu_tax,逢甲大學,財稅學系,逢甲大學 財稅學系,1102,—,備取,—,—,未分發或放棄,1,"逢甲大學
財稅學系(通過)"
CAND_1250,115,fcu_tax,逢甲大學,財稅學系,逢甲大學 財稅學系,1102,—,備取,—,—,未分發或放棄,4,"逢甲大學
財稅學系(通過); 東吳大學
社會學系(通過); 東海大學
中國文學系(通過); 東海大學
歷史學系(通過)"
CAND_1251,115,fcu_tax,逢甲大學,財稅學系,逢甲大學 財稅學系,1108,—,備取,—,—,未分發或放棄,2,"逢甲大學
財稅學系(通過); 國立暨南國際大學
諮商心理與人力資源發展學系終身學習與人力資源發展組(通過)"
CAND_1252,115,fcu_tax,逢甲大學,財稅學系,逢甲大學 財稅學系,1107,—,備取,—,—,未分發或放棄,2,"逢甲大學
財稅學系(通過); 淡江大學
歷史學系(通過)"
CAND_1253,115,fcu_tax,逢甲大學,財稅學系,逢甲大學 財稅學系,1104,許*,備取,銘傳大學,"銘傳大學
金融科技應用學系(桃園校區)",其他學校錄取,4,"逢甲大學
財稅學系(通過); 銘傳大學
金融科技應用學系(桃園校區)(備取,分發); 長榮大學
財務金融學系金融科技組(備取); 亞洲大學
財務金融學系金融科技組(通過)"
CAND_1254,115,fcu_tax,逢甲大學,財稅學系,逢甲大學 財稅學系,1106,吳*,備取,靜宜大學,"靜宜大學
生態人文學系",其他學校錄取,3,"逢甲大學
財稅學系(通過); 東海大學
歷史學系(備取); 靜宜大學
生態人文學系(備取,分發)"
CAND_1255,115,fcu_tax,逢甲大學,財稅學系,逢甲大學 財稅學系,1116,—,備取,—,—,未分發或放棄,3,"逢甲大學
財稅學系(通過); 銘傳大學
企業管理學系品牌行銷組(臺北校區)(通過); 銘傳大學
國際企業學系外貿行銷管理組(臺北校區)(通過)"
CAND_1256,115,fcu_tax,逢甲大學,財稅學系,逢甲大學 財稅學系,111,*葳,備取,國立臺中教育大學,"國立臺中教育大學
臺灣語文學系",其他學校錄取,5,"逢甲大學
財稅學系(通過); 中原大學
企業管理學系工商管理組(通過); 東海大學
社會學系(通過); 國立臺中教育大學
臺灣語文學系(備取,分發); 國立臺北教育大學
台灣語言與文化學系(備取)"
CAND_1257,115,fcu_tax,逢甲大學,財稅學系,逢甲大學 財稅學系,1115,—,備取,—,—,未分發或放棄,3,"逢甲大學
財稅學系(通過); 中原大學
財務金融學系(通過); 靜宜大學
法律學系(通過)"
CAND_1258,115,fcu_tax,逢甲大學,財稅學系,逢甲大學 財稅學系,1117,簡*然,備取,中原大學,"中原大學
企業管理學系工商管理組",其他學校錄取,5,"逢甲大學
財稅學系(通過); 中原大學
企業管理學系工商管理組(正取,分發); 逢甲大學
國際經營與貿易學系(備取); 國立高雄科技大學金融資訊系(通過); 臺北城市科技大學流行音樂事業系(通過)"
CAND_1259,115,fcu_tax,逢甲大學,財稅學系,逢甲大學 財稅學系,1119,陳*銘,備取,中原大學,"中原大學
財務金融學系",其他學校錄取,4,"逢甲大學
財稅學系(通過); 中原大學
企業管理學系高科技業管理組(備取); 中原大學
財務金融學系(備取,分發); 銘傳大學
法律學系(臺北校區)(備取)"
CAND_1260,115,fcu_tax,逢甲大學,財稅學系,逢甲大學 財稅學系,1113,—,備取,—,—,未分發或放棄,4,"逢甲大學
財稅學系(通過); 中原大學
企業管理學系工商管理組(通過); 龍華科技大學電子工程系(通過); 致理科技大學財務金融系(通過)"
CAND_1261,115,fcu_tax,逢甲大學,財稅學系,逢甲大學 財稅學系,1119,—,備取,—,—,未分發或放棄,6,"逢甲大學
財稅學系(通過); 東海大學
歷史學系(通過); 靜宜大學
社會工作與兒童少年福利學系(通過); 實踐大學
社會工作學系心理衛生與醫務組(臺北校區)(通過); 實踐大學
風險管理與保險學系(臺北校區)(通過); 國立屏東科技大學熱帶農業暨國際合作系(通過)"
CAND_1262,115,fcu_tax,逢甲大學,財稅學系,逢甲大學 財稅學系,1118,—,備取,—,—,未分發或放棄,2,"逢甲大學
財稅學系(通過); 實踐大學
家庭研究與兒童發展學系家庭教育與輔導組(臺北校區)(通過)"
CAND_1263,115,fcu_tax,逢甲大學,財稅學系,逢甲大學 財稅學系,1112,—,備取,—,—,未分發或放棄,6,"逢甲大學
財稅學系(通過); 中原大學
會計學系(通過); 東海大學
歷史學系(通過); 逢甲大學
會計學系(通過); 國立金門大學
應用英語學系(通過); 朝陽科技大學飛行與民航人員技術系(通過)"
CAND_1264,115,fcu_tax,逢甲大學,財稅學系,逢甲大學 財稅學系,1117,李*盲,備取,國立中正大學,"國立中正大學
歷史學系",其他學校錄取,5,"逢甲大學
財稅學系(通過); 逢甲大學
金融學院學士班(正取); 國立彰化師範大學
地理學系(備取); 國立臺中教育大學
區域與社會發展學系(正取); 國立中正大學
歷史學系(備取,分發)"
CAND_1265,115,fcu_tax,逢甲大學,財稅學系,逢甲大學 財稅學系,1113,—,備取,東海大學,"東海大學
國際經營與貿易學系",其他學校錄取,6,"逢甲大學
財稅學系(通過); 東海大學
工業工程與經營資訊學系(智慧經營與管理組)(通過); 東海大學
國際經營與貿易學系(正取,分發); 東海大學
工業設計學系(B組)(通過); 逢甲大學
行銷學系(通過); 世新大學
口語傳播暨社群媒體學系(通過)"
CAND_1266,115,fcu_tax,逢甲大學,財稅學系,逢甲大學 財稅學系,1117,—,備取,—,—,未分發或放棄,2,"逢甲大學
財稅學系(通過); 東海大學
歷史學系(正取)"
CAND_1267,115,fcu_tax,逢甲大學,財稅學系,逢甲大學 財稅學系,1115,—,備取,—,—,未分發或放棄,2,"逢甲大學
財稅學系(通過); 東海大學
經濟學系(通過)"
CAND_1268,115,fcu_tax,逢甲大學,財稅學系,逢甲大學 財稅學系,111,—,備取,東海大學,"東海大學
法律學系",其他學校錄取,7,"逢甲大學
財稅學系(通過); 逢甲大學
土地管理學系(通過); 逢甲大學
風險管理與保險學系(通過); 國立中興大學
中國文學系(通過); 東海大學
法律學系(正取,分發); 國立高雄科技大學人力資源發展系(通過); 朝陽科技大學飛行與民航人員技術系(通過)"
CAND_1269,115,fcu_tax,逢甲大學,財稅學系,逢甲大學 財稅學系,1114,—,備取,—,—,未分發或放棄,3,"逢甲大學
財稅學系(通過); 國立臺南大學
行政管理學系(通過); 國立中正大學
歷史學系(通過)"
CAND_1270,115,fcu_tax,逢甲大學,財稅學系,逢甲大學 財稅學系,1114,何*,備取,國立臺中教育大學,"國立臺中教育大學
幼兒教育學系",其他學校錄取,3,"逢甲大學
財稅學系(通過); 逢甲大學
金融學院學士班(通過); 國立臺中教育大學
幼兒教育學系(備取,分發)"
CAND_1271,115,fcu_tax,逢甲大學,財稅學系,逢甲大學 財稅學系,1112,—,備取,—,—,未分發或放棄,2,"逢甲大學
財稅學系(通過); 逢甲大學
經濟學系(通過)"
CAND_1272,115,fcu_tax,逢甲大學,財稅學系,逢甲大學 財稅學系,1121,—,備取,—,—,未分發或放棄,5,"逢甲大學
財稅學系(通過); 東海大學
會計學系(通過); 東海大學
財務金融學系(通過); 淡江大學
財務金融學系(通過); 逢甲大學
財務金融學系(通過)"
CAND_1273,115,fcu_tax,逢甲大學,財稅學系,逢甲大學 財稅學系,1127,—,備取,—,—,未分發或放棄,2,"逢甲大學
財稅學系(通過); 逢甲大學
國際經營與貿易學系(通過)"
CAND_1274,115,fcu_tax,逢甲大學,財稅學系,逢甲大學 財稅學系,1121,郭*,備取,長榮大學,"長榮大學
企業管理學系行銷組",其他學校錄取,4,"逢甲大學
財稅學系(通過); 長榮大學
企業管理學系行銷組(備取,分發); 南華大學
企業管理學系行銷企劃組(備取); 南華大學
企業管理學系創新創業組(正取)"
CAND_1275,115,fcu_tax,逢甲大學,財稅學系,逢甲大學 財稅學系,1124,*宇,正取,逢甲大學,"逢甲大學
經濟學系",原校系/本校留任,5,"逢甲大學
財稅學系(通過); 逢甲大學
經濟學系(備取,分發); 靜宜大學
財務金融學系(備取); 亞洲大學
財務金融學系智能投資組(通過); 亞洲大學
財務金融學系金融科技組(正取)"
CAND_1276,115,fcu_tax,逢甲大學,財稅學系,逢甲大學 財稅學系,1127,—,備取,逢甲大學,"逢甲大學
都市計畫與空間資訊學系",原校系/本校留任,6,"逢甲大學
財稅學系(通過); 東海大學
行政管理暨政策學系(正取); 逢甲大學
都市計畫與空間資訊學系(正取,分發); 逢甲大學
土地管理學系(正取); 靜宜大學
法律學系(通過); 國立暨南國際大學
公共行政與政策學系(正取)"
CAND_1277,115,fcu_tax,逢甲大學,財稅學系,逢甲大學 財稅學系,1125,—,備取,—,—,未分發或放棄,1,"逢甲大學
財稅學系(通過)"
CAND_1278,115,fcu_tax,逢甲大學,財稅學系,逢甲大學 財稅學系,1124,—,備取,—,—,未分發或放棄,2,"逢甲大學
財稅學系(通過); 逢甲大學
經濟學系(通過)"
CAND_1279,115,fcu_tax,逢甲大學,財稅學系,逢甲大學 財稅學系,1126,—,備取,—,—,未分發或放棄,3,"逢甲大學
財稅學系(通過); 東海大學
經濟學系(通過); 靜宜大學
行銷與數位經營管理學系(通過)"
CAND_1280,115,fcu_tax,逢甲大學,財稅學系,逢甲大學 財稅學系,1127,—,備取,—,—,未分發或放棄,3,"逢甲大學
財稅學系(通過); 東海大學
歷史學系(通過); 南臺科技大學化學工程與材料工程系(通過)"
CAND_1281,115,fcu_tax,逢甲大學,財稅學系,逢甲大學 財稅學系,1122,—,備取,—,—,未分發或放棄,2,"逢甲大學
財稅學系(通過); 逢甲大學
會計學系(通過)"
CAND_1282,115,fcu_tax,逢甲大學,財稅學系,逢甲大學 財稅學系,1128,張*,備取,逢甲大學,"逢甲大學
行銷學系",原校系/本校留任,5,"逢甲大學
財稅學系(通過); 國立臺灣師範大學
幼兒與家庭科學學系幼兒發展與教育組(通過); 東海大學
企業管理學系(通過); 逢甲大學
行銷學系(正取,分發); 國立臺灣海洋大學
航運管理學系(通過)"
CAND_1283,115,fcu_tax,逢甲大學,財稅學系,逢甲大學 財稅學系,1127,—,正取,靜宜大學,"靜宜大學
財務金融學系",其他學校錄取,7,"逢甲大學
財稅學系(通過); 中國文化大學
財務金融學系金融行銷組(正取); 靜宜大學
財務金融學系(正取,分發); 銘傳大學
資訊應用與金融保險學系金融組(臺北校區)(通過); 實踐大學
金融管理學系金融實務組(高雄校區)(備取); 實踐大學
金融管理學系金融商品組(高雄校區)(備取); 致理科技大學財務金融系(通過)"
CAND_1284,115,fcu_tax,逢甲大學,財稅學系,逢甲大學 財稅學系,1127,—,備取,—,—,未分發或放棄,2,"逢甲大學
財稅學系(通過); 輔仁大學
歷史學系(通過)"
CAND_1285,115,fcu_tax,逢甲大學,財稅學系,逢甲大學 財稅學系,1131,—,備取,—,—,未分發或放棄,3,"逢甲大學
財稅學系(通過); 東海大學
餐旅管理學系(通過); 逢甲大學
合作經濟暨社會事業經營學系(通過)"
CAND_1286,115,fcu_tax,逢甲大學,財稅學系,逢甲大學 財稅學系,1134,張*宇,備取,國立屏東大學,"國立屏東大學
商業大數據學系",其他學校錄取,6,"逢甲大學
財稅學系(通過); 中國文化大學
國際貿易學系(通過); 輔仁大學
社會學系(通過); 國立屏東大學
社會發展學系(備取); 國立屏東大學
商業大數據學系(備取,分發); 長榮大學
國際企業學系航運物流組(備取)"
CAND_1287,115,fcu_tax,逢甲大學,財稅學系,逢甲大學 財稅學系,1137,—,備取,義守大學,"義守大學
電機工程學系",其他學校錄取,2,"逢甲大學
財稅學系(通過); 義守大學
電機工程學系(備取,分發)"
CAND_1288,115,fcu_tax,逢甲大學,財稅學系,逢甲大學 財稅學系,1135,—,備取,—,—,未分發或放棄,4,"逢甲大學
財稅學系(通過); 世新大學
財務金融學系(通過); 亞洲大學
會計與資訊學系(通過); 嶺東科技大學時尚經營系(通過)"
CAND_1289,115,fcu_tax,逢甲大學,財稅學系,逢甲大學 財稅學系,1131,—,備取,淡江大學,"淡江大學
公共行政暨法律學系",其他學校錄取,3,"逢甲大學
財稅學系(通過); 淡江大學
公共行政暨法律學系(正取,分發); 國立東華大學
公共行政學系(通過)"
CAND_1290,115,fcu_tax,逢甲大學,財稅學系,逢甲大學 財稅學系,1137,—,備取,—,—,未分發或放棄,5,"逢甲大學
財稅學系(通過); 逢甲大學
統計學系商業大數據組(通過); 中國文化大學
建築及都市設計學系(通過); 銘傳大學
建築學系(桃園校區)(通過); 銘傳大學
公共事務與行政管理學系(桃園校區)(通過)"
CAND_1291,115,fcu_tax,逢甲大學,財稅學系,逢甲大學 財稅學系,1132,—,正取,長榮大學,"長榮大學
會計資訊學系稅務應用組",其他學校錄取,6,"逢甲大學
財稅學系(通過); 長榮大學
國際企業學系金融貿易組(通過); 長榮大學
會計資訊學系稅務應用組(正取,分發); 高雄醫學大學
香粧品學系(通過); 長榮大學
航運管理學系(正取); 長榮大學
大眾傳播學系(通過)"
CAND_1292,114,fcu_tax,逢甲大學,財稅學系,逢甲大學 財稅學系,1118,林*羽,正取,逢甲大學,"逢甲大學
財稅學系",原校系/本校留任,3,"逢甲大學
財稅學系(正取,分發); 逢甲大學
會計學系(正取); 輔仁大學
會計學系(備取)"
CAND_1293,114,fcu_tax,逢甲大學,財稅學系,逢甲大學 財稅學系,1113,陳*筠,正取,中原大學,"中原大學
財經法律學系財貿法組",其他學校錄取,4,"逢甲大學
財稅學系(正取); 中原大學
財經法律學系財貿法組(正取,分發); 東海大學
政治學系(備取); 逢甲大學
會計學系(正取)"
CAND_1294,114,fcu_tax,逢甲大學,財稅學系,逢甲大學 財稅學系,1116,康*庭,正取,國立彰化師範大學,"國立彰化師範大學
國文學系",其他學校錄取,5,"逢甲大學
財稅學系(正取); 逢甲大學
國際經營與貿易學系(正取); 國立彰化師範大學
國文學系(備取,分發); 國立嘉義大學
幼兒教育學系(正取); 國立高雄大學
東亞語文學系韓語組(備取)"
CAND_1295,114,fcu_tax,逢甲大學,財稅學系,逢甲大學 財稅學系,1122,花*諠,正取,逢甲大學,"逢甲大學
財稅學系",原校系/本校留任,5,"逢甲大學
財稅學系(正取,分發); 東吳大學
財務工程與精算數學系(備取); 東海大學
財務金融學系(備取); 淡江大學
統計與資料科學學系(正取); 逢甲大學
財務金融學系(正取)"
CAND_1296,114,fcu_tax,逢甲大學,財稅學系,逢甲大學 財稅學系,112,葵*毅,正取,輔仁大學,"輔仁大學
法律學系",其他學校錄取,5,"逢甲大學
財稅學系(正取); 東海大學
財務金融學系(正取); 逢甲大學
財務金融學系(正取); 靜宜大學
法律學系(通過); 輔仁大學
法律學系(正取,分發)"
CAND_1297,114,fcu_tax,逢甲大學,財稅學系,逢甲大學 財稅學系,1127,陳*程,正取,東吳大學,"東吳大學
財務工程與精算數學系",其他學校錄取,5,"逢甲大學
財稅學系(正取); 東吳大學
財務工程與精算數學系(備取,分發); 逢甲大學
財務金融學系(正取); 逢甲大學
金融學院學士班(備取); 國立高雄科技大學企業管理系(備取)"
CAND_1298,114,fcu_tax,逢甲大學,財稅學系,逢甲大學 財稅學系,1101,蘇*葆,正取,中原大學,"中原大學
財務金融學系",其他學校錄取,8,"逢甲大學
財稅學系(正取); 中原大學
財務金融學系(正取,分發); 淡江大學
航空太空工程學系(備取); 輔仁大學
生命科學系(備取); 國立高雄科技大學財政稅務系(通過); 國立虎尾科技大學生物科技系(通過); 嘉南藥理大學醫務管理系(通過); 元培醫事科技大學醫學影像暨放射技術系(通過)"
CAND_1299,114,fcu_tax,逢甲大學,財稅學系,逢甲大學 財稅學系,1105,*么,正取,東海大學,"東海大學
行政管理暨政策學系",其他學校錄取,4,"逢甲大學
財稅學系(正取); 中原大學
財務金融學系(正取); 東海大學
企業管理學系(正取); 東海大學
行政管理暨政策學系(正取,分發)"
CAND_1300,114,fcu_tax,逢甲大學,財稅學系,逢甲大學 財稅學系,1123,林*均,正取,逢甲大學,"逢甲大學
國際經營與貿易學系",原校系/本校留任,6,"逢甲大學
財稅學系(正取); 中原大學
國際經營與貿易學系(通過); 淡江大學
國際企業學系經貿管理組(通過); 逢甲大學
國際經營與貿易學系(正取,分發); 逢甲大學
企業管理學系(備取); 銘傳大學
企業管理學系數位經營組(臺北校區)(正取)"
CAND_1301,114,fcu_tax,逢甲大學,財稅學系,逢甲大學 財稅學系,1119,許*庭,正取,東海大學,"東海大學
財務金融學系",其他學校錄取,4,"逢甲大學
財稅學系(正取); 東海大學
國際經營與貿易學系(通過); 東海大學
財務金融學系(備取,分發); 逢甲大學
財務金融學系(備取)"
CAND_1302,114,fcu_tax,逢甲大學,財稅學系,逢甲大學 財稅學系,1128,謝*展,正取,東海大學,"東海大學
會計學系",其他學校錄取,5,"逢甲大學
財稅學系(正取); 東海大學
會計學系(正取,分發); 東海大學
財務金融學系(通過); 逢甲大學
會計學系(正取); 靜宜大學
會計學系(通過)"
CAND_1303,114,fcu_tax,逢甲大學,財稅學系,逢甲大學 財稅學系,1111,*哲,正取,逢甲大學,"逢甲大學
土地管理學系",原校系/本校留任,5,"逢甲大學
財稅學系(正取); 中原大學
會計學系(正取); 淡江大學
資訊管理學系(備取); 逢甲大學
土地管理學系(正取,分發); 元智大學
管理學院學士班(主修：國際企業管理)(正取)"
CAND_1304,114,fcu_tax,逢甲大學,財稅學系,逢甲大學 財稅學系,111,*群,正取,逢甲大學,"逢甲大學
財稅學系",原校系/本校留任,3,"逢甲大學
財稅學系(正取,分發); 中原大學
財務金融學系(備取); 逢甲大學
經濟學系(正取)"
CAND_1305,114,fcu_tax,逢甲大學,財稅學系,逢甲大學 財稅學系,111,盧*臻,正取,國立嘉義大學,"國立嘉義大學
特殊教育學系",其他學校錄取,4,"逢甲大學
財稅學系(正取); 東海大學
法律學系(正取); 逢甲大學
財務金融學系(正取); 國立嘉義大學
特殊教育學系(正取,分發)"
CAND_1306,114,fcu_tax,逢甲大學,財稅學系,逢甲大學 財稅學系,111,謝*鴻,正取,逢甲大學,"逢甲大學
國際經營與貿易學系",原校系/本校留任,6,"逢甲大學
財稅學系(正取); 中原大學
企業管理學系工商管理組(備取); 中原大學
國際經營與貿易學系(備取); 逢甲大學
國際經營與貿易學系(正取,分發); 元智大學
管理學院學士班(主修：數位行銷與人力資源)(備取); 元智大學
管理學院學士班(主修：國際企業管理)(通過)"
CAND_1307,114,fcu_tax,逢甲大學,財稅學系,逢甲大學 財稅學系,1117,徐*彤,正取,中原大學,"中原大學
財務金融學系",其他學校錄取,5,"逢甲大學
財稅學系(正取); 中原大學
財務金融學系(正取,分發); 淡江大學
財務金融學系(正取); 逢甲大學
財務金融學系(正取); 靜宜大學
財務金融學系(通過)"
CAND_1308,114,fcu_tax,逢甲大學,財稅學系,逢甲大學 財稅學系,1129,蘇*恩,正取,淡江大學,"淡江大學
會計學系",其他學校錄取,4,"逢甲大學
財稅學系(正取); 東海大學
會計學系(正取); 淡江大學
會計學系(正取,分發); 國立高雄科技大學會計資訊系(通過)"
CAND_1309,114,fcu_tax,逢甲大學,財稅學系,逢甲大學 財稅學系,1122,賴*倢,正取,逢甲大學,"逢甲大學
財稅學系",原校系/本校留任,6,"逢甲大學
財稅學系(正取,分發); 東海大學
企業管理學系(備取); 東海大學
會計學系(正取); 逢甲大學
土地管理學系(正取); 逢甲大學
金融學院學士班(備取); 朝陽科技大學企業管理系(正取)"
CAND_1310,114,fcu_tax,逢甲大學,財稅學系,逢甲大學 財稅學系,1126,嚴*蓮,正取,亞洲大學,"亞洲大學
數位媒體設計學系動漫遊戲組",其他學校錄取,6,"逢甲大學
財稅學系(正取); 東海大學
會計學系(備取); 東海大學
財務金融學系(備取); 東海大學
經濟學系(正取); 逢甲大學
財務工程與精算學士學位學程(正取); 亞洲大學
數位媒體設計學系動漫遊戲組(正取,分發)"
CAND_1311,114,fcu_tax,逢甲大學,財稅學系,逢甲大學 財稅學系,1131,張*淳,正取,逢甲大學,"逢甲大學
財稅學系",原校系/本校留任,5,"逢甲大學
財稅學系(正取,分發); 東海大學
會計學系(正取); 逢甲大學
會計學系(正取); 逢甲大學
國際經營與貿易學系(備取); 國立屏東大學
國際經營與貿易學系(備取)"
CAND_1312,114,fcu_tax,逢甲大學,財稅學系,逢甲大學 財稅學系,1121,葉*,正取,中原大學,"中原大學
會計學系",其他學校錄取,4,"逢甲大學
財稅學系(正取); 中原大學
會計學系(備取,分發); 中原大學
財務金融學系(正取); 東海大學
會計學系(通過)"
CAND_1313,114,fcu_tax,逢甲大學,財稅學系,逢甲大學 財稅學系,111,*欣,正取,逢甲大學,"逢甲大學
財稅學系",原校系/本校留任,5,"逢甲大學
財稅學系(正取,分發); 東海大學
會計學系(正取); 淡江大學
會計學系(備取); 逢甲大學
經濟學系(正取); 亞洲大學
財經法律學系(正取)"
CAND_1314,114,fcu_tax,逢甲大學,財稅學系,逢甲大學 財稅學系,1111,陳*妏,正取,逢甲大學,"逢甲大學
財稅學系",原校系/本校留任,4,"逢甲大學
財稅學系(正取,分發); 東海大學
會計學系(正取); 逢甲大學
會計學系(正取); 逢甲大學
企業管理學系(備取)"
CAND_1315,114,fcu_tax,逢甲大學,財稅學系,逢甲大學 財稅學系,1116,陳*,正取,中原大學,"中原大學
企業管理學系工商管理組",其他學校錄取,4,"逢甲大學
財稅學系(正取); 中原大學
企業管理學系工商管理組(正取,分發); 逢甲大學
行銷學系(正取); 逢甲大學
土地管理學系(正取)"
CAND_1316,114,fcu_tax,逢甲大學,財稅學系,逢甲大學 財稅學系,1121,簡*陵,正取,東海大學,"東海大學
經濟學系",其他學校錄取,4,"逢甲大學
財稅學系(正取); 東海大學
會計學系(正取); 東海大學
經濟學系(正取,分發); 逢甲大學
經濟學系(正取)"
CAND_1317,114,fcu_tax,逢甲大學,財稅學系,逢甲大學 財稅學系,1112,黄*庭,正取,東海大學,"東海大學
國際經營與貿易學系",其他學校錄取,4,"逢甲大學
財稅學系(正取); 東海大學
國際經營與貿易學系(備取,分發); 逢甲大學
國際經營與貿易學系(備取); 逢甲大學
土地管理學系(正取)"
CAND_1318,114,fcu_tax,逢甲大學,財稅學系,逢甲大學 財稅學系,1129,黄*,正取,逢甲大學,"逢甲大學
經濟學系",原校系/本校留任,4,"逢甲大學
財稅學系(正取); 東海大學
會計學系(備取); 逢甲大學
經濟學系(正取,分發); 國立高雄科技大學風險管理與保險系(通過)"
CAND_1319,114,fcu_tax,逢甲大學,財稅學系,逢甲大學 財稅學系,1115,黄*,正取,逢甲大學,"逢甲大學
財稅學系",原校系/本校留任,5,"逢甲大學
財稅學系(正取,分發); 逢甲大學
經濟學系(備取); 逢甲大學
土地管理學系(正取); 中國文化大學
法律學系(通過); 中山醫學大學
公共衛生學系(B組)(正取)"
CAND_1320,114,fcu_tax,逢甲大學,財稅學系,逢甲大學 財稅學系,1114,陳*倪,正取,逢甲大學,"逢甲大學
財稅學系",原校系/本校留任,5,"逢甲大學
財稅學系(正取,分發); 中原大學
財務金融學系(備取); 東海大學
會計學系(備取); 逢甲大學
土地管理學系(正取); 國立高雄科技大學供應鏈管理系(備取)"
CAND_1321,114,fcu_tax,逢甲大學,財稅學系,逢甲大學 財稅學系,1126,張*,正取,逢甲大學,"逢甲大學
財稅學系",原校系/本校留任,4,"逢甲大學
財稅學系(正取,分發); 逢甲大學
經濟學系(備取); 逢甲大學
土地管理學系(正取); 嘉南藥理大學化粧品應用與管理系(通過)"
CAND_1322,114,fcu_tax,逢甲大學,財稅學系,逢甲大學 財稅學系,1114,張*,正取,逢甲大學,"逢甲大學
財稅學系",原校系/本校留任,4,"逢甲大學
財稅學系(正取,分發); 東海大學
社會學系(正取); 淡江大學
會計學系(通過); 世新大學
社會心理學系(備取)"
CAND_1323,114,fcu_tax,逢甲大學,財稅學系,逢甲大學 財稅學系,1108,張*鈞,正取,逢甲大學,"逢甲大學
財稅學系",原校系/本校留任,4,"逢甲大學
財稅學系(正取,分發); 中原大學
財務金融學系(通過); 淡江大學
資訊管理學系(通過); 逢甲大學
財務金融學系(備取)"
CAND_1324,114,fcu_tax,逢甲大學,財稅學系,逢甲大學 財稅學系,1125,吳*育,正取,國立暨南國際大學,"國立暨南國際大學
教育政策與行政學系",其他學校錄取,5,"逢甲大學
財稅學系(正取); 東海大學
企業管理學系(備取); 國立暨南國際大學
經濟學系(通過); 國立暨南國際大學
教育政策與行政學系(正取,分發); 國立暨南國際大學
教育學院學士班教育科技與數位學習組(通過)"
CAND_1325,114,fcu_tax,逢甲大學,財稅學系,逢甲大學 財稅學系,1121,林*潔,正取,逢甲大學,"逢甲大學
會計學系",原校系/本校留任,4,"逢甲大學
財稅學系(正取); 中原大學
會計學系(正取); 東海大學
會計學系(備取); 逢甲大學
會計學系(備取,分發)"
CAND_1326,114,fcu_tax,逢甲大學,財稅學系,逢甲大學 財稅學系,1112,葵*晴,正取,逢甲大學,"逢甲大學
國際經營與貿易學系",原校系/本校留任,5,"逢甲大學
財稅學系(正取); 東海大學
會計學系(通過); 逢甲大學
國際經營與貿易學系(正取,分發); 中山醫學大學
醫學社會暨社會工作學系(通過); 亞洲大學
人工智慧學系(通過)"
CAND_1327,114,fcu_tax,逢甲大學,財稅學系,逢甲大學 財稅學系,1131,陳*諭,正取,逢甲大學,"逢甲大學
經濟學系",原校系/本校留任,2,"逢甲大學
財稅學系(正取); 逢甲大學
經濟學系(備取,分發)"
CAND_1328,114,fcu_tax,逢甲大學,財稅學系,逢甲大學 財稅學系,112,—,正取,逢甲大學,"逢甲大學
財稅學系",原校系/本校留任,4,"逢甲大學
財稅學系(正取,分發); 東海大學
會計學系(正取); 逢甲大學
國際經營與貿易學系(通過); 逢甲大學
土地管理學系(正取)"
CAND_1329,114,fcu_tax,逢甲大學,財稅學系,逢甲大學 財稅學系,1118,*媗,正取,逢甲大學,"逢甲大學
財稅學系",原校系/本校留任,2,"逢甲大學
財稅學系(正取,分發); 東海大學
會計學系(備取)"
CAND_1330,114,fcu_tax,逢甲大學,財稅學系,逢甲大學 財稅學系,1123,唐*均,正取,逢甲大學,"逢甲大學
國際經營與貿易學系",原校系/本校留任,3,"逢甲大學
財稅學系(正取); 中原大學
財務金融學系(正取); 逢甲大學
國際經營與貿易學系(正取,分發)"
CAND_1331,114,fcu_tax,逢甲大學,財稅學系,逢甲大學 財稅學系,1116,林*琪,正取,逢甲大學,"逢甲大學
財稅學系",原校系/本校留任,6,"逢甲大學
財稅學系(正取,分發); 東海大學
會計學系(備取); 逢甲大學
都市計畫與空間資訊學系(備取); 國立臺北護理健康大學護理系(通過); 朝陽科技大學營建工程系(通過); 德明財經科技大學財務金融系(通過)"
CAND_1332,114,fcu_tax,逢甲大學,財稅學系,逢甲大學 財稅學系,1124,林*鋆,正取,國立屏東大學,"國立屏東大學
會計學系",其他學校錄取,4,"逢甲大學
財稅學系(正取); 中原大學
會計學系(備取); 國立東華大學
經濟學系(備取); 國立屏東大學
會計學系(備取,分發)"
CAND_1333,114,fcu_tax,逢甲大學,財稅學系,逢甲大學 財稅學系,1137,邱*媗,正取,逢甲大學,"逢甲大學
財稅學系",原校系/本校留任,2,"逢甲大學
財稅學系(正取,分發); 東海大學
行政管理暨政策學系(備取)"
CAND_1334,114,fcu_tax,逢甲大學,財稅學系,逢甲大學 財稅學系,1129,張*菁,正取,逢甲大學,"逢甲大學
財稅學系",原校系/本校留任,6,"逢甲大學
財稅學系(正取,分發); 東海大學
會計學系(備取); 逢甲大學
土地管理學系(正取); 逢甲大學
風險管理與保險學系(正取); 靜宜大學
財務金融學系(備取); 國立屏東大學
財務金融學系(通過)"
CAND_1335,114,fcu_tax,逢甲大學,財稅學系,逢甲大學 財稅學系,1113,吳*,正取,逢甲大學,"逢甲大學
國際經營與貿易學系",原校系/本校留任,4,"逢甲大學
財稅學系(正取); 中原大學
財務金融學系(備取); 東海大學
會計學系(通過); 逢甲大學
國際經營與貿易學系(備取,分發)"
CAND_1336,114,fcu_tax,逢甲大學,財稅學系,逢甲大學 財稅學系,1125,侯*羽,正取,逢甲大學,"逢甲大學
財稅學系",原校系/本校留任,2,"逢甲大學
財稅學系(正取,分發); 中原大學
企業管理學系工商管理組(備取)"
CAND_1337,114,fcu_tax,逢甲大學,財稅學系,逢甲大學 財稅學系,112,—,正取,東海大學,"東海大學
行政管理暨政策學系",其他學校錄取,3,"逢甲大學
財稅學系(正取); 東海大學
行政管理暨政策學系(備取,分發); 淡江大學
公共行政學系(備取)"
CAND_1338,114,fcu_tax,逢甲大學,財稅學系,逢甲大學 財稅學系,1112,宋*輝,正取,逢甲大學,"逢甲大學
財稅學系",原校系/本校留任,2,"逢甲大學
財稅學系(正取,分發); 輔仁大學
宗教學系(通過)"
CAND_1339,114,fcu_tax,逢甲大學,財稅學系,逢甲大學 財稅學系,1101,李*,正取,逢甲大學,"逢甲大學
財稅學系",原校系/本校留任,4,"逢甲大學
財稅學系(正取,分發); 東海大學
會計學系(備取); 元智大學
管理學院學士班(主修：會計)(正取); 銘傳大學
會計學系稅務規劃組(臺北校區)(備取)"
CAND_1340,114,fcu_tax,逢甲大學,財稅學系,逢甲大學 財稅學系,1116,維*泰,正取,—,—,未分發或放棄,3,"逢甲大學
財稅學系(正取); 逢甲大學
財務金融學系(備取); 靜宜大學
法律學系(通過)"
CAND_1341,114,fcu_tax,逢甲大學,財稅學系,逢甲大學 財稅學系,1134,夏*婕,正取,逢甲大學,"逢甲大學
財稅學系",原校系/本校留任,5,"逢甲大學
財稅學系(正取,分發); 東海大學
會計學系(備取); 東海大學
統計學系(決策管理組)(通過); 東海大學
經濟學系(通過); 逢甲大學
經濟學系(備取)"
CAND_1342,114,fcu_tax,逢甲大學,財稅學系,逢甲大學 財稅學系,1125,黄*雅,正取,逢甲大學,"逢甲大學
財稅學系",原校系/本校留任,4,"逢甲大學
財稅學系(正取,分發); 中原大學
企業管理學系工商管理組(正取); 東海大學
會計學系(備取); 逢甲大學
風險管理與保險學系(正取)"
CAND_1343,114,fcu_tax,逢甲大學,財稅學系,逢甲大學 財稅學系,1127,顏*翔,正取,逢甲大學,"逢甲大學
財稅學系",原校系/本校留任,2,"逢甲大學
財稅學系(正取,分發); 逢甲大學
經濟學系(備取)"
CAND_1344,114,fcu_tax,逢甲大學,財稅學系,逢甲大學 財稅學系,1128,黄*,正取,中原大學,"中原大學
財務金融學系",其他學校錄取,4,"逢甲大學
財稅學系(正取); 中原大學
財務金融學系(備取,分發); 逢甲大學
國際經營與貿易學系(通過); 國立暨南國際大學
經濟學系(備取)"
CAND_1345,114,fcu_tax,逢甲大學,財稅學系,逢甲大學 財稅學系,1126,張*裕,正取,國立嘉義大學,"國立嘉義大學
應用歷史學系",其他學校錄取,9,"逢甲大學
財稅學系(正取); 東海大學
會計學系(備取); 東海大學
經濟學系(備取); 逢甲大學
經濟學系(備取); 國立嘉義大學
應用歷史學系(備取,分發); 國立高雄科技大學會計資訊系(備取); 南臺科技大學財務金融系(備取); 正修科技大學金融管理系(備取); 正修科技大學休閒與運動管理系(正取)"
CAND_1346,114,fcu_tax,逢甲大學,財稅學系,逢甲大學 財稅學系,1113,沈*岑,正取,逢甲大學,"逢甲大學
財稅學系",原校系/本校留任,5,"逢甲大學
財稅學系(正取,分發); 東吳大學
社會學系(備取); 中原大學
財務金融學系(備取); 東海大學
社會學系(正取); 世新大學
圖文傳播學系(正取)"
CAND_1347,114,fcu_tax,逢甲大學,財稅學系,逢甲大學 財稅學系,1111,葵*宇,正取,逢甲大學,"逢甲大學
財稅學系",原校系/本校留任,5,"逢甲大學
財稅學系(正取,分發); 東海大學
高齡健康與運動科學學士學位學程(通過); 逢甲大學
風險管理與保險學系(備取); 逢甲大學
財務工程與精算學士學位學程(備取); 亞洲大學
財務金融學系金融科技組(備取)"
CAND_1348,114,fcu_tax,逢甲大學,財稅學系,逢甲大學 財稅學系,1107,*境,正取,逢甲大學,"逢甲大學
財稅學系",原校系/本校留任,5,"逢甲大學
財稅學系(正取,分發); 逢甲大學
土地管理學系(備取); 國立高雄科技大學財政稅務系(備取); 嘉南藥理大學公共安全及消防系(通過); 長庚科技大學護理系(林口校區)(備取)"
CAND_1349,114,fcu_tax,逢甲大學,財稅學系,逢甲大學 財稅學系,1125,許*僑,正取,逢甲大學,"逢甲大學
財稅學系",原校系/本校留任,3,"逢甲大學
財稅學系(正取,分發); 逢甲大學
經濟學系(備取); 國立宜蘭大學
應用經濟與管理學系(備取)"
CAND_1350,114,fcu_tax,逢甲大學,財稅學系,逢甲大學 財稅學系,1116,林*,正取,逢甲大學,"逢甲大學
財稅學系",原校系/本校留任,7,"逢甲大學
財稅學系(正取,分發); 中原大學
企業管理學系工商管理組(備取); 逢甲大學
經濟學系(備取); 國立東華大學
社會學系(備取); 國立高雄科技大學航運技術系(通過); 嘉南藥理大學運動管理系(通過); 僑光科技大學財經法律系(通過)"
CAND_1351,114,fcu_tax,逢甲大學,財稅學系,逢甲大學 財稅學系,1128,F*齊,正取,逢甲大學,"逢甲大學
水利工程與資源保育學系",原校系/本校留任,5,"逢甲大學
財稅學系(正取); 東海大學
社會工作學系(正取); 逢甲大學
水利工程與資源保育學系(正取,分發); 逢甲大學
土地管理學系(正取); 國立屏東大學
不動產經營學系(通過)"
CAND_1352,114,fcu_tax,逢甲大學,財稅學系,逢甲大學 財稅學系,1129,張*僑,正取,逢甲大學,"逢甲大學
財稅學系",原校系/本校留任,6,"逢甲大學
財稅學系(正取,分發); 逢甲大學
土地管理學系(正取); 靜宜大學
國際企業學系(正取); 元智大學
管理學院學士班(主修：數位行銷與人力資源)(備取); 朝陽科技大學飛行與民航人員技術系(通過); 文藻外語大學西班牙語文系(通過)"
CAND_1353,114,fcu_tax,逢甲大學,財稅學系,逢甲大學 財稅學系,111,郭*臻,正取,逢甲大學,"逢甲大學
財稅學系",原校系/本校留任,1,"逢甲大學
財稅學系(正取,分發)"
CAND_1354,114,fcu_tax,逢甲大學,財稅學系,逢甲大學 財稅學系,1128,楊*儀,正取,逢甲大學,"逢甲大學
財稅學系",原校系/本校留任,10,"逢甲大學
財稅學系(正取,分發); 東海大學
會計學系(備取); 逢甲大學
經濟學系(備取); 靜宜大學
會計學系(備取); 義守大學
醫務管理學系(正取); 銘傳大學
犯罪防治學系(桃園校區)(通過); 國立高雄科技大學人力資源發展系(備取); 嘉南藥理大學醫務管理系(備取); 輔英科技大學健康事業管理系(備取); 台南應用科技大學旅館管理系(通過)"
CAND_1355,114,fcu_tax,逢甲大學,財稅學系,逢甲大學 財稅學系,1118,張*羽,正取,逢甲大學,"逢甲大學
財稅學系",原校系/本校留任,4,"逢甲大學
財稅學系(正取,分發); 國立臺灣大學
昆蟲學系(通過); 中原大學
心理學系(備取); 輔仁大學
臨床心理學系(通過)"
CAND_1356,114,fcu_tax,逢甲大學,財稅學系,逢甲大學 財稅學系,1117,*謙,備取,世新大學,"世新大學
新聞學系",其他學校錄取,3,"逢甲大學
財稅學系(備取); 元智大學
管理學院學士班(主修：國際企業管理)(正取); 世新大學
新聞學系(備取,分發)"
CAND_1357,114,fcu_tax,逢甲大學,財稅學系,逢甲大學 財稅學系,1109,簡*,備取,逢甲大學,"逢甲大學
財稅學系",原校系/本校留任,4,"逢甲大學
財稅學系(備取,分發); 中原大學
會計學系(備取); 淡江大學
應用數學與數據科學學系(通過); 國立東華大學
經濟學系(通過)"
CAND_1358,114,fcu_tax,逢甲大學,財稅學系,逢甲大學 財稅學系,1138,闕*女,備取,逢甲大學,"逢甲大學
財稅學系",原校系/本校留任,2,"逢甲大學
財稅學系(備取,分發); 逢甲大學
經濟學系(備取)"
CAND_1359,114,fcu_tax,逢甲大學,財稅學系,逢甲大學 財稅學系,1113,李*有,備取,逢甲大學,"逢甲大學
財稅學系",原校系/本校留任,1,"逢甲大學
財稅學系(備取,分發)"
CAND_1360,114,fcu_tax,逢甲大學,財稅學系,逢甲大學 財稅學系,1103,*妍,備取,逢甲大學,"逢甲大學
財稅學系",原校系/本校留任,4,"逢甲大學
財稅學系(備取,分發); 銘傳大學
會計學系會計審計組(臺北校區)(備取); 世新大學
財務金融學系(通過); 亞洲大學
會計與資訊學系(正取)"
CAND_1361,114,fcu_tax,逢甲大學,財稅學系,逢甲大學 財稅學系,1105,江*倫,備取,逢甲大學,"逢甲大學
財稅學系",原校系/本校留任,2,"逢甲大學
財稅學系(備取,分發); 國立宜蘭大學
應用經濟與管理學系(備取)"
CAND_1362,114,fcu_tax,逢甲大學,財稅學系,逢甲大學 財稅學系,1111,許*欣,備取,逢甲大學,"逢甲大學
財稅學系",原校系/本校留任,4,"逢甲大學
財稅學系(備取,分發); 東海大學
會計學系(備取); 銘傳大學
會計學系會計審計組(臺北校區)(通過); 銘傳大學
會計學系稅務規劃組(臺北校區)(通過)"
CAND_1363,114,fcu_tax,逢甲大學,財稅學系,逢甲大學 財稅學系,1137,維*金,備取,逢甲大學,"逢甲大學
財稅學系",原校系/本校留任,5,"逢甲大學
財稅學系(備取,分發); 東海大學
會計學系(備取); 逢甲大學
經濟學系(備取); 靜宜大學
財務金融學系(通過); 中信金融管理學院
財務金融學系(正取)"
CAND_1364,114,fcu_tax,逢甲大學,財稅學系,逢甲大學 財稅學系,1125,簡*,備取,逢甲大學,"逢甲大學
財稅學系",原校系/本校留任,4,"逢甲大學
財稅學系(備取,分發); 亞洲大學
食品營養與保健生技學系藥用化粧品醫美組(備取); 亞洲大學
生物資訊與醫學工程學系生醫資訊組(備取); 亞洲大學
財經法律學系(備取)"
CAND_1365,114,fcu_tax,逢甲大學,財稅學系,逢甲大學 財稅學系,1135,陳*,備取,輔仁大學,"輔仁大學
餐旅管理學系",其他學校錄取,3,"逢甲大學
財稅學系(備取); 逢甲大學
行銷學系(備取); 輔仁大學
餐旅管理學系(備取,分發)"
CAND_1366,114,fcu_tax,逢甲大學,財稅學系,逢甲大學 財稅學系,1121,陳*儀,備取,逢甲大學,"逢甲大學
財稅學系",原校系/本校留任,6,"逢甲大學
財稅學系(備取,分發); 中原大學
會計學系(備取); 東海大學
會計學系(備取); 淡江大學
會計學系(通過); 靜宜大學
會計學系(備取); 中信金融管理學院
財務金融學系(正取)"
CAND_1367,114,fcu_tax,逢甲大學,財稅學系,逢甲大學 財稅學系,1124,許*,備取,逢甲大學,"逢甲大學
風險管理與保險學系",原校系/本校留任,3,"逢甲大學
財稅學系(備取); 逢甲大學
風險管理與保險學系(備取,分發); 銘傳大學
金融學系(桃園校區)(備取)"
CAND_1368,114,fcu_tax,逢甲大學,財稅學系,逢甲大學 財稅學系,1122,陳*,備取,逢甲大學,"逢甲大學
財稅學系",原校系/本校留任,7,"逢甲大學
財稅學系(備取,分發); 東海大學
會計學系(備取); 東海大學
畜產與生物科技學系(通過); 朝陽科技大學應用化學系(正取); 南臺科技大學化學工程與材料工程系(通過); 南臺科技大學財務金融系(通過); 元培醫事科技大學醫學影像暨放射技術系(通過)"
CAND_1369,114,fcu_tax,逢甲大學,財稅學系,逢甲大學 財稅學系,1125,張*拓,備取,逢甲大學,"逢甲大學
財稅學系",原校系/本校留任,5,"逢甲大學
財稅學系(備取,分發); 中原大學
企業管理學系工商管理組(備取); 中原大學
財務金融學系(備取); 逢甲大學
國際經營與貿易學系(備取); 國立高雄科技大學企業管理系(通過)"
CAND_1370,114,fcu_tax,逢甲大學,財稅學系,逢甲大學 財稅學系,1113,黄*愷,備取,東海大學,"東海大學
社會學系",其他學校錄取,6,"逢甲大學
財稅學系(備取); 東海大學
中國文學系(備取); 東海大學
社會學系(正取,分發); 東海大學
社會工作學系(備取); 逢甲大學
經濟學系(備取); 靜宜大學
財務金融學系(備取)"
CAND_1371,114,fcu_tax,逢甲大學,財稅學系,逢甲大學 財稅學系,1124,蕭*均,備取,逢甲大學,"逢甲大學
財稅學系",原校系/本校留任,4,"逢甲大學
財稅學系(備取,分發); 中原大學
財務金融學系(備取); 東海大學
會計學系(通過); 逢甲大學
企業管理學系(備取)"
CAND_1372,114,fcu_tax,逢甲大學,財稅學系,逢甲大學 財稅學系,1125,李*,備取,逢甲大學,"逢甲大學
財稅學系",原校系/本校留任,6,"逢甲大學
財稅學系(備取,分發); 中原大學
企業管理學系高科技業管理組(備取); 淡江大學
統計與資料科學學系(備取); 逢甲大學
都市計畫與空間資訊學系(通過); 靜宜大學
財務工程學系(正取); 靜宜大學
資料科學暨大數據分析與應用學系(正取)"
CAND_1373,114,fcu_tax,逢甲大學,財稅學系,逢甲大學 財稅學系,1134,郭*媛,備取,逢甲大學,"逢甲大學
財稅學系",原校系/本校留任,2,"逢甲大學
財稅學系(備取,分發); 中信金融管理學院
財經法律學系(備取)"
CAND_1374,114,fcu_tax,逢甲大學,財稅學系,逢甲大學 財稅學系,112,*允,備取,逢甲大學,"逢甲大學
財稅學系",原校系/本校留任,9,"逢甲大學
財稅學系(備取,分發); 靜宜大學
食品營養學系(正取); 實踐大學
食品營養與保健生技學系(臺北校區)(備取); 亞洲大學
財務金融學系智能投資組(備取); 亞洲大學
財經法律學系(備取); 明新科技大學財務金融系智慧理財組(通過); 德明財經科技大學財務金融系(通過); 長庚科技大學護理系(林口校區)(通過); 致理科技大學企業管理系(通過)"
CAND_1375,114,fcu_tax,逢甲大學,財稅學系,逢甲大學 財稅學系,1115,李*,備取,中原大學,"中原大學
企業管理學系高科技業管理組",其他學校錄取,4,"逢甲大學
財稅學系(備取); 中原大學
企業管理學系高科技業管理組(備取,分發); 東海大學
餐旅管理學系(正取); 逢甲大學
都市計畫與空間資訊學系(正取)"
CAND_1376,114,fcu_tax,逢甲大學,財稅學系,逢甲大學 財稅學系,1114,翁*瑞,備取,逢甲大學,"逢甲大學
財稅學系",原校系/本校留任,4,"逢甲大學
財稅學系(備取,分發); 中原大學
財務金融學系(備取); 逢甲大學
建築專業學院學士班(通過); 國立高雄科技大學企業管理系(通過)"
CAND_1377,114,fcu_tax,逢甲大學,財稅學系,逢甲大學 財稅學系,1123,林*皓,備取,—,—,未分發或放棄,2,"逢甲大學
財稅學系(備取); 慈濟大學
公共衛生學系(正取)"
CAND_1378,114,fcu_tax,逢甲大學,財稅學系,逢甲大學 財稅學系,1114,簡*燁,備取,逢甲大學,"逢甲大學
財稅學系",原校系/本校留任,4,"逢甲大學
財稅學系(備取,分發); 中原大學
企業管理學系工商管理組(通過); 淡江大學
風險管理與保險學系(備取); 銘傳大學
企業管理學系企業管理組(臺北校區)(通過)"
CAND_1379,114,fcu_tax,逢甲大學,財稅學系,逢甲大學 財稅學系,1128,林*恩,備取,逢甲大學,"逢甲大學
財稅學系",原校系/本校留任,4,"逢甲大學
財稅學系(備取,分發); 中原大學
會計學系(備取); 逢甲大學
經濟學系(備取); 國立宜蘭大學
應用經濟與管理學系(備取)"
CAND_1380,114,fcu_tax,逢甲大學,財稅學系,逢甲大學 財稅學系,1113,魏*,備取,逢甲大學,"逢甲大學
經濟學系",原校系/本校留任,4,"逢甲大學
財稅學系(備取); 東海大學
會計學系(備取); 逢甲大學
經濟學系(備取,分發); 中山醫學大學
公共衛生學系(B組)(通過)"
CAND_1381,114,fcu_tax,逢甲大學,財稅學系,逢甲大學 財稅學系,1127,魏*女,備取,逢甲大學,"逢甲大學
經濟學系",原校系/本校留任,4,"逢甲大學
財稅學系(備取); 逢甲大學
經濟學系(備取,分發); 中信金融管理學院
科技金融學系(正取); 國立虎尾科技大學自動化工程系(通過)"
CAND_1382,114,fcu_tax,逢甲大學,財稅學系,逢甲大學 財稅學系,1121,張*心,備取,逢甲大學,"逢甲大學
財稅學系",原校系/本校留任,1,"逢甲大學
財稅學系(備取,分發)"
CAND_1383,114,fcu_tax,逢甲大學,財稅學系,逢甲大學 財稅學系,1127,—,備取,中原大學,"中原大學
企業管理學系工商管理組",其他學校錄取,5,"逢甲大學
財稅學系(備取); 中原大學
企業管理學系工商管理組(正取,分發); 逢甲大學
中國文學系(通過); 臺北市立大學
休閒運動管理學系(通過); 國立暨南國際大學
教育政策與行政學系(備取)"
CAND_1384,114,fcu_tax,逢甲大學,財稅學系,逢甲大學 財稅學系,111,謝*凱,備取,逢甲大學,"逢甲大學
財稅學系",原校系/本校留任,4,"逢甲大學
財稅學系(備取,分發); 中原大學
會計學系(通過); 逢甲大學
經濟學系(備取); 亞洲大學
會計與資訊學系(正取)"
CAND_1385,114,fcu_tax,逢甲大學,財稅學系,逢甲大學 財稅學系,1104,—,備取,逢甲大學,"逢甲大學
財稅學系",原校系/本校留任,3,"逢甲大學
財稅學系(備取,分發); 逢甲大學
經濟學系(備取); 銘傳大學
會計學系稅務規劃組(臺北校區)(備取)"
CAND_1386,114,fcu_tax,逢甲大學,財稅學系,逢甲大學 財稅學系,1127,許*慈,備取,逢甲大學,"逢甲大學
財稅學系",原校系/本校留任,4,"逢甲大學
財稅學系(備取,分發); 中山醫學大學
公共衛生學系(B組)(備取); 亞洲大學
會計與資訊學系(通過); 朝陽科技大學保險金融管理系(通過)"
CAND_1387,114,fcu_tax,逢甲大學,財稅學系,逢甲大學 財稅學系,1126,*筑,備取,逢甲大學,"逢甲大學
財稅學系",原校系/本校留任,2,"逢甲大學
財稅學系(備取,分發); 逢甲大學
都市計畫與空間資訊學系(正取)"
CAND_1388,114,fcu_tax,逢甲大學,財稅學系,逢甲大學 財稅學系,1123,林*諠,備取,逢甲大學,"逢甲大學
財稅學系",原校系/本校留任,2,"逢甲大學
財稅學系(備取,分發); 銘傳大學
會計學系稅務規劃組(臺北校區)(通過)"
CAND_1389,114,fcu_tax,逢甲大學,財稅學系,逢甲大學 財稅學系,1124,楊*丞,備取,中國文化大學,"中國文化大學
化學工程與材料工程學系",其他學校錄取,6,"逢甲大學
財稅學系(備取); 中國文化大學
化學工程與材料工程學系(備取,分發); 國立高雄科技大學海洋環境工程系(正取); 朝陽科技大學營建工程系(正取); 明新科技大學土木工程與環境資源管理系(通過); 明志科技大學環境與安全衛生工程系(通過)"
CAND_1390,114,fcu_tax,逢甲大學,財稅學系,逢甲大學 財稅學系,1124,郭*宇,備取,逢甲大學,"逢甲大學
會計學系",原校系/本校留任,3,"逢甲大學
財稅學系(備取); 逢甲大學
會計學系(備取,分發); 逢甲大學
國際經營與貿易學系(正取)"
CAND_1391,114,fcu_tax,逢甲大學,財稅學系,逢甲大學 財稅學系,1116,陳*琛,備取,逢甲大學,"逢甲大學
經濟學系",原校系/本校留任,6,"逢甲大學
財稅學系(備取); 中原大學
會計學系(通過); 逢甲大學
會計學系(備取); 逢甲大學
經濟學系(備取,分發); 銘傳大學
財務金融學系(臺北校區)(備取); 國立高雄科技大學金融資訊系(通過)"
CAND_1392,114,fcu_tax,逢甲大學,財稅學系,逢甲大學 財稅學系,1117,葉*欣,備取,逢甲大學,"逢甲大學
行銷學系",原校系/本校留任,5,"逢甲大學
財稅學系(備取); 東海大學
社會學系(通過); 逢甲大學
行銷學系(備取,分發); 國立暨南國際大學
教育政策與行政學系(備取); 國立臺中科技大學智慧生產工程系(備取)"
CAND_1393,114,fcu_tax,逢甲大學,財稅學系,逢甲大學 財稅學系,1124,黄*哈,備取,逢甲大學,"逢甲大學
財稅學系",原校系/本校留任,3,"逢甲大學
財稅學系(備取,分發); 中原大學
會計學系(備取); 逢甲大學
土地管理學系(備取)"
CAND_1394,114,fcu_tax,逢甲大學,財稅學系,逢甲大學 財稅學系,1101,陳*汝,備取,中原大學,"中原大學
會計學系",其他學校錄取,3,"逢甲大學
財稅學系(備取); 中原大學
會計學系(備取,分發); 國立宜蘭大學
應用經濟與管理學系(備取)"
CAND_1395,114,fcu_tax,逢甲大學,財稅學系,逢甲大學 財稅學系,1116,張*哲,備取,逢甲大學,"逢甲大學
財稅學系",原校系/本校留任,2,"逢甲大學
財稅學系(備取,分發); 長庚大學
工商管理學系(備取)"
CAND_1396,114,fcu_tax,逢甲大學,財稅學系,逢甲大學 財稅學系,1111,楊*任,備取,逢甲大學,"逢甲大學
財稅學系",原校系/本校留任,4,"逢甲大學
財稅學系(備取,分發); 淡江大學
統計與資料科學學系(備取); 淡江大學
管理科學學系(備取); 逢甲大學
都市計畫與空間資訊學系(備取)"
CAND_1397,114,fcu_tax,逢甲大學,財稅學系,逢甲大學 財稅學系,1129,鄭*叡,備取,銘傳大學,"銘傳大學
會計學系稅務規劃組(臺北校區)",其他學校錄取,11,"逢甲大學
財稅學系(備取); 中國文化大學
財務金融學系金融行銷組(通過); 銘傳大學
會計學系稅務規劃組(臺北校區)(正取,分發); 銘傳大學
金融學系(桃園校區)(備取); 銘傳大學
金融科技應用學系(桃園校區)(備取); 長榮大學
航運管理學系(備取); 朝陽科技大學航空運務系(備取); 嘉南藥理大學社會工作系(通過); 健行科技大學財務金融系投資理財組(通過); 德明財經科技大學會計資訊系(通過); 亞東科技大學通訊工程系(通過)"
CAND_1398,114,fcu_tax,逢甲大學,財稅學系,逢甲大學 財稅學系,1116,利*菁,備取,中原大學,"中原大學
財務金融學系",其他學校錄取,5,"逢甲大學
財稅學系(備取); 中原大學
財務金融學系(備取,分發); 東海大學
會計學系(備取); 逢甲大學
土地管理學系(正取); 銘傳大學
會計學系會計審計組(臺北校區)(通過)"
CAND_1399,114,fcu_tax,逢甲大學,財稅學系,逢甲大學 財稅學系,1125,蕭*翔,備取,逢甲大學,"逢甲大學
財稅學系",原校系/本校留任,5,"逢甲大學
財稅學系(備取,分發); 中原大學
財務金融學系(備取); 東海大學
會計學系(通過); 逢甲大學
經濟學系(備取); 逢甲大學
風險管理與保險學系(備取)"
CAND_1400,114,fcu_tax,逢甲大學,財稅學系,逢甲大學 財稅學系,1115,李*,備取,東吳大學,"東吳大學
社會學系",其他學校錄取,3,"逢甲大學
財稅學系(備取); 東吳大學
社會學系(備取,分發); 世新大學
資訊傳播學系(正取)"
CAND_1401,114,fcu_tax,逢甲大學,財稅學系,逢甲大學 財稅學系,1116,*穎,備取,逢甲大學,"逢甲大學
財稅學系",原校系/本校留任,6,"逢甲大學
財稅學系(備取,分發); 東海大學
中國文學系(備取); 東海大學
行政管理暨政策學系(備取); 逢甲大學
風險管理與保險學系(備取); 世新大學
社會心理學系(正取); 國立高雄科技大學風險管理與保險系(備取)"
CAND_1402,114,fcu_tax,逢甲大學,財稅學系,逢甲大學 財稅學系,1112,陳*任,備取,逢甲大學,"逢甲大學
財稅學系",原校系/本校留任,3,"逢甲大學
財稅學系(備取,分發); 逢甲大學
經濟學系(備取); 靜宜大學
法律學系(備取)"
CAND_1403,114,fcu_tax,逢甲大學,財稅學系,逢甲大學 財稅學系,1134,張*,備取,逢甲大學,"逢甲大學
財稅學系",原校系/本校留任,6,"逢甲大學
財稅學系(備取,分發); 逢甲大學
經濟學系(備取); 世新大學
觀光學系旅遊暨休閒事業管理組(備取); 實踐大學
金融管理學系金融商品組(高雄校區)(正取); 南臺科技大學財務金融系(通過); 明新科技大學財務金融系智慧理財組(通過)"
CAND_1404,114,fcu_tax,逢甲大學,財稅學系,逢甲大學 財稅學系,1113,李*女,備取,中原大學,"中原大學
企業管理學系服務業管理組",其他學校錄取,5,"逢甲大學
財稅學系(備取); 中原大學
企業管理學系服務業管理組(備取,分發); 東海大學
會計學系(通過); 逢甲大學
風險管理與保險學系(備取); 元智大學
管理學院學士班(主修：會計)(正取)"
CAND_1405,114,fcu_tax,逢甲大學,財稅學系,逢甲大學 財稅學系,1103,陳*佑,備取,逢甲大學,"逢甲大學
經濟學系",原校系/本校留任,3,"逢甲大學
財稅學系(備取); 東海大學
經濟學系(正取); 逢甲大學
經濟學系(正取,分發)"
CAND_1406,114,fcu_tax,逢甲大學,財稅學系,逢甲大學 財稅學系,1135,陳*雅,備取,銘傳大學,"銘傳大學
資訊應用與金融保險學系金融組(臺北校區)",其他學校錄取,3,"逢甲大學
財稅學系(備取); 中國文化大學
財務金融學系金融行銷組(正取); 銘傳大學
資訊應用與金融保險學系金融組(臺北校區)(正取,分發)"
CAND_1407,114,fcu_tax,逢甲大學,財稅學系,逢甲大學 財稅學系,1123,*牛,備取,逢甲大學,"逢甲大學
經濟學系",原校系/本校留任,4,"逢甲大學
財稅學系(備取); 逢甲大學
國際經營與貿易學系(備取); 逢甲大學
經濟學系(備取,分發); 國立聯合大學
財務金融學系(備取)"
CAND_1408,114,fcu_tax,逢甲大學,財稅學系,逢甲大學 財稅學系,1118,張*謙,備取,逢甲大學,"逢甲大學
財稅學系",原校系/本校留任,4,"逢甲大學
財稅學系(備取,分發); 逢甲大學
統計學系大數據分析與市場決策組(備取); 逢甲大學
經濟學系(備取); 亞洲大學
資訊傳播學系(備取)"
CAND_1409,114,fcu_tax,逢甲大學,財稅學系,逢甲大學 財稅學系,1129,*禕,備取,銘傳大學,"銘傳大學
會計學系稅務規劃組(臺北校區)",其他學校錄取,4,"逢甲大學
財稅學系(備取); 銘傳大學
會計學系稅務規劃組(臺北校區)(備取,分發); 銘傳大學
財金法律學系(臺北校區)(備取); 世新大學
法律學系(備取)"
CAND_1410,114,fcu_tax,逢甲大學,財稅學系,逢甲大學 財稅學系,1116,林*謙,備取,—,—,未分發或放棄,3,"逢甲大學
財稅學系(備取); 輔仁大學
圖書資訊學系(備取); 銘傳大學
資訊應用與金融保險學系金融組(臺北校區)(通過)"
CAND_1411,114,fcu_tax,逢甲大學,財稅學系,逢甲大學 財稅學系,1114,楊*祐,備取,東海大學,"東海大學
社會工作學系",其他學校錄取,7,"逢甲大學
財稅學系(備取); 東海大學
社會工作學系(備取,分發); 逢甲大學
都市計畫與空間資訊學系(備取); 中山醫學大學
醫學社會暨社會工作學系(備取); 銘傳大學
犯罪防治學系(桃園校區)(通過); 亞洲大學
心理學系工商與社會心理組(備取); 朝陽科技大學保險金融管理系(通過)"
CAND_1412,114,fcu_tax,逢甲大學,財稅學系,逢甲大學 財稅學系,1116,林*,備取,東海大學,"東海大學
會計學系",其他學校錄取,4,"逢甲大學
財稅學系(備取); 東海大學
會計學系(備取,分發); 靜宜大學
會計學系(正取); 靜宜大學
財務金融學系(備取)"
CAND_1413,114,fcu_tax,逢甲大學,財稅學系,逢甲大學 財稅學系,1116,*筑,備取,—,—,未分發或放棄,4,"逢甲大學
財稅學系(備取); 國立勤益科技大學工業工程與管理系(通過); 朝陽科技大學工業工程與管理系(通過); 元培醫事科技大學視光系(通過)"
CAND_1414,114,fcu_tax,逢甲大學,財稅學系,逢甲大學 財稅學系,1119,李*謙,備取,中原大學,"中原大學
企業管理學系高科技業管理組",其他學校錄取,5,"逢甲大學
財稅學系(備取); 中原大學
企業管理學系高科技業管理組(備取,分發); 逢甲大學
風險管理與保險學系(通過); 中國文化大學
法律學系(通過); 中國文化大學
勞動暨人力資源學系(備取)"
CAND_1415,114,fcu_tax,逢甲大學,財稅學系,逢甲大學 財稅學系,1138,—,備取,東海大學,"東海大學
中國文學系",其他學校錄取,7,"逢甲大學
財稅學系(備取); 東海大學
中國文學系(正取,分發); 國立臺灣體育運動大學
休閒運動學系(備取); 國立臺中科技大學智慧生產工程系(通過); 弘光科技大學運動休閒系(通過); 弘光科技大學餐旅管理系(通過); 建國科技大學運動健康與休閒系(通過)"
CAND_1416,114,fcu_tax,逢甲大學,財稅學系,逢甲大學 財稅學系,〇****OTT,賴*,備取,—,—,未分發或放棄,1,"逢甲大學
財稅學系(備取)"
CAND_1417,114,fcu_tax,逢甲大學,財稅學系,逢甲大學 財稅學系,1121,*銘,備取,—,—,未分發或放棄,1,"逢甲大學
財稅學系(備取)"
CAND_1418,114,fcu_tax,逢甲大學,財稅學系,逢甲大學 財稅學系,1119,*榕,備取,東海大學,"東海大學
會計學系",其他學校錄取,3,"逢甲大學
財稅學系(備取); 東海大學
會計學系(備取,分發); 中山醫學大學
醫學社會暨社會工作學系(通過)"
CAND_1419,114,fcu_tax,逢甲大學,財稅學系,逢甲大學 財稅學系,111,謝*,備取,逢甲大學,"逢甲大學
合作經濟暨社會事業經營學系",原校系/本校留任,6,"逢甲大學
財稅學系(備取); 東海大學
統計學系(巨量資料管理組)(正取); 東海大學
社會工作學系(備取); 逢甲大學
合作經濟暨社會事業經營學系(備取,分發); 亞洲大學
幼兒教育學系(通過); 國立勤益科技大學冷凍空調與能源系(正取)"
CAND_1420,114,fcu_tax,逢甲大學,財稅學系,逢甲大學 財稅學系,112,林*增,備取,—,—,未分發或放棄,3,"逢甲大學
財稅學系(備取); 東海大學
歷史學系(備取); 靜宜大學
法律學系(通過)"
CAND_1421,114,fcu_tax,逢甲大學,財稅學系,逢甲大學 財稅學系,1118,—,備取,國立東華大學,"國立東華大學
社會學系",其他學校錄取,4,"逢甲大學
財稅學系(備取); 國立東華大學
歷史學系(備取); 國立東華大學
社會學系(備取,分發); 銘傳大學
企業管理學系品牌行銷組(臺北校區)(備取)"
CAND_1422,114,fcu_tax,逢甲大學,財稅學系,逢甲大學 財稅學系,1124,林*延,備取,—,—,未分發或放棄,3,"逢甲大學
財稅學系(備取); 逢甲大學
經濟學系(備取); 靜宜大學
財務工程學系(通過)"
CAND_1423,114,fcu_tax,逢甲大學,財稅學系,逢甲大學 財稅學系,1112,許*,備取,銘傳大學,"銘傳大學
企業管理學系企業管理組(臺北校區)",其他學校錄取,4,"逢甲大學
財稅學系(備取); 銘傳大學
企業管理學系企業管理組(臺北校區)(備取,分發); 銘傳大學
會計學系會計審計組(臺北校區)(備取); 國立金門大學
企業管理學系(備取)"
CAND_1424,114,fcu_tax,逢甲大學,財稅學系,逢甲大學 財稅學系,1133,邱*竣,備取,銘傳大學,"銘傳大學
資訊應用與金融保險學系金融組(臺北校區)",其他學校錄取,3,"逢甲大學
財稅學系(備取); 銘傳大學
資訊應用與金融保險學系金融組(臺北校區)(正取,分發); 實踐大學
風險管理與保險學系(臺北校區)(備取)"
CAND_1425,114,fcu_tax,逢甲大學,財稅學系,逢甲大學 財稅學系,1123,林*瀞,備取,長庚大學,"長庚大學
工商管理學系",其他學校錄取,3,"逢甲大學
財稅學系(備取); 逢甲大學
經濟學系(備取); 長庚大學
工商管理學系(備取,分發)"
CAND_1426,114,fcu_tax,逢甲大學,財稅學系,逢甲大學 財稅學系,1121,吳*,備取,中原大學,"中原大學
財務金融學系",其他學校錄取,6,"逢甲大學
財稅學系(備取); 中原大學
企業管理學系高科技業管理組(備取); 中原大學
會計學系(通過); 中原大學
財務金融學系(備取,分發); 東海大學
會計學系(通過); 逢甲大學
土地管理學系(備取)"
CAND_1427,114,fcu_tax,逢甲大學,財稅學系,逢甲大學 財稅學系,1123,A*駿,備取,東海大學,"東海大學
經濟學系",其他學校錄取,7,"逢甲大學
財稅學系(備取); 東海大學
統計學系(決策管理組)(備取); 東海大學
經濟學系(備取,分發); 逢甲大學
經濟學系(備取); 銘傳大學
企業管理學系數位經營組(臺北校區)(通過); 明新科技大學財務金融系智慧理財組(通過); 健行科技大學財務金融系投資理財組(通過)"
CAND_1428,114,fcu_tax,逢甲大學,財稅學系,逢甲大學 財稅學系,111,黄*騰,備取,逢甲大學,"逢甲大學
經濟學系",原校系/本校留任,4,"逢甲大學
財稅學系(備取); 逢甲大學
國際經營與貿易學系(備取); 逢甲大學
經濟學系(備取,分發); 國立聯合大學
經營管理學系(正取)"
CAND_1429,114,fcu_tax,逢甲大學,財稅學系,逢甲大學 財稅學系,1111,謝*偉,備取,中華大學,"中華大學
資訊管理學系(智慧商務與資訊管理應用組)",其他學校錄取,6,"逢甲大學
財稅學系(備取); 靜宜大學
資訊管理學系(智慧商務與大數據應用組)(備取); 中華大學
資訊管理學系(智慧商務與資訊管理應用組)(正取,分發); 銘傳大學
國際企業學系跨境電商經營組(臺北校區)(備取); 朝陽科技大學保險金融管理系(通過); 致理科技大學商務科技管理系(通過)"
CAND_1430,114,fcu_tax,逢甲大學,財稅學系,逢甲大學 財稅學系,1112,張*駿,備取,逢甲大學,"逢甲大學
經濟學系",原校系/本校留任,4,"逢甲大學
財稅學系(備取); 逢甲大學
經濟學系(備取,分發); 逢甲大學
風險管理與保險學系(備取); 亞洲大學
會計與資訊學系(備取)"
CAND_1431,114,fcu_tax,逢甲大學,財稅學系,逢甲大學 財稅學系,1112,葉*,備取,中原大學,"中原大學
財務金融學系",其他學校錄取,4,"逢甲大學
財稅學系(備取); 中原大學
財務金融學系(備取,分發); 東海大學
會計學系(備取); 銘傳大學
法律學系(臺北校區)(備取)"
CAND_1432,114,fcu_tax,逢甲大學,財稅學系,逢甲大學 財稅學系,1121,*庭,備取,南華大學,"南華大學
生死學系殯葬服務組",其他學校錄取,4,"逢甲大學
財稅學系(備取); 逢甲大學
經濟學系(備取); 靜宜大學
法律學系(通過); 南華大學
生死學系殯葬服務組(正取,分發)"
CAND_1433,114,fcu_tax,逢甲大學,財稅學系,逢甲大學 財稅學系,1128,李*晉,備取,—,—,未分發或放棄,4,"逢甲大學
財稅學系(備取); 逢甲大學
水利工程與資源保育學系(備取); 靜宜大學
法律學系(通過); 靜宜大學
應用化學系(備取)"
CAND_1434,114,fcu_tax,逢甲大學,財稅學系,逢甲大學 財稅學系,112,顏*,備取,—,—,未分發或放棄,3,"逢甲大學
財稅學系(備取); 逢甲大學
經濟學系(備取); 崑山科技大學企業管理系(通過)"
CAND_1435,114,fcu_tax,逢甲大學,財稅學系,逢甲大學 財稅學系,1137,—,備取,—,—,未分發或放棄,1,"逢甲大學
財稅學系(備取)"
CAND_1436,114,fcu_tax,逢甲大學,財稅學系,逢甲大學 財稅學系,1129,林*芦,備取,亞洲大學,"亞洲大學
會計與資訊學系",其他學校錄取,8,"逢甲大學
財稅學系(備取); 銘傳大學
會計學系稅務規劃組(臺北校區)(通過); 實踐大學
風險管理與保險學系(臺北校區)(備取); 亞洲大學
會計與資訊學系(正取,分發); 國立高雄科技大學風險管理與保險系(通過); 朝陽科技大學保險金融管理系(備取); 南臺科技大學財務金融系(通過); 龍華科技大學財務金融系(通過)"
CAND_1437,114,fcu_tax,逢甲大學,財稅學系,逢甲大學 財稅學系,1135,楊*誠,備取,中原大學,"中原大學
會計學系",其他學校錄取,2,"逢甲大學
財稅學系(備取); 中原大學
會計學系(備取,分發)"
CAND_1438,114,fcu_tax,逢甲大學,財稅學系,逢甲大學 財稅學系,1105,李*木,備取,—,—,未分發或放棄,5,"逢甲大學
財稅學系(備取); 淡江大學
航空太空工程學系(備取); 國立澎湖科技大學電信工程系(通過); 朝陽科技大學飛行與民航人員技術系(通過); 弘光科技大學環境與安全衛生工程系職業安全衛生組(通過)"
CAND_1439,114,fcu_tax,逢甲大學,財稅學系,逢甲大學 財稅學系,111,賴*棋,備取,中國文化大學,"中國文化大學
土地資源學系",其他學校錄取,8,"逢甲大學
財稅學系(備取); 逢甲大學
土地管理學系(備取); 中國文化大學
土地資源學系(正取,分發); 銘傳大學
都市設計與永續發展學系都市更新與土地開發組(桃園校區)(備取); 長榮大學
土地管理與開發學系土地管理組(備取); 朝陽科技大學保險金融管理系(通過); 崑山科技大學環境工程系綠色科技與管理組(通過); 崑山科技大學房地產開發與管理系(通過)"
CAND_1440,114,fcu_tax,逢甲大學,財稅學系,逢甲大學 財稅學系,1105,*祐,備取,銘傳大學,"銘傳大學
會計學系稅務規劃組(臺北校區)",其他學校錄取,4,"逢甲大學
財稅學系(備取); 中原大學
會計學系(備取); 逢甲大學
經濟學系(備取); 銘傳大學
會計學系稅務規劃組(臺北校區)(備取,分發)"
CAND_1441,114,fcu_tax,逢甲大學,財稅學系,逢甲大學 財稅學系,1117,梁*女,備取,世新大學,"世新大學
財務金融學系",其他學校錄取,4,"逢甲大學
財稅學系(備取); 逢甲大學
經濟學系(備取); 世新大學
財務金融學系(正取,分發); 世新大學
經濟學系(備取)"
CAND_1442,114,fcu_tax,逢甲大學,財稅學系,逢甲大學 財稅學系,1109,林*,備取,—,—,未分發或放棄,2,"逢甲大學
財稅學系(備取); 靜宜大學
國際企業學系(通過)"
CAND_1443,114,fcu_tax,逢甲大學,財稅學系,逢甲大學 財稅學系,1112,*婕,備取,亞洲大學,"亞洲大學
會計與資訊學系",其他學校錄取,5,"逢甲大學
財稅學系(備取); 東海大學
會計學系(備取); 靜宜大學
會計學系(通過); 銘傳大學
會計學系會計審計組(臺北校區)(通過); 亞洲大學
會計與資訊學系(正取,分發)"
CAND_1444,114,fcu_tax,逢甲大學,財稅學系,逢甲大學 財稅學系,1113,林*,備取,—,—,未分發或放棄,2,"逢甲大學
財稅學系(備取); 亞洲大學
會計與資訊學系(通過)"
CAND_1445,114,fcu_tax,逢甲大學,財稅學系,逢甲大學 財稅學系,1103,—,備取,—,—,未分發或放棄,1,"逢甲大學
財稅學系(通過)"
CAND_1446,114,fcu_tax,逢甲大學,財稅學系,逢甲大學 財稅學系,1108,—,備取,—,—,未分發或放棄,3,"逢甲大學
財稅學系(通過); 東吳大學
社會學系(通過); 逢甲大學
土地管理學系(通過)"
CAND_1447,114,fcu_tax,逢甲大學,財稅學系,逢甲大學 財稅學系,1108,—,備取,淡江大學,"淡江大學
運輸管理學系",其他學校錄取,4,"逢甲大學
財稅學系(通過); 中原大學
會計學系(通過); 東海大學
經濟學系(通過); 淡江大學
運輸管理學系(正取,分發)"
CAND_1448,114,fcu_tax,逢甲大學,財稅學系,逢甲大學 財稅學系,1104,—,備取,輔仁大學,"輔仁大學
會計學系",其他學校錄取,5,"逢甲大學
財稅學系(通過); 東吳大學
經濟學系(正取); 東吳大學
會計學系(備取); 國立中央大學
向日葵聯合招生乙組(商管)(通過); 輔仁大學
會計學系(備取,分發)"
CAND_1449,114,fcu_tax,逢甲大學,財稅學系,逢甲大學 財稅學系,1102,吳*俊,備取,銘傳大學,"銘傳大學
國際企業學系跨境電商經營組(臺北校區)",其他學校錄取,3,"逢甲大學
財稅學系(通過); 中國文化大學
國際貿易學系(通過); 銘傳大學
國際企業學系跨境電商經營組(臺北校區)(備取,分發)"
CAND_1450,114,fcu_tax,逢甲大學,財稅學系,逢甲大學 財稅學系,1106,*翔,備取,國立宜蘭大學,"國立宜蘭大學
應用經濟與管理學系",其他學校錄取,5,"逢甲大學
財稅學系(通過); 中國文化大學
財務金融學系金融行銷組(通過); 中國文化大學
財務金融學系財務金融組(通過); 元智大學
管理學院學士班(主修：國際企業管理)(通過); 國立宜蘭大學
應用經濟與管理學系(備取,分發)"
CAND_1451,114,fcu_tax,逢甲大學,財稅學系,逢甲大學 財稅學系,1102,—,備取,—,—,未分發或放棄,3,"逢甲大學
財稅學系(通過); 東海大學
會計學系(通過); 銘傳大學
法律學系(臺北校區)(通過)"
CAND_1452,114,fcu_tax,逢甲大學,財稅學系,逢甲大學 財稅學系,1113,—,備取,—,—,未分發或放棄,2,"逢甲大學
財稅學系(通過); 實踐大學
財務金融學系(臺北校區)(通過)"
CAND_1453,114,fcu_tax,逢甲大學,財稅學系,逢甲大學 財稅學系,1116,林*,備取,銘傳大學,"銘傳大學
廣告暨策略行銷學系(臺北校區)",其他學校錄取,4,"逢甲大學
財稅學系(通過); 銘傳大學
廣告暨策略行銷學系(臺北校區)(備取,分發); 世新大學
廣播電視電影學系電視組(通過); 世新大學
口語傳播暨社群媒體學系(備取)"
CAND_1454,114,fcu_tax,逢甲大學,財稅學系,逢甲大學 財稅學系,1114,—,備取,—,—,未分發或放棄,6,"逢甲大學
財稅學系(通過); 中原大學
企業管理學系工商管理組(通過); 中原大學
財務金融學系(通過); 輔仁大學
歷史學系(通過); 元智大學
管理學院學士班(主修：數位行銷與人力資源)(通過); 國立臺北大學
歷史學系(飛鳶組)(通過)"
CAND_1455,114,fcu_tax,逢甲大學,財稅學系,逢甲大學 財稅學系,1112,—,備取,東海大學,"東海大學
會計學系",其他學校錄取,5,"逢甲大學
財稅學系(通過); 中原大學
會計學系(正取); 東海大學
會計學系(正取,分發); 東海大學
財務金融學系(備取); 東海大學
統計學系(決策管理組)(通過)"
CAND_1456,114,fcu_tax,逢甲大學,財稅學系,逢甲大學 財稅學系,111,—,備取,—,—,未分發或放棄,5,"逢甲大學
財稅學系(通過); 東海大學
企業管理學系(通過); 東海大學
會計學系(通過); 東海大學
行政管理暨政策學系(通過); 國立臺中教育大學
幼兒教育學系(通過)"
CAND_1457,114,fcu_tax,逢甲大學,財稅學系,逢甲大學 財稅學系,1114,徐*禧,備取,逢甲大學,"逢甲大學
都市計畫與空間資訊學系",原校系/本校留任,7,"逢甲大學
財稅學系(通過); 逢甲大學
都市計畫與空間資訊學系(備取,分發); 逢甲大學
土地管理學系(備取); 靜宜大學
法律學系(通過); 靜宜大學
財務金融學系(通過); 國立聯合大學
華語文學系(通過); 國立屏東科技大學農企業管理系(通過)"
CAND_1458,114,fcu_tax,逢甲大學,財稅學系,逢甲大學 財稅學系,1115,—,備取,—,—,未分發或放棄,1,"逢甲大學
財稅學系(通過)"
CAND_1459,114,fcu_tax,逢甲大學,財稅學系,逢甲大學 財稅學系,1114,—,備取,東吳大學,"東吳大學
社會學系",其他學校錄取,5,"逢甲大學
財稅學系(通過); 東吳大學
社會學系(備取,分發); 中原大學
企業管理學系工商管理組(通過); 東海大學
行政管理暨政策學系(備取); 銘傳大學
國際企業學系跨境電商經營組(臺北校區)(通過)"
CAND_1460,114,fcu_tax,逢甲大學,財稅學系,逢甲大學 財稅學系,1119,—,備取,—,—,未分發或放棄,4,"逢甲大學
財稅學系(通過); 東海大學
會計學系(通過); 東海大學
餐旅管理學系(通過); 國立嘉義大學
幼兒教育學系(通過)"
CAND_1461,114,fcu_tax,逢甲大學,財稅學系,逢甲大學 財稅學系,1122,張*,備取,東海大學,"東海大學
統計學系(決策管理組)",其他學校錄取,5,"逢甲大學
財稅學系(通過); 東海大學
統計學系(決策管理組)(正取,分發); 東海大學
經濟學系(正取); 逢甲大學
統計學系大數據分析與市場決策組(正取); 逢甲大學
經濟學系(正取)"
CAND_1462,114,fcu_tax,逢甲大學,財稅學系,逢甲大學 財稅學系,1123,—,備取,亞洲大學,"亞洲大學
心理學系工商與社會心理組",其他學校錄取,8,"逢甲大學
財稅學系(通過); 逢甲大學
合作經濟暨社會事業經營學系(通過); 亞洲大學
健康產業管理學系醫療機構管理組(通過); 亞洲大學
心理學系工商與社會心理組(正取,分發); 亞洲大學
護理學系國際護理組(備取); 國立高雄科技大學供應鏈管理系(通過); 國立勤益科技大學智慧自動化工程系(通過); 朝陽科技大學航空運務系(通過)"
CAND_1463,114,fcu_tax,逢甲大學,財稅學系,逢甲大學 財稅學系,1127,—,備取,—,—,未分發或放棄,3,"逢甲大學
財稅學系(通過); 逢甲大學
會計學系(通過); 亞洲大學
心理學系工商與社會心理組(通過)"
CAND_1464,114,fcu_tax,逢甲大學,財稅學系,逢甲大學 財稅學系,1123,陳*均,備取,國立暨南國際大學,"國立暨南國際大學
公共行政與政策學系",其他學校錄取,5,"逢甲大學
財稅學系(通過); 東海大學
會計學系(通過); 逢甲大學
經濟學系(通過); 國立暨南國際大學
公共行政與政策學系(備取,分發); 國立嘉義大學
幼兒教育學系(通過)"
CAND_1465,114,fcu_tax,逢甲大學,財稅學系,逢甲大學 財稅學系,1129,—,備取,靜宜大學,"靜宜大學
法律學系",其他學校錄取,2,"逢甲大學
財稅學系(通過); 靜宜大學
法律學系(正取,分發)"
CAND_1466,114,fcu_tax,逢甲大學,財稅學系,逢甲大學 財稅學系,112,—,備取,—,—,未分發或放棄,3,"逢甲大學
財稅學系(通過); 淡江大學
歷史學系(通過); 國立勤益科技大學冷凍空調與能源系(通過)"
CAND_1467,114,fcu_tax,逢甲大學,財稅學系,逢甲大學 財稅學系,1121,—,備取,—,—,未分發或放棄,2,"逢甲大學
財稅學系(通過); 銘傳大學
會計學系會計審計組(臺北校區)(通過)"
CAND_1468,114,fcu_tax,逢甲大學,財稅學系,逢甲大學 財稅學系,1122,鄭*,備取,國立高雄大學,"國立高雄大學
工藝與創意設計學系",其他學校錄取,6,"逢甲大學
財稅學系(通過); 國立臺灣海洋大學
海洋文創設計產業學士學位學程(備取); 國立高雄大學
工藝與創意設計學系(備取,分發); 國立雲林科技大學創意生活設計系(通過); 國立高雄科技大學文化創意產業系(備取); 國立臺北商業大學數位多媒體設計系(桃園校區)(通過)"
CAND_1469,114,fcu_tax,逢甲大學,財稅學系,逢甲大學 財稅學系,1121,—,備取,亞洲大學,"亞洲大學
護理學系智慧護理組",其他學校錄取,4,"逢甲大學
財稅學系(通過); 義守大學
醫學科學與生物科技學系醫藥組(通過); 亞洲大學
護理學系智慧護理組(正取,分發); 長庚科技大學護理系(林口校區)(通過)"
CAND_1470,114,fcu_tax,逢甲大學,財稅學系,逢甲大學 財稅學系,1124,—,備取,—,—,未分發或放棄,3,"逢甲大學
財稅學系(通過); 東海大學
會計學系(通過); 東海大學
行政管理暨政策學系(通過)"
CAND_1471,114,fcu_tax,逢甲大學,財稅學系,逢甲大學 財稅學系,112,邱*瑞,備取,逢甲大學,"逢甲大學
企業管理學系",原校系/本校留任,4,"逢甲大學
財稅學系(通過); 中原大學
企業管理學系工商管理組(通過); 中原大學
財務金融學系(通過); 逢甲大學
企業管理學系(備取,分發)"
CAND_1472,114,fcu_tax,逢甲大學,財稅學系,逢甲大學 財稅學系,1128,*瑀,備取,國立聯合大學,"國立聯合大學
經營管理學系",其他學校錄取,8,"逢甲大學
財稅學系(通過); 中原大學
企業管理學系服務業管理組(正取); 東海大學
企業管理學系(正取); 銘傳大學
企業管理學系企業管理組(臺北校區)(通過); 國立聯合大學
經營管理學系(正取,分發); 國立雲林科技大學創意生活設計系(通過); 朝陽科技大學航空運務系(通過); 長庚科技大學護理系(嘉義校區)(通過)"
CAND_1473,114,fcu_tax,逢甲大學,財稅學系,逢甲大學 財稅學系,1121,—,備取,—,—,未分發或放棄,1,"逢甲大學
財稅學系(通過)"
CAND_1474,114,fcu_tax,逢甲大學,財稅學系,逢甲大學 財稅學系,1125,—,正取,中原大學,"中原大學
財務金融學系",其他學校錄取,3,"逢甲大學
財稅學系(通過); 中原大學
財務金融學系(正取,分發); 東海大學
行政管理暨政策學系(正取)"
CAND_1475,114,fcu_tax,逢甲大學,財稅學系,逢甲大學 財稅學系,1121,維*湘,備取,東海大學,"東海大學
會計學系",其他學校錄取,5,"逢甲大學
財稅學系(通過); 中原大學
會計學系(通過); 東海大學
會計學系(正取,分發); 東海大學
行政管理暨政策學系(備取); 逢甲大學
會計學系(備取)"
CAND_1476,114,fcu_tax,逢甲大學,財稅學系,逢甲大學 財稅學系,1121,—,備取,東海大學,"東海大學
行政管理暨政策學系",其他學校錄取,4,"逢甲大學
財稅學系(通過); 東海大學
行政管理暨政策學系(正取,分發); 逢甲大學
風險管理與保險學系(通過); 國立東華大學
法律學系(通過)"
CAND_1477,114,fcu_tax,逢甲大學,財稅學系,逢甲大學 財稅學系,112,—,備取,—,—,未分發或放棄,5,"逢甲大學
財稅學系(通過); 東吳大學
經濟學系(通過); 淡江大學
經濟學系(通過); 逢甲大學
會計學系(通過); 逢甲大學
經濟學系(通過)"
CAND_1478,114,fcu_tax,逢甲大學,財稅學系,逢甲大學 財稅學系,1122,—,備取,—,—,未分發或放棄,9,"逢甲大學
財稅學系(通過); 逢甲大學
經濟學系(通過); 逢甲大學
風險管理與保險學系(通過); 嘉南藥理大學運動管理系(通過); 樹德科技大學室內設計系(通過); 樹德科技大學視覺傳達設計系(通過); 正修科技大學建築與室內設計系室內設計組(通過); 正修科技大學休閒與運動管理系(通過); 正修科技大學視覺傳達設計系(通過)"
CAND_1479,114,fcu_tax,逢甲大學,財稅學系,逢甲大學 財稅學系,1124,—,備取,—,—,未分發或放棄,3,"逢甲大學
財稅學系(通過); 逢甲大學
經濟學系(通過); 國立虎尾科技大學自動化工程系(通過)"
CAND_1480,114,fcu_tax,逢甲大學,財稅學系,逢甲大學 財稅學系,1123,—,備取,—,—,未分發或放棄,7,"逢甲大學
財稅學系(通過); 東海大學
社會工作學系(通過); 靜宜大學
社會工作與兒童少年福利學系(通過); 國立屏東大學
體育學系(通過); 國立高雄科技大學風險管理與保險系(通過); 正修科技大學休閒與運動管理系(通過); 台南應用科技大學旅館管理系(通過)"
CAND_1481,114,fcu_tax,逢甲大學,財稅學系,逢甲大學 財稅學系,1122,*佑,備取,國立屏東大學,"國立屏東大學
會計學系",其他學校錄取,4,"逢甲大學
財稅學系(通過); 國立屏東大學
會計學系(備取,分發); 亞洲大學
資訊工程學系半導體資訊組(備取); 國立虎尾科技大學自動化工程系(備取)"
CAND_1482,114,fcu_tax,逢甲大學,財稅學系,逢甲大學 財稅學系,1125,—,備取,—,—,未分發或放棄,4,"逢甲大學
財稅學系(通過); 東吳大學
社會學系(通過); 中國文化大學
心理輔導學系(通過); 亞洲大學
社會工作學系醫務與心衛社工組(通過)"
CAND_1483,114,fcu_tax,逢甲大學,財稅學系,逢甲大學 財稅學系,1136,—,備取,—,—,未分發或放棄,3,"逢甲大學
財稅學系(通過); 東海大學
政治學系(通過); 東海大學
行政管理暨政策學系(通過)"
CAND_1484,114,fcu_tax,逢甲大學,財稅學系,逢甲大學 財稅學系,1133,陳*玲,備取,靜宜大學,"靜宜大學
法律學系",其他學校錄取,4,"逢甲大學
財稅學系(通過); 逢甲大學
企業管理學系(通過); 靜宜大學
法律學系(備取,分發); 實踐大學
法律學系(臺北校區)(通過)"
CAND_1485,114,fcu_tax,逢甲大學,財稅學系,逢甲大學 財稅學系,1139,林*,備取,靜宜大學,"靜宜大學
法律學系",其他學校錄取,3,"逢甲大學
財稅學系(通過); 逢甲大學
土地管理學系(通過); 靜宜大學
法律學系(正取,分發)"
CAND_1486,114,fcu_tax,逢甲大學,財稅學系,逢甲大學 財稅學系,1131,—,備取,淡江大學,"淡江大學
風險管理與保險學系",其他學校錄取,6,"逢甲大學
財稅學系(通過); 淡江大學
國際企業學系經貿管理組(通過); 淡江大學
風險管理與保險學系(正取,分發); 逢甲大學
風險管理與保險學系(通過); 國立彰化師範大學
會計學系(通過); 銘傳大學
財務金融學系(臺北校區)(通過)"
CAND_1487,114,fcu_tax,逢甲大學,財稅學系,逢甲大學 財稅學系,1134,張*慈,備取,國立臺北大學,"國立臺北大學
法律學系財經法組",其他學校錄取,6,"逢甲大學
財稅學系(通過); 淡江大學
風險管理與保險學系(通過); 輔仁大學
財經法律學系(通過); 國立中山大學
財務管理學系(通過); 國立中正大學
財經法律學系(通過); 國立臺北大學
法律學系財經法組(備取,分發)"
CAND_1488,113,fcu_tax,逢甲大學,財稅學系,逢甲大學 財稅學系,1112,吳*珊,正取,逢甲大學,"逢甲大學
財稅學系",原校系/本校留任,3,"逢甲大學
財稅學系(正取,分發); 東吳大學
會計學系(正取); 輔仁大學
會計學系(正取)"
CAND_1489,113,fcu_tax,逢甲大學,財稅學系,逢甲大學 財稅學系,1117,黄*彤,正取,逢甲大學,"逢甲大學
財稅學系",原校系/本校留任,5,"逢甲大學
財稅學系(正取,分發); 淡江大學
財務金融學系(正取); 逢甲大學
財務金融學系(正取); 國立高雄科技大學財政稅務系(備取); 國立高雄科技大學航運管理系(通過)"
CAND_1490,113,fcu_tax,逢甲大學,財稅學系,逢甲大學 財稅學系,1117,賴*珊,正取,逢甲大學,"逢甲大學
財稅學系",原校系/本校留任,4,"逢甲大學
財稅學系(正取,分發); 中原大學
會計學系(通過); 淡江大學
會計學系(正取); 逢甲大學
會計學系(備取)"
CAND_1491,113,fcu_tax,逢甲大學,財稅學系,逢甲大學 財稅學系,1121,謝*倩,正取,逢甲大學,"逢甲大學
經濟學系",原校系/本校留任,3,"逢甲大學
財稅學系(正取); 逢甲大學
經濟學系(正取,分發); 逢甲大學
財務金融學系(備取)"
CAND_1492,113,fcu_tax,逢甲大學,財稅學系,逢甲大學 財稅學系,1113,*軒,正取,中原大學,"中原大學
會計學系",其他學校錄取,4,"逢甲大學
財稅學系(正取); 中原大學
會計學系(正取,分發); 國立東華大學
經濟學系(正取); 國立屏東大學
不動產經營學系(備取)"
CAND_1493,113,fcu_tax,逢甲大學,財稅學系,逢甲大學 財稅學系,1118,維*大,正取,逢甲大學,"逢甲大學
國際經營與貿易學系",原校系/本校留任,2,"逢甲大學
財稅學系(正取); 逢甲大學
國際經營與貿易學系(正取,分發)"
CAND_1494,113,fcu_tax,逢甲大學,財稅學系,逢甲大學 財稅學系,1114,葉*彤,正取,逢甲大學,"逢甲大學
財稅學系",原校系/本校留任,4,"逢甲大學
財稅學系(正取,分發); 東海大學
經濟學系(正取); 東海大學
行政管理暨政策學系(正取); 逢甲大學
經濟學系(正取)"
CAND_1495,113,fcu_tax,逢甲大學,財稅學系,逢甲大學 財稅學系,1119,姚*聿,正取,中山醫學大學,"中山醫學大學
公共衛生學系(B組)",其他學校錄取,3,"逢甲大學
財稅學系(正取); 東海大學
高齡健康與運動科學學士學位學程(正取); 中山醫學大學
公共衛生學系(B組)(備取,分發)"
CAND_1496,113,fcu_tax,逢甲大學,財稅學系,逢甲大學 財稅學系,1115,*日,正取,逢甲大學,"逢甲大學
財稅學系",原校系/本校留任,5,"逢甲大學
財稅學系(正取,分發); 東海大學
歷史學系(正取); 東海大學
哲學系(正取); 逢甲大學
合作經濟暨社會事業經營學系(正取); 逢甲大學
風險管理與保險學系(正取)"
CAND_1497,113,fcu_tax,逢甲大學,財稅學系,逢甲大學 財稅學系,1125,余*蓉,正取,淡江大學,"淡江大學
會計學系",其他學校錄取,5,"逢甲大學
財稅學系(正取); 中原大學
會計學系(正取); 東海大學
會計學系(正取); 淡江大學
會計學系(備取,分發); 元智大學
管理學院學士班(主修：會計)(正取)"
CAND_1498,113,fcu_tax,逢甲大學,財稅學系,逢甲大學 財稅學系,1118,周*妤,正取,逢甲大學,"逢甲大學
財稅學系",原校系/本校留任,3,"逢甲大學
財稅學系(正取,分發); 朝陽科技大學保險金融管理系(備取); 崑山科技大學企業管理系(通過)"
CAND_1499,113,fcu_tax,逢甲大學,財稅學系,逢甲大學 財稅學系,1103,陳*,正取,中原大學,"中原大學
財務金融學系",其他學校錄取,4,"逢甲大學
財稅學系(正取); 中原大學
財務金融學系(正取,分發); 東海大學
會計學系(備取); 中國文化大學
經濟學系(通過)"
CAND_1500,113,fcu_tax,逢甲大學,財稅學系,逢甲大學 財稅學系,1113,—,正取,逢甲大學,"逢甲大學
財稅學系",原校系/本校留任,1,"逢甲大學
財稅學系(正取,分發)"
CAND_1501,113,fcu_tax,逢甲大學,財稅學系,逢甲大學 財稅學系,112,黄*𤩅,正取,逢甲大學,"逢甲大學
財稅學系",原校系/本校留任,5,"逢甲大學
財稅學系(正取,分發); 東海大學
會計學系(通過); 逢甲大學
會計學系(備取); 逢甲大學
財務工程與精算學士學位學程(正取); 長榮大學
財務金融學系金融理財組(通過)"
CAND_1502,113,fcu_tax,逢甲大學,財稅學系,逢甲大學 財稅學系,1103,禹*恩,正取,東吳大學,"東吳大學
國際經營與貿易學系",其他學校錄取,6,"逢甲大學
財稅學系(正取); 東吳大學
政治學系(正取); 東吳大學
社會學系(通過); 東吳大學
國際經營與貿易學系(備取,分發); 逢甲大學
合作經濟暨社會事業經營學系(通過); 逢甲大學
財務金融學系(正取)"
CAND_1503,113,fcu_tax,逢甲大學,財稅學系,逢甲大學 財稅學系,1115,陳*女,正取,逢甲大學,"逢甲大學
土地管理學系",原校系/本校留任,4,"逢甲大學
財稅學系(正取); 中原大學
企業管理學系服務業管理組(通過); 逢甲大學
行銷學系(備取); 逢甲大學
土地管理學系(正取,分發)"
CAND_1504,113,fcu_tax,逢甲大學,財稅學系,逢甲大學 財稅學系,1115,李*揚,正取,逢甲大學,"逢甲大學
財稅學系",原校系/本校留任,8,"逢甲大學
財稅學系(正取,分發); 逢甲大學
經濟學系(正取); 銘傳大學
會計學系會計審計組(臺北校區)(備取); 中信金融管理學院
金融管理學院學士班(正取); 朝陽科技大學保險金融管理系(通過); 正修科技大學金融管理系(通過); 中國科技大學財務金融系(臺北校區)(通過); 德明財經科技大學財政稅務系(通過)"
CAND_1505,113,fcu_tax,逢甲大學,財稅學系,逢甲大學 財稅學系,1126,張*虹,正取,逢甲大學,"逢甲大學
財稅學系",原校系/本校留任,2,"逢甲大學
財稅學系(正取,分發); 中信金融管理學院
財務金融學系(通過)"
CAND_1506,113,fcu_tax,逢甲大學,財稅學系,逢甲大學 財稅學系,1126,陳*女,正取,逢甲大學,"逢甲大學
財稅學系",原校系/本校留任,1,"逢甲大學
財稅學系(正取,分發)"
CAND_1507,113,fcu_tax,逢甲大學,財稅學系,逢甲大學 財稅學系,1126,楊*,正取,逢甲大學,"逢甲大學
財稅學系",原校系/本校留任,3,"逢甲大學
財稅學系(正取,分發); 東海大學
財務金融學系(備取); 逢甲大學
風險管理與保險學系(正取)"
CAND_1508,113,fcu_tax,逢甲大學,財稅學系,逢甲大學 財稅學系,1116,林*瑜,正取,逢甲大學,"逢甲大學
財稅學系",原校系/本校留任,4,"逢甲大學
財稅學系(正取,分發); 東吳大學
社會學系(通過); 淡江大學
公共行政學系(通過); 中國文化大學
法律學系(通過)"
CAND_1509,113,fcu_tax,逢甲大學,財稅學系,逢甲大學 財稅學系,1127,林*妤,正取,逢甲大學,"逢甲大學
財稅學系",原校系/本校留任,4,"逢甲大學
財稅學系(正取,分發); 逢甲大學
風險管理與保險學系(備取); 朝陽科技大學保險金融管理系(正取); 嶺東科技大學會計資訊系(正取)"
CAND_1510,113,fcu_tax,逢甲大學,財稅學系,逢甲大學 財稅學系,1128,陳*璉,正取,逢甲大學,"逢甲大學
土地管理學系",原校系/本校留任,9,"逢甲大學
財稅學系(正取); 逢甲大學
土地管理學系(正取,分發); 亞洲大學
視光學系(通過); 國立聯合大學
財務金融學系(備取); 國立屏東科技大學水土保持系(正取); 國立臺中科技大學智慧生產工程系(通過); 嘉南藥理大學環境資源管理系(通過); 輔英科技大學物理治療系(通過); 長庚科技大學護理系(嘉義校區)(正取)"
CAND_1511,113,fcu_tax,逢甲大學,財稅學系,逢甲大學 財稅學系,1117,*熙,正取,逢甲大學,"逢甲大學
財稅學系",原校系/本校留任,6,"逢甲大學
財稅學系(正取,分發); 東海大學
會計學系(通過); 逢甲大學
統計學系大數據分析與市場決策組(備取); 靜宜大學
會計學系(備取); 國立金門大學
海洋與邊境管理學系(通過); 僑光科技大學財經法律系(通過)"
CAND_1512,113,fcu_tax,逢甲大學,財稅學系,逢甲大學 財稅學系,1111,林*佑,正取,逢甲大學,"逢甲大學
財稅學系",原校系/本校留任,4,"逢甲大學
財稅學系(正取,分發); 東海大學
化學系化學生物組(通過); 中國醫藥大學
公共衛生學院大一不分系(通過); 逢甲大學
土地管理學系(通過)"
CAND_1513,113,fcu_tax,逢甲大學,財稅學系,逢甲大學 財稅學系,1111,*頡,正取,逢甲大學,"逢甲大學
財稅學系",原校系/本校留任,4,"逢甲大學
財稅學系(正取,分發); 淡江大學
經濟學系(通過); 逢甲大學
經濟學系(通過); 逢甲大學
風險管理與保險學系(通過)"
CAND_1514,113,fcu_tax,逢甲大學,財稅學系,逢甲大學 財稅學系,111,盧*,正取,逢甲大學,"逢甲大學
財稅學系",原校系/本校留任,1,"逢甲大學
財稅學系(正取,分發)"
CAND_1515,113,fcu_tax,逢甲大學,財稅學系,逢甲大學 財稅學系,1115,—,正取,逢甲大學,"逢甲大學
財稅學系",原校系/本校留任,5,"逢甲大學
財稅學系(正取,分發); 東海大學
會計學系(備取); 東海大學
行政管理暨政策學系(正取); 逢甲大學
都市計畫與空間資訊學系(正取); 逢甲大學
土地管理學系(正取)"
CAND_1516,113,fcu_tax,逢甲大學,財稅學系,逢甲大學 財稅學系,1115,陳*,正取,逢甲大學,"逢甲大學
都市計畫與空間資訊學系",原校系/本校留任,7,"逢甲大學
財稅學系(正取); 逢甲大學
都市計畫與空間資訊學系(備取,分發); 亞洲大學
室內設計學系(正取); 朝陽科技大學建築系室內設計組(備取); 健行科技大學室內設計與管理系(通過); 萬能科技大學室內設計與營建科技系室內設計與管理組(通過); 中國科技大學室內設計系(臺北校區)(通過)"
CAND_1517,113,fcu_tax,逢甲大學,財稅學系,逢甲大學 財稅學系,1125,A*成,正取,逢甲大學,"逢甲大學
財稅學系",原校系/本校留任,2,"逢甲大學
財稅學系(正取,分發); 實踐大學
財務金融學系(臺北校區)(通過)"
CAND_1518,113,fcu_tax,逢甲大學,財稅學系,逢甲大學 財稅學系,1128,陳*婷,正取,逢甲大學,"逢甲大學
會計學系",原校系/本校留任,3,"逢甲大學
財稅學系(正取); 東海大學
會計學系(備取); 逢甲大學
會計學系(備取,分發)"
CAND_1519,113,fcu_tax,逢甲大學,財稅學系,逢甲大學 財稅學系,1127,何*儀,正取,淡江大學,"淡江大學
統計學系",其他學校錄取,3,"逢甲大學
財稅學系(正取); 東海大學
統計學系(巨量資料管理組)(正取); 淡江大學
統計學系(正取,分發)"
CAND_1520,113,fcu_tax,逢甲大學,財稅學系,逢甲大學 財稅學系,1133,*永,正取,國立暨南國際大學,"國立暨南國際大學
教育政策與行政學系",其他學校錄取,6,"逢甲大學
財稅學系(正取); 東海大學
行政管理暨政策學系(備取); 淡江大學
公共行政學系(備取); 銘傳大學
法律學系(臺北校區)(通過); 世新大學
法律學系(備取); 國立暨南國際大學
教育政策與行政學系(正取,分發)"
CAND_1521,113,fcu_tax,逢甲大學,財稅學系,逢甲大學 財稅學系,112,趙*晴,正取,逢甲大學,"逢甲大學
財稅學系",原校系/本校留任,4,"逢甲大學
財稅學系(正取,分發); 中原大學
財務金融學系(正取); 靜宜大學
會計學系(通過); 靜宜大學
財務金融學系(正取)"
CAND_1522,113,fcu_tax,逢甲大學,財稅學系,逢甲大學 財稅學系,1112,徐*,正取,逢甲大學,"逢甲大學
財稅學系",原校系/本校留任,7,"逢甲大學
財稅學系(正取,分發); 東海大學
經濟學系(通過); 逢甲大學
風險管理與保險學系(正取); 亞洲大學
財務金融學系金融科技組(正取); 亞洲大學
財經法律學系(通過); 弘光科技大學環境與安全衛生工程系職業安全衛生組(通過); 僑光科技大學財經法律系(通過)"
CAND_1523,113,fcu_tax,逢甲大學,財稅學系,逢甲大學 財稅學系,1114,周*胤,正取,逢甲大學,"逢甲大學
財稅學系",原校系/本校留任,4,"逢甲大學
財稅學系(正取,分發); 中原大學
企業管理學系工商管理組(正取); 中原大學
財務金融學系(備取); 東海大學
會計學系(備取)"
CAND_1524,113,fcu_tax,逢甲大學,財稅學系,逢甲大學 財稅學系,1122,梁*喬,正取,逢甲大學,"逢甲大學
財稅學系",原校系/本校留任,2,"逢甲大學
財稅學系(正取,分發); 國立屏東大學
不動產經營學系(備取)"
CAND_1525,113,fcu_tax,逢甲大學,財稅學系,逢甲大學 財稅學系,1115,李*容,正取,逢甲大學,"逢甲大學
財稅學系",原校系/本校留任,4,"逢甲大學
財稅學系(正取,分發); 東海大學
會計學系(備取); 逢甲大學
會計學系(正取); 逢甲大學
都市計畫與空間資訊學系(通過)"
CAND_1526,113,fcu_tax,逢甲大學,財稅學系,逢甲大學 財稅學系,113,尤*絜,正取,逢甲大學,"逢甲大學
財稅學系",原校系/本校留任,3,"逢甲大學
財稅學系(正取,分發); 淡江大學
運輸管理學系(正取); 世新大學
廣播電視電影學系電視組(備取)"
CAND_1527,113,fcu_tax,逢甲大學,財稅學系,逢甲大學 財稅學系,1134,陳*聆,正取,淡江大學,"淡江大學
會計學系",其他學校錄取,5,"逢甲大學
財稅學系(正取); 中原大學
會計學系(備取); 淡江大學
會計學系(正取,分發); 逢甲大學
都市計畫與空間資訊學系(正取); 逢甲大學
運輸與物流學系(通過)"
CAND_1528,113,fcu_tax,逢甲大學,財稅學系,逢甲大學 財稅學系,1113,李*穎,正取,中原大學,"中原大學
工業與系統工程學系工程組",其他學校錄取,6,"逢甲大學
財稅學系(正取); 中原大學
工業與系統工程學系工程組(備取,分發); 中原大學
財務金融學系(備取); 逢甲大學
工業工程與系統管理學系B組(正取); 國立東華大學
經濟學系(正取); 元智大學
管理學院學士班(主修：財務金融)(正取)"
CAND_1529,113,fcu_tax,逢甲大學,財稅學系,逢甲大學 財稅學系,1136,陳*非,正取,淡江大學,"淡江大學
會計學系",其他學校錄取,6,"逢甲大學
財稅學系(正取); 淡江大學
會計學系(正取,分發); 逢甲大學
會計學系(正取); 逢甲大學
國際經營與貿易學系(備取); 國立臺灣海洋大學
商船學系(備取); 銘傳大學
會計學系會計審計組(臺北校區)(備取)"
CAND_1530,113,fcu_tax,逢甲大學,財稅學系,逢甲大學 財稅學系,1122,林*綺,正取,逢甲大學,"逢甲大學
會計學系",原校系/本校留任,3,"逢甲大學
財稅學系(正取); 東海大學
會計學系(正取); 逢甲大學
會計學系(正取,分發)"
CAND_1531,113,fcu_tax,逢甲大學,財稅學系,逢甲大學 財稅學系,1127,張*啓,正取,逢甲大學,"逢甲大學
財稅學系",原校系/本校留任,2,"逢甲大學
財稅學系(正取,分發); 東海大學
會計學系(備取)"
CAND_1532,113,fcu_tax,逢甲大學,財稅學系,逢甲大學 財稅學系,1129,陳*女,正取,國立聯合大學,"國立聯合大學
財務金融學系",其他學校錄取,6,"逢甲大學
財稅學系(正取); 國立屏東大學
商業大數據學系(正取); 國立宜蘭大學
應用經濟與管理學系(備取); 國立聯合大學
財務金融學系(正取,分發); 國立金門大學
企業管理學系(正取); 國立高雄科技大學財政稅務系(通過)"
CAND_1533,113,fcu_tax,逢甲大學,財稅學系,逢甲大學 財稅學系,1115,*祐,正取,逢甲大學,"逢甲大學
都市計畫與空間資訊學系",原校系/本校留任,5,"逢甲大學
財稅學系(正取); 東海大學
歷史學系(備取); 逢甲大學
都市計畫與空間資訊學系(正取,分發); 逢甲大學
土地管理學系(通過); 靜宜大學
法律學系(通過)"
CAND_1534,113,fcu_tax,逢甲大學,財稅學系,逢甲大學 財稅學系,1123,葵*,正取,逢甲大學,"逢甲大學
財稅學系",原校系/本校留任,5,"逢甲大學
財稅學系(正取,分發); 中原大學
會計學系(備取); 逢甲大學
經濟學系(正取); 銘傳大學
犯罪防治學系(桃園校區)(備取); 亞洲大學
會計與資訊學系(備取)"
CAND_1535,113,fcu_tax,逢甲大學,財稅學系,逢甲大學 財稅學系,1113,—,正取,國立暨南國際大學,"國立暨南國際大學
教育政策與行政學系",其他學校錄取,3,"逢甲大學
財稅學系(正取); 逢甲大學
會計學系(正取); 國立暨南國際大學
教育政策與行政學系(備取,分發)"
CAND_1536,113,fcu_tax,逢甲大學,財稅學系,逢甲大學 財稅學系,1123,顏*尹,正取,逢甲大學,"逢甲大學
財稅學系",原校系/本校留任,6,"逢甲大學
財稅學系(正取,分發); 中原大學
企業管理學系工商管理組(備取); 中原大學
財務金融學系(備取); 世新大學
廣播電視電影學系電影組(備取); 世新大學
傳播管理學系(備取); 國立聯合大學
經營管理學系(正取)"
CAND_1537,113,fcu_tax,逢甲大學,財稅學系,逢甲大學 財稅學系,1124,黄*,正取,逢甲大學,"逢甲大學
財稅學系",原校系/本校留任,3,"逢甲大學
財稅學系(正取,分發); 逢甲大學
國際經營與貿易學系(備取); 銘傳大學
財務金融學系(臺北校區)(通過)"
CAND_1538,113,fcu_tax,逢甲大學,財稅學系,逢甲大學 財稅學系,1122,林*昕,正取,逢甲大學,"逢甲大學
國際經營與貿易學系",原校系/本校留任,3,"逢甲大學
財稅學系(正取); 東海大學
企業管理學系(備取); 逢甲大學
國際經營與貿易學系(備取,分發)"
CAND_1539,113,fcu_tax,逢甲大學,財稅學系,逢甲大學 財稅學系,1112,賴*竹,正取,逢甲大學,"逢甲大學
土地管理學系",原校系/本校留任,4,"逢甲大學
財稅學系(正取); 逢甲大學
都市計畫與空間資訊學系(備取); 逢甲大學
土地管理學系(正取,分發); 靜宜大學
法律學系(正取)"
CAND_1540,113,fcu_tax,逢甲大學,財稅學系,逢甲大學 財稅學系,1128,*昕,正取,東吳大學,"東吳大學
社會學系",其他學校錄取,3,"逢甲大學
財稅學系(正取); 東吳大學
社會學系(正取,分發); 輔仁大學
社會學系(備取)"
CAND_1541,113,fcu_tax,逢甲大學,財稅學系,逢甲大學 財稅學系,1128,郭*伶,正取,逢甲大學,"逢甲大學
財稅學系",原校系/本校留任,4,"逢甲大學
財稅學系(正取,分發); 中原大學
會計學系(備取); 東海大學
會計學系(備取); 逢甲大學
環境工程與科學學系(備取)"
CAND_1542,113,fcu_tax,逢甲大學,財稅學系,逢甲大學 財稅學系,1125,葵*圻,正取,國立臺中教育大學,"國立臺中教育大學
臺灣語文學系",其他學校錄取,5,"逢甲大學
財稅學系(正取); 中原大學
會計學系(備取); 東海大學
會計學系(正取); 逢甲大學
會計學系(備取); 國立臺中教育大學
臺灣語文學系(正取,分發)"
CAND_1543,113,fcu_tax,逢甲大學,財稅學系,逢甲大學 財稅學系,1125,謝*,正取,東海大學,"東海大學
社會學系",其他學校錄取,5,"逢甲大學
財稅學系(正取); 東海大學
政治學系(備取); 東海大學
社會學系(備取,分發); 世新大學
法律學系(備取); 國立高雄大學
工藝與創意設計學系(通過)"
CAND_1544,113,fcu_tax,逢甲大學,財稅學系,逢甲大學 財稅學系,1113,*鈞,正取,逢甲大學,"逢甲大學
財稅學系",原校系/本校留任,6,"逢甲大學
財稅學系(正取,分發); 中原大學
會計學系(備取); 逢甲大學
風險管理與保險學系(備取); 中山醫學大學
公共衛生學系(B組)(備取); 元智大學
管理學院學士班(主修：財務金融)(備取); 銘傳大學
會計學系稅務規劃組(臺北校區)(正取)"
CAND_1545,113,fcu_tax,逢甲大學,財稅學系,逢甲大學 財稅學系,1117,吳*穎,正取,逢甲大學,"逢甲大學
財稅學系",原校系/本校留任,4,"逢甲大學
財稅學系(正取,分發); 逢甲大學
土地管理學系(備取); 亞洲大學
會計與資訊學系(備取); 亞洲大學
財經法律學系(備取)"
CAND_1546,113,fcu_tax,逢甲大學,財稅學系,逢甲大學 財稅學系,1117,梁*,正取,逢甲大學,"逢甲大學
財稅學系",原校系/本校留任,2,"逢甲大學
財稅學系(正取,分發); 東海大學
會計學系(備取)"
CAND_1547,113,fcu_tax,逢甲大學,財稅學系,逢甲大學 財稅學系,1115,張*,正取,逢甲大學,"逢甲大學
財稅學系",原校系/本校留任,1,"逢甲大學
財稅學系(正取,分發)"
CAND_1548,113,fcu_tax,逢甲大學,財稅學系,逢甲大學 財稅學系,1128,顏*,正取,—,—,未分發或放棄,3,"逢甲大學
財稅學系(正取); 國立屏東大學
商業大數據學系(正取); 國立聯合大學
經營管理學系(正取)"
CAND_1549,113,fcu_tax,逢甲大學,財稅學系,逢甲大學 財稅學系,1124,葵*,備取,東海大學,"東海大學
會計學系",其他學校錄取,3,"逢甲大學
財稅學系(備取); 東海大學
會計學系(正取,分發); 淡江大學
會計學系(備取)"
CAND_1550,113,fcu_tax,逢甲大學,財稅學系,逢甲大學 財稅學系,112,方*,備取,逢甲大學,"逢甲大學
土地管理學系",原校系/本校留任,4,"逢甲大學
財稅學系(備取); 東海大學
會計學系(備取); 逢甲大學
土地管理學系(備取,分發); 靜宜大學
食品營養學系營養與保健組(備取)"
CAND_1551,113,fcu_tax,逢甲大學,財稅學系,逢甲大學 財稅學系,1122,張*智,備取,逢甲大學,"逢甲大學
財稅學系",原校系/本校留任,1,"逢甲大學
財稅學系(備取,分發)"
CAND_1552,113,fcu_tax,逢甲大學,財稅學系,逢甲大學 財稅學系,1127,林*慈,備取,逢甲大學,"逢甲大學
財稅學系",原校系/本校留任,12,"逢甲大學
財稅學系(備取,分發); 國立屏東大學
不動產經營學系(備取); 國立臺東大學
文化資源與休閒產業學系(通過); 國立臺東大學
公共與文化事務學系(通過); 國立金門大學
企業管理學系(正取); 國立金門大學
海洋與邊境管理學系(備取); 國立高雄科技大學會計資訊系(備取); 國立勤益科技大學智慧自動化工程系(通過); 嘉南藥理大學職業安全衛生系(通過); 德明財經科技大學財政稅務系(通過); 致理科技大學財務金融系(通過); 亞東科技大學醫務管理系(通過)"
CAND_1553,113,fcu_tax,逢甲大學,財稅學系,逢甲大學 財稅學系,1103,朱*,備取,逢甲大學,"逢甲大學
財稅學系",原校系/本校留任,3,"逢甲大學
財稅學系(備取,分發); 銘傳大學
會計學系會計審計組(臺北校區)(正取); 銘傳大學
財務金融學系(臺北校區)(備取)"
CAND_1554,113,fcu_tax,逢甲大學,財稅學系,逢甲大學 財稅學系,1104,謝*,備取,逢甲大學,"逢甲大學
財稅學系",原校系/本校留任,4,"逢甲大學
財稅學系(備取,分發); 逢甲大學
風險管理與保險學系(正取); 銘傳大學
財務金融學系(臺北校區)(備取); 中信金融管理學院
財務金融學系(備取)"
CAND_1555,113,fcu_tax,逢甲大學,財稅學系,逢甲大學 財稅學系,1125,連*,備取,逢甲大學,"逢甲大學
財稅學系",原校系/本校留任,2,"逢甲大學
財稅學系(備取,分發); 東海大學
財務金融學系(備取)"
CAND_1556,113,fcu_tax,逢甲大學,財稅學系,逢甲大學 財稅學系,1113,唐*宏,備取,逢甲大學,"逢甲大學
財稅學系",原校系/本校留任,2,"逢甲大學
財稅學系(備取,分發); 逢甲大學
國際經營與貿易學系(備取)"
CAND_1557,113,fcu_tax,逢甲大學,財稅學系,逢甲大學 財稅學系,1125,張*勗,備取,逢甲大學,"逢甲大學
財稅學系",原校系/本校留任,5,"逢甲大學
財稅學系(備取,分發); 東海大學
會計學系(備取); 逢甲大學
經濟學系(正取); 靜宜大學
會計學系(備取); 國立高雄科技大學會計資訊系(通過)"
CAND_1558,113,fcu_tax,逢甲大學,財稅學系,逢甲大學 財稅學系,1118,鄧*凱,備取,逢甲大學,"逢甲大學
都市計畫與空間資訊學系",原校系/本校留任,9,"逢甲大學
財稅學系(備取); 中原大學
資訊管理學系(正取); 淡江大學
教育與未來設計學系(通過); 逢甲大學
都市計畫與空間資訊學系(正取,分發); 國立雲林科技大學數位媒體設計系(備取); 國立高雄科技大學金融資訊系(通過); 國立虎尾科技大學動力機械工程系(通過); 國立勤益科技大學智慧自動化工程系(備取); 國立臺中科技大學智慧生產工程系(正取)"
CAND_1559,113,fcu_tax,逢甲大學,財稅學系,逢甲大學 財稅學系,1123,葵*庭,備取,逢甲大學,"逢甲大學
財稅學系",原校系/本校留任,2,"逢甲大學
財稅學系(備取,分發); 靜宜大學
日本語文學系(備取)"
CAND_1560,113,fcu_tax,逢甲大學,財稅學系,逢甲大學 財稅學系,1125,陳*凱,備取,國立屏東大學,"國立屏東大學
幼兒教育學系",其他學校錄取,4,"逢甲大學
財稅學系(備取); 東海大學
社會工作學系(備取); 逢甲大學
土地管理學系(正取); 國立屏東大學
幼兒教育學系(備取,分發)"
CAND_1561,113,fcu_tax,逢甲大學,財稅學系,逢甲大學 財稅學系,112,葵*廷,備取,逢甲大學,"逢甲大學
財稅學系",原校系/本校留任,1,"逢甲大學
財稅學系(備取,分發)"
CAND_1562,113,fcu_tax,逢甲大學,財稅學系,逢甲大學 財稅學系,1127,何*,備取,東海大學,"東海大學
歷史學系",其他學校錄取,3,"逢甲大學
財稅學系(備取); 東海大學
歷史學系(備取,分發); 東海大學
社會工作學系(備取)"
CAND_1563,113,fcu_tax,逢甲大學,財稅學系,逢甲大學 財稅學系,1121,張*宇,備取,逢甲大學,"逢甲大學
財稅學系",原校系/本校留任,4,"逢甲大學
財稅學系(備取,分發); 東海大學
歷史學系(通過); 亞洲大學
財務金融學系金融科技組(備取); 亞洲大學
財經法律學系(通過)"
CAND_1564,113,fcu_tax,逢甲大學,財稅學系,逢甲大學 財稅學系,1135,林*彦,備取,中國文化大學,"中國文化大學
財務金融學系數位金融組",其他學校錄取,6,"逢甲大學
財稅學系(備取); 中國文化大學
財務金融學系數位金融組(正取,分發); 實踐大學
財務金融學系(臺北校區)(備取); 國立中央大學
經濟學系(通過); 國立臺南大學
經營與管理學系(備取); 朝陽科技大學保險金融管理系(通過)"
CAND_1565,113,fcu_tax,逢甲大學,財稅學系,逢甲大學 財稅學系,1102,*女,備取,逢甲大學,"逢甲大學
財稅學系",原校系/本校留任,2,"逢甲大學
財稅學系(備取,分發); 銘傳大學
會計學系會計審計組(臺北校區)(通過)"
CAND_1566,113,fcu_tax,逢甲大學,財稅學系,逢甲大學 財稅學系,1121,邱*慈,備取,逢甲大學,"逢甲大學
國際經營與貿易學系",原校系/本校留任,3,"逢甲大學
財稅學系(備取); 東海大學
政治學系(備取); 逢甲大學
國際經營與貿易學系(備取,分發)"
CAND_1567,113,fcu_tax,逢甲大學,財稅學系,逢甲大學 財稅學系,1127,鄭*妤,備取,逢甲大學,"逢甲大學
財稅學系",原校系/本校留任,1,"逢甲大學
財稅學系(備取,分發)"
CAND_1568,113,fcu_tax,逢甲大學,財稅學系,逢甲大學 財稅學系,1131,林*妤,備取,逢甲大學,"逢甲大學
風險管理與保險學系",原校系/本校留任,3,"逢甲大學
財稅學系(備取); 逢甲大學
風險管理與保險學系(備取,分發); 義守大學
財務金融管理學系(備取)"
